buildYear,buyerGbn,cdealDay,cdealType,dealAmount,dealDay,dealMonth,dealYear,dealingGbn,estateAgentSggNm,excluUseAr,floor,houseType,jibun,landAr,mhouseNm,rgstDate,sggCd,slerGbn,umdNm
2003,개인,,,"19,000",28,3,2025,중개거래,인천 영종구,59.975,1,연립,2747-5,131.45,창보밀레시티2,25.05.19,28155,개인,운서동
2003,개인,,,"23,500",11,3,2025,중개거래,인천 영종구,59.975,3,연립,2747-5,131.45,창보밀레시티2,25.04.23,28155,개인,운서동
2003,개인,,,"26,750",16,3,2025,중개거래,인천 영종구,84.632,2,연립,2747-6,175.45,창보밀레시티1-3,,28155,개인,운서동
2017,개인,,,"26,000",11,3,2025,중개거래,인천 영종구,84.555,2,연립,2744-5,176.906,금광누리에뜰,25.05.14,28155,개인,운서동
2010,개인,,,"9,000",21,3,2025,중개거래,인천 영종구,39,2,연립,123-2,44.25,금산쉐르빌가동,25.03.27,28155,개인,운북동
2012,개인,,,"12,351",20,3,2025,직거래,,59.93,1,다세대,1363-1,80,예단포빌03동,25.05.19,28155,공공기관,운북동
2003,개인,,,"21,000",6,3,2025,중개거래,인천 영종구,59.98,2,연립,2785-11,131.11,삼안해피하우징,,28155,개인,운서동
2003,개인,,,"21,200",8,3,2025,중개거래,인천 영종구,59.975,2,연립,2747-5,131.45,창보밀레시티2,25.05.29,28155,개인,운서동
2008,개인,,,"8,500",12,3,2025,중개거래,인천 영종구,58.92,1,다세대,1249-3,68.91,백운예그리나,25.03.25,28155,개인,중산동
2012,개인,,,"12,237",17,3,2025,직거래,,59.93,1,다세대,1362-5,79.9889,예단포빌01동,25.06.12,28155,공공기관,운북동
2003,개인,,,"25,000",15,3,2025,중개거래,인천 중구,59.975,3,연립,2747-5,131.45,창보밀레시티2,25.05.08,28155,개인,운서동
2010,개인,,,"6,900",11,3,2025,중개거래,인천 영종구,42.28,3,다세대,28-1,58.5,하늘연103동,25.03.25,28155,개인,운남동
