유형,리,단지,번지,계약일,ym,전용㎡,거래가(만원),층,해제,거래유형,평당(만원)
연립다세대,보성리,라온프라이빗에듀,2405,20241022,202410,84.9828,67000,2,-,중개거래,2606.0
연립다세대,안성리,로얄포레,1508,20241230,202412,62.7619,24200,1,-,직거래,1275.0
연립다세대,안성리,로얄포레,1508,20241230,202412,62.7619,24200,2,-,직거래,1275.0
연립다세대,안성리,로얄포레,1508,20241230,202412,62.7619,24200,3,-,직거래,1275.0
연립다세대,안성리,로얄포레,1508,20241230,202412,62.7619,16200,4,-,직거래,853.0
연립다세대,안성리,로얄포레,1508,20241230,202412,64.9469,24200,1,-,직거래,1232.0
연립다세대,안성리,로얄포레,1508,20241230,202412,64.9469,24200,2,-,직거래,1232.0
연립다세대,보성리,삼정G.edu,2424,20241015,202410,59.7,29000,2,-,중개거래,1606.0
연립다세대,보성리,아트나인빌,181-12,20241122,202411,34.59,9300,3,-,중개거래,889.0
연립다세대,보성리,한신더휴,2417,20241118,202411,84.9922,65000,5,-,직거래,2528.0
연립다세대,보성리,한신더휴,2417,20241026,202410,59.7768,40000,5,24.11.05,중개거래,2212.0
연립다세대,보성리,한신더휴,2417,20241026,202410,59.7768,40000,5,-,중개거래,2212.0
연립다세대,안성리,KIS빌리지101,1985,20250509,202505,71.64,28850,1,-,직거래,1331.0
연립다세대,안성리,KIS빌리지101,1985,20250509,202505,82.63,32950,1,-,직거래,1318.0
연립다세대,안성리,KIS빌리지101,1985,20250509,202505,45.24,18800,1,-,직거래,1374.0
연립다세대,안성리,KIS빌리지101,1985,20250509,202505,71.64,30400,2,-,직거래,1403.0
연립다세대,안성리,KIS빌리지101,1985,20250509,202505,82.63,34750,2,-,직거래,1390.0
연립다세대,안성리,KIS빌리지101,1985,20250509,202505,45.24,19750,2,-,직거래,1443.0
연립다세대,안성리,KIS빌리지101,1985,20250509,202505,51.38,22250,2,-,직거래,1432.0
연립다세대,안성리,KIS빌리지101,1985,20250509,202505,71.64,30400,3,-,직거래,1403.0
연립다세대,안성리,KIS빌리지101,1985,20250509,202505,82.63,34750,3,-,직거래,1390.0
연립다세대,안성리,KIS빌리지101,1985,20250509,202505,45.24,19750,3,-,직거래,1443.0
연립다세대,안성리,KIS빌리지101,1985,20250509,202505,51.38,22250,3,-,직거래,1432.0
연립다세대,안성리,KIS빌리지101,1985,20250509,202505,71.64,30150,4,-,직거래,1391.0
연립다세대,안성리,KIS빌리지101,1985,20250509,202505,82.63,34400,4,-,직거래,1376.0
연립다세대,안성리,KIS빌리지101,1985,20250509,202505,45.24,19600,4,-,직거래,1432.0
연립다세대,안성리,KIS빌리지101,1985,20250509,202505,51.38,22050,4,-,직거래,1419.0
연립다세대,안성리,KIS빌리지102,1985-4,20250704,202507,70.13,28450,1,-,직거래,1341.0
연립다세대,안성리,KIS빌리지102,1985-4,20250704,202507,82.66,33200,1,-,직거래,1328.0
연립다세대,안성리,KIS빌리지102,1985-4,20250704,202507,70.13,29950,2,-,직거래,1412.0
연립다세대,안성리,KIS빌리지102,1985-4,20250704,202507,44.66,19650,2,-,직거래,1455.0
연립다세대,안성리,KIS빌리지102,1985-4,20250704,202507,82.66,34900,2,-,직거래,1396.0
연립다세대,안성리,KIS빌리지102,1985-4,20250704,202507,70.13,29950,3,-,직거래,1412.0
연립다세대,안성리,KIS빌리지102,1985-4,20250704,202507,44.66,19650,3,-,직거래,1455.0
연립다세대,안성리,KIS빌리지102,1985-4,20250704,202507,82.66,34900,3,-,직거래,1396.0
연립다세대,안성리,KIS빌리지102,1985-4,20250704,202507,70.13,29600,4,-,직거래,1395.0
연립다세대,안성리,KIS빌리지102,1985-4,20250704,202507,44.66,19450,4,-,직거래,1440.0
연립다세대,안성리,KIS빌리지102,1985-4,20250704,202507,82.66,34550,4,-,직거래,1382.0
연립다세대,구억리,더나인,748,20250920,202509,216.7624,248000,3,-,중개거래,3782.0
연립다세대,보성리,라온프라이빗에듀,2405,20251104,202511,84.9828,44000,3,-,중개거래,1712.0
연립다세대,보성리,라온프라이빗에듀,2405,20251029,202510,84.9828,44000,3,-,중개거래,1712.0
연립다세대,보성리,라온프라이빗에듀,2405,20251001,202510,59.9854,34900,1,-,직거래,1923.0
연립다세대,보성리,라온프라이빗에듀,2405,20250905,202509,59.9854,29000,3,-,중개거래,1598.0
연립다세대,보성리,라온프라이빗에듀,2405,20250827,202508,59.9854,29000,3,-,중개거래,1598.0
연립다세대,보성리,라온프라이빗에듀,2405,20250529,202505,59.9854,26800,2,-,중개거래,1477.0
연립다세대,보성리,라온프라이빗에듀,2405,20250513,202505,84.9828,45000,2,-,중개거래,1750.0
연립다세대,보성리,라온프라이빗에듀,2405,20250502,202505,84.9889,45000,2,-,중개거래,1750.0
연립다세대,보성리,라온프라이빗에듀,2405,20250502,202505,84.9828,50000,3,25.05.30,중개거래,1945.0
연립다세대,보성리,라온프라이빗에듀,2405,20250502,202505,84.9828,50000,3,-,중개거래,1945.0
연립다세대,보성리,라온프라이빗에듀,2405,20250429,202504,59.9854,30000,3,-,중개거래,1653.0
연립다세대,보성리,라온프라이빗에듀,2405,20250421,202504,84.9828,45000,2,-,중개거래,1750.0
연립다세대,보성리,라온프라이빗에듀,2405,20250414,202504,84.9828,45000,2,25.05.13,중개거래,1750.0
연립다세대,보성리,라온프라이빗에듀,2405,20250411,202504,84.9828,45000,3,-,중개거래,1750.0
연립다세대,보성리,라온프라이빗에듀,2405,20250320,202503,84.9828,43000,3,-,중개거래,1673.0
연립다세대,보성리,라온프라이빗에듀,2405,20250304,202503,59.9854,32000,2,-,중개거래,1764.0
연립다세대,보성리,라온프라이빗에듀,2405,20250226,202502,84.9889,45000,2,-,중개거래,1750.0
연립다세대,보성리,라온프라이빗에듀,2405,20250124,202501,59.9854,35000,4,-,직거래,1929.0
연립다세대,안성리,로얄포레,1508,20250625,202506,64.5419,21478,4,-,직거래,1100.0
연립다세대,안성리,로얄포레,1508,20250625,202506,64.9469,18922,3,-,직거래,963.0
연립다세대,구억리,리오팰리스,861-1,20251002,202510,59.887,26500,3,-,직거래,1463.0
연립다세대,구억리,브리타니구억1차,832-3,20250413,202504,84.48,33500,2,-,중개거래,1311.0
연립다세대,구억리,브리타니구억2차,832,20250221,202502,84.48,31000,1,-,중개거래,1213.0
연립다세대,보성리,빌리지더휴,2547,20251002,202510,67.69,26000,2,-,직거래,1270.0
연립다세대,보성리,삼정G.edu,2424,20251224,202512,84.87,35000,3,-,중개거래,1363.0
연립다세대,보성리,삼정G.edu,2424,20251224,202512,59.7,25800,3,-,중개거래,1429.0
연립다세대,보성리,삼정G.edu,2424,20251115,202511,84.87,65000,4,-,직거래,2532.0
연립다세대,보성리,삼정G.edu,2424,20251024,202510,84.87,49000,4,-,중개거래,1909.0
연립다세대,보성리,삼정G.edu,2424,20251021,202510,59.7,28500,4,-,중개거래,1578.0
연립다세대,보성리,삼정G.edu,2424,20250919,202509,74.43,28000,4,-,중개거래,1244.0
연립다세대,보성리,삼정G.edu,2424,20250918,202509,59.7,25000,2,-,중개거래,1384.0
연립다세대,보성리,삼정G.edu,2424,20250827,202508,84.87,40000,3,-,중개거래,1558.0
연립다세대,보성리,삼정G.edu,2424,20250807,202508,84.87,37000,2,-,중개거래,1441.0
연립다세대,보성리,삼정G.edu,2424,20250724,202507,59.7,43000,4,-,직거래,2381.0
연립다세대,보성리,삼정G.edu,2424,20250616,202506,74.43,30000,1,-,직거래,1332.0
연립다세대,보성리,삼정G.edu,2424,20250519,202505,84.87,62000,3,-,직거래,2415.0
연립다세대,보성리,삼정G.edu,2424,20250512,202505,74.43,29000,1,-,중개거래,1288.0
연립다세대,보성리,삼정G.edu,2424,20250505,202505,59.7,27000,1,-,중개거래,1495.0
연립다세대,보성리,삼정G.edu,2424,20250424,202504,59.7,27500,1,25.04.24,중개거래,1523.0
연립다세대,보성리,삼정G.edu,2424,20250424,202504,59.7,27500,1,-,중개거래,1523.0
연립다세대,보성리,삼정G.edu,2424,20250404,202504,84.87,64000,4,-,중개거래,2493.0
연립다세대,보성리,삼정G.edu,2424,20250331,202503,84.87,40000,1,-,중개거래,1558.0
연립다세대,보성리,삼정G.edu,2424,20250324,202503,74.43,36000,3,-,직거래,1599.0
연립다세대,보성리,삼정G.edu,2424,20250307,202503,74.43,40000,4,25.06.27,중개거래,1777.0
연립다세대,보성리,삼정G.edu,2424,20250225,202502,84.87,53000,3,-,중개거래,2064.0
연립다세대,보성리,삼정G.edu,2424,20250113,202501,59.7,30000,3,-,중개거래,1661.0
연립다세대,보성리,아트라인빌Ⅱ,175-6,20250626,202506,25.53,4500,2,-,중개거래,583.0
연립다세대,보성리,에듀골드힐더클래식,2548,20251103,202511,26.1521,7500,4,-,중개거래,948.0
연립다세대,보성리,에듀골드힐더클래식,2548,20251103,202511,26.1521,7500,4,25.11.13,중개거래,948.0
연립다세대,보성리,에듀골드힐더클래식,2548,20250830,202508,26.1521,6300,3,-,직거래,796.0
연립다세대,보성리,제주에듀골드힐,441,20251121,202511,22.7868,7000,3,-,중개거래,1016.0
연립다세대,보성리,제주에듀골드힐,441,20250602,202506,42.8314,13000,3,-,중개거래,1003.0
연립다세대,보성리,제주영어교육도시꿈에그린,2509,20251215,202512,130.8519,75000,3,-,직거래,1895.0
연립다세대,보성리,제주영어교육도시꿈에그린,2509,20251212,202512,130.8519,79000,1,-,직거래,1996.0
연립다세대,보성리,제주영어교육도시꿈에그린,2509,20250901,202509,130.8519,75000,4,-,직거래,1895.0
연립다세대,보성리,제주영어교육도시꿈에그린,2509,20250531,202505,130.8519,86000,5,-,직거래,2173.0
연립다세대,보성리,제주영어교육도시꿈에그린,2509,20250520,202505,153.8337,140000,4,-,직거래,3009.0
연립다세대,구억리,캐논스빌리지I,1062,20250704,202507,55.01,22000,3,-,직거래,1322.0
연립다세대,구억리,캐논스빌리지I,1062,20250220,202502,84.82,24000,1,-,직거래,935.0
연립다세대,구억리,캐논스빌리지I,1062,20250220,202502,84.82,22200,3,-,직거래,865.0
연립다세대,구억리,캐논스빌리지I,1062,20250220,202502,84.82,21800,1,-,직거래,850.0
연립다세대,구억리,캐논스빌리지I,1062,20250220,202502,84.82,23700,2,-,직거래,924.0
연립다세대,구억리,캐논스빌리지Ⅱ,1058,20250220,202502,63.556,18700,2,-,직거래,973.0
연립다세대,구억리,캐논스빌리지Ⅱ,1058,20250220,202502,63.556,17400,3,-,직거래,905.0
연립다세대,보성리,한돌빌라,479,20250731,202507,84.3125,25500,3,-,중개거래,1000.0
연립다세대,보성리,한신더휴,2417,20251226,202512,59.7768,46600,5,-,직거래,2577.0
연립다세대,보성리,한신더휴,2417,20251027,202510,84.9922,65000,5,-,중개거래,2528.0
연립다세대,보성리,한신더휴,2417,20250924,202509,84.9922,80000,5,-,중개거래,3112.0
연립다세대,보성리,한신더휴,2417,20250501,202505,59.7768,49000,5,-,중개거래,2710.0
연립다세대,보성리,한신더휴,2417,20250311,202503,84.9922,74000,4,-,중개거래,2878.0
연립다세대,보성리,한신더휴,2417,20250228,202502,59.7768,42000,2,-,중개거래,2323.0
연립다세대,보성리,한신더휴,2417,20250204,202502,84.9922,56500,4,-,중개거래,2198.0
연립다세대,구억리,해동그린앤골드,1115,20251113,202511,84.9355,40000,3,-,중개거래,1557.0
연립다세대,구억리,해동그린앤골드,1115,20251103,202511,76.5996,40000,3,-,중개거래,1726.0
연립다세대,구억리,해동그린앤골드,1115,20250911,202509,84.9355,44000,3,25.11.13,중개거래,1713.0
연립다세대,구억리,해동그린앤골드,1115,20250906,202509,76.5996,50000,3,-,직거래,2158.0
연립다세대,구억리,해동그린앤골드,1115,20250718,202507,84.9355,59500,3,-,직거래,2316.0
연립다세대,구억리,해동그린앤골드,1115,20250616,202506,84.9355,31500,2,-,직거래,1226.0
연립다세대,구억리,해동그린앤골드,1115,20250331,202503,84.9355,70000,5,-,직거래,2724.0
연립다세대,구억리,해동그린앤골드,1115,20250225,202502,84.9355,61000,2,-,직거래,2374.0
연립다세대,구억리,휴온아델리브더테라스,865,20251128,202511,99.0887,112000,3,26.01.29,직거래,3737.0
연립다세대,구억리,그린빌1차,300,20260416,202604,76.275,19016,2,-,직거래,824.0
연립다세대,구억리,그린빌1차,300,20260416,202604,55.345,13778,2,-,직거래,823.0
연립다세대,구억리,그린빌1차,300,20260416,202604,46.92,11615,3,-,직거래,818.0
연립다세대,구억리,그린빌1차,300,20260416,202604,27.0,7151,3,-,직거래,876.0
연립다세대,구억리,그린빌1차,300,20260416,202604,29.155,7686,3,-,직거래,871.0
연립다세대,구억리,그린빌1차,300,20260416,202604,46.92,11615,4,-,직거래,818.0
연립다세대,구억리,그린빌1차,300,20260416,202604,27.0,7151,4,-,직거래,876.0
연립다세대,구억리,그린빌1차,300,20260416,202604,29.155,7686,4,-,직거래,871.0
연립다세대,보성리,대경엘리시아3차,421,20260212,202602,99.0,23523,1,-,중개거래,785.0
연립다세대,안성리,더뷰3동,2030-30,20260611,202606,33.1706,5300,2,-,중개거래,528.0
연립다세대,보성리,라온프라이빗에듀,2405,20260910,202609,59.9854,17000,1,-,중개거래,937.0
연립다세대,보성리,라온프라이빗에듀,2405,20260827,202608,84.9828,37000,1,-,중개거래,1439.0
연립다세대,보성리,라온프라이빗에듀,2405,20260725,202607,59.9977,33000,2,-,중개거래,1818.0
연립다세대,보성리,라온프라이빗에듀,2405,20260601,202606,59.9854,26500,4,-,중개거래,1460.0
연립다세대,보성리,라온프라이빗에듀,2405,20260428,202604,59.9854,23500,3,-,중개거래,1295.0
연립다세대,보성리,라온프라이빗에듀,2405,20260322,202603,59.9854,24000,2,-,중개거래,1323.0
연립다세대,보성리,라온프라이빗에듀,2405,20260225,202602,59.9854,23500,2,26.05.08,중개거래,1295.0
연립다세대,보성리,라온프라이빗에듀,2405,20260225,202602,59.9854,23500,2,26.04.28,중개거래,1295.0
연립다세대,보성리,라온프라이빗에듀,2405,20260123,202601,59.9854,30000,2,-,직거래,1653.0
연립다세대,안성리,로얄포레,1508,20260702,202607,62.7639,14500,3,-,직거래,764.0
연립다세대,구억리,리오팰리스,861-1,20260918,202609,59.887,16000,1,-,중개거래,883.0
연립다세대,보성리,보성리라임힐,2549,20260722,202607,98.3953,50000,2,-,직거래,1680.0
연립다세대,보성리,보성리라임힐,2549,20260506,202605,97.8153,51000,3,-,중개거래,1724.0
연립다세대,구억리,브리타니구억1차,832-3,20260212,202602,84.48,30500,2,-,직거래,1193.0
연립다세대,보성리,삼정G.edu,2424,20260909,202609,59.7,21500,3,-,중개거래,1191.0
연립다세대,보성리,삼정G.edu,2424,20260811,202608,84.87,48000,3,-,중개거래,1870.0
연립다세대,보성리,삼정G.edu,2424,20260727,202607,59.7,21500,2,-,중개거래,1191.0
연립다세대,보성리,삼정G.edu,2424,20260706,202607,59.7,22300,2,26.07.14,중개거래,1235.0
연립다세대,보성리,삼정G.edu,2424,20260624,202606,74.43,34000,4,-,중개거래,1510.0
연립다세대,보성리,삼정G.edu,2424,20260615,202606,84.87,33000,1,-,중개거래,1285.0
연립다세대,보성리,삼정G.edu,2424,20260615,202606,84.87,33000,1,26.06.15,중개거래,1285.0
연립다세대,보성리,삼정G.edu,2424,20260601,202606,74.43,27700,2,-,중개거래,1230.0
연립다세대,보성리,삼정G.edu,2424,20260520,202605,59.7,22000,1,-,중개거래,1218.0
연립다세대,보성리,삼정G.edu,2424,20260430,202604,74.43,26000,3,-,중개거래,1155.0
연립다세대,보성리,삼정G.edu,2424,20260425,202604,84.87,40000,4,-,중개거래,1558.0
연립다세대,보성리,삼정G.edu,2424,20260414,202604,59.7,22000,3,-,중개거래,1218.0
연립다세대,보성리,삼정G.edu,2424,20260326,202603,74.43,34000,3,-,중개거래,1510.0
연립다세대,보성리,삼정G.edu,2424,20260326,202603,74.43,28000,4,-,중개거래,1244.0
연립다세대,보성리,삼정G.edu,2424,20260317,202603,59.7,22000,3,-,중개거래,1218.0
연립다세대,보성리,삼정G.edu,2424,20260316,202603,59.7,25200,4,-,중개거래,1395.0
연립다세대,보성리,삼정G.edu,2424,20260316,202603,74.43,27500,1,-,중개거래,1221.0
연립다세대,보성리,삼정G.edu,2424,20260305,202603,84.87,60000,4,-,직거래,2337.0
연립다세대,보성리,삼정G.edu,2424,20260205,202602,84.87,65000,4,-,직거래,2532.0
연립다세대,보성리,삼정G.edu,2424,20260127,202601,84.87,36000,1,-,중개거래,1402.0
연립다세대,보성리,에듀골드힐더클래식,2548,20260205,202602,26.1521,6500,3,-,중개거래,822.0
연립다세대,보성리,에듀골드힐더클래식,2548,20260205,202602,26.1521,6500,3,26.02.09,중개거래,822.0
연립다세대,보성리,제주에듀골드힐,441,20260523,202605,22.7868,6050,2,-,중개거래,878.0
연립다세대,보성리,제주에듀골드힐,441,20260413,202604,22.7868,7200,3,-,중개거래,1045.0
연립다세대,보성리,제주에듀골드힐,441,20260327,202603,22.7868,6400,1,-,직거래,928.0
연립다세대,보성리,제주에듀골드힐,441,20260320,202603,46.7484,15000,1,-,직거래,1061.0
연립다세대,보성리,제주에듀골드힐,441,20260208,202602,42.8314,16000,2,-,직거래,1235.0
연립다세대,보성리,제주영어교육도시꿈에그린,2509,20260608,202606,130.8519,75000,4,-,직거래,1895.0
연립다세대,보성리,제주영어교육도시꿈에그린,2509,20260515,202605,130.8519,79000,2,-,직거래,1996.0
연립다세대,보성리,제주영어교육도시꿈에그린,2509,20260312,202603,130.7176,79000,4,-,직거래,1998.0
연립다세대,보성리,제주영어교육도시꿈에그린,2509,20260114,202601,130.8519,73100,2,-,직거래,1847.0
연립다세대,구억리,제주푸르지오더퍼스트,1187,20260512,202605,84.9623,59900,3,-,중개거래,2331.0
연립다세대,구억리,캐논스빌리지I,1062,20260403,202604,84.82,35000,1,-,중개거래,1364.0
연립다세대,구억리,캐논스빌리지Ⅱ,1058,20260913,202609,63.556,23000,1,-,직거래,1196.0
연립다세대,구억리,캐논스빌리지Ⅱ,1058,20260810,202608,63.556,15200,2,-,중개거래,791.0
연립다세대,보성리,한신더휴,2417,20260918,202609,59.7768,38000,3,-,중개거래,2101.0
연립다세대,보성리,한신더휴,2417,20260424,202604,84.9922,53000,5,-,중개거래,2061.0
연립다세대,보성리,한신더휴,2417,20260415,202604,84.9922,53000,5,26.04.23,중개거래,2061.0
연립다세대,구억리,해동그린앤골드,1115,20260822,202608,84.9355,58000,1,-,중개거래,2257.0
연립다세대,구억리,해동그린앤골드,1115,20260526,202605,76.5996,39000,4,26.06.01,직거래,1683.0
연립다세대,구억리,해동그린앤골드,1115,20260526,202605,76.5996,52250,4,-,직거래,2255.0
연립다세대,구억리,해동그린앤골드,1115,20260416,202604,76.5996,55000,4,-,직거래,2374.0
연립다세대,구억리,해동그린앤골드,1115,20260127,202601,84.9355,50000,4,-,중개거래,1946.0
연립다세대,구억리,휴온아델리브더테라스,865,20260403,202604,99.0887,112000,3,-,직거래,3737.0
연립다세대,구억리,휴온아델리브더테라스,865,20260325,202603,99.095,80000,1,-,직거래,2669.0
