ym,거래량,평균가(만원),중위가(만원),평균㎡당(만원),중위㎡당(만원),평균평당(만원),중위평당(만원),직거래비중(%),해제건수
202410,299,132372.0,125000.0,1552.3,1479.4,5131.0,4891.0,4.7,11
202411,259,136724.0,134000.0,1567.2,1507.9,5181.0,4985.0,4.6,18
202412,213,128676.0,121000.0,1533.2,1484.0,5069.0,4906.0,2.3,14
202501,211,127864.0,125000.0,1518.6,1505.9,5020.0,4978.0,1.9,19
202502,428,130820.0,123375.0,1565.3,1553.1,5175.0,5134.0,2.3,69
202503,697,134598.0,126500.0,1646.7,1631.2,5444.0,5392.0,2.7,107
202504,477,134902.0,130000.0,1620.6,1600.9,5357.0,5292.0,3.1,67
202505,782,135199.0,135150.0,1662.6,1656.6,5496.0,5477.0,1.8,116
202506,1274,139876.0,136500.0,1678.6,1666.5,5549.0,5509.0,1.5,158
202507,226,128184.0,120000.0,1644.9,1608.5,5438.0,5317.0,4.9,25
202508,336,129146.0,127750.0,1720.9,1717.3,5689.0,5677.0,2.4,32
202509,1024,140993.0,133500.0,1792.5,1788.4,5926.0,5912.0,1.4,75
202510,626,154549.0,149750.0,1872.4,1880.1,6190.0,6215.0,4.0,47
202511,87,138829.0,140000.0,1868.7,1882.9,6177.0,6225.0,1.1,4
202512,263,150530.0,149500.0,1876.8,1823.6,6204.0,6028.0,3.4,16
202601,358,151972.0,145000.0,2071.1,2051.3,6847.0,6781.0,0.8,10
202602,274,159001.0,149250.0,2134.6,2108.1,7056.0,6969.0,2.6,9
202603,239,152145.0,142000.0,2249.4,2294.4,7436.0,7585.0,4.2,6
202604,517,155055.0,145000.0,2191.6,2212.5,7245.0,7314.0,4.8,20
202605,518,158312.0,152000.0,2110.3,2103.9,6976.0,6955.0,3.9,12
202606,454,163733.0,159250.0,2187.9,2186.5,7233.0,7228.0,1.8,5
202607,462,161109.0,150000.0,2311.7,2285.5,7642.0,7555.0,0.9,8
202608,160,164892.0,157000.0,2278.6,2180.4,7532.0,7208.0,1.9,2
202609,139,171539.0,165000.0,2181.4,2110.7,7211.0,6978.0,2.2,0
202610,10,122930.0,119000.0,2636.3,2808.7,8715.0,9285.0,0.0,0
