계약일,읍면동,단지,전용㎡,층,거래가(만원),평당(만원),거래유형,직전최고가,상승률(%)
2026-08-22,야탑동,SK-VIEW,84.944,10,98000,3814,중개거래,94500,3.7
2026-08-03,백현동,THESHARP판교퍼스트파크,84.953,4,168000,6537,중개거래,160000,5.0
2026-09-09,구미동,까치마을(1단지)(대우롯데선경),51.32,9,146800,9456,중개거래,136000,7.9
2026-07-01,구미동,까치마을(1단지)(대우롯데선경),84.79,18,191000,7447,중개거래,187000,2.1
2026-09-08,구미동,까치마을(1단지)(대우롯데선경),84.79,18,200000,7798,중개거래,191000,4.7
2026-07-08,구미동,까치마을(2단지)(주공),49.36,7,135670,9086,중개거래,129500,4.8
2026-07-17,구미동,까치마을(3단지)(신원),59.9,12,165000,9106,중개거래,149000,10.7
2026-09-14,구미동,까치마을(3단지)(신원),130.83,12,222000,5609,중개거래,220000,0.9
2026-08-11,구미동,까치마을(4단지)(롯데),51.32,8,149900,9656,중개거래,138000,8.6
2026-08-10,구미동,까치마을(4단지)(롯데),70.66,11,179000,8374,중개거래,174000,2.9
2026-07-03,구미동,까치마을(4단지)(롯데),84.79,15,193000,7525,중개거래,188500,2.4
2026-10-03,구미동,까치마을(4단지)(선경),51.32,2,147900,9527,중개거래,138000,7.2
2026-09-28,구미동,까치마을(4단지)(선경),84.79,4,195000,7603,중개거래,193500,0.8
2026-07-29,정자동,느티마을(3단지)(공무원),58.71,16,220000,12388,중개거래,201000,9.5
2026-07-09,정자동,느티마을(4단지)(공무원),58.19,7,198000,11248,중개거래,185000,7.0
2026-08-17,정자동,더샵분당파크리버,84.9987,11,184500,7176,중개거래,183000,0.8
2026-09-16,정자동,동양정자파라곤(2단지),146.37,9,218000,4924,중개거래,210000,3.8
2026-09-12,금곡동,두산위브트레지움,120.14,10,190000,5228,중개거래,183000,3.8
2026-07-23,금곡동,두산위브트레지움,121.45,12,190000,5172,중개거래,170000,11.8
2026-07-01,금곡동,두산위브트레지움,147.52,9,185000,4146,중개거래,183000,1.1
2026-07-10,금곡동,두산위브트레지움,147.6,17,192500,4311,중개거래,185000,4.1
2026-07-27,금곡동,두산위브트레지움,147.52,12,204000,4571,중개거래,192500,6.0
2026-08-06,정자동,로얄팰리스,147.1,6,225000,5056,중개거래,224000,0.4
2026-07-13,정자동,로얄팰리스,148.16,16,212000,4730,중개거래,210000,1.0
2026-08-27,정자동,로얄팰리스,158.69,6,230000,4791,중개거래,212000,8.5
2026-07-13,정자동,로얄팰리스,170.6,18,230000,4457,중개거래,215000,7.0
2026-09-30,정자동,로얄팰리스,244.15,9,320000,4333,중개거래,277000,15.5
2026-07-22,야탑동,매화마을(주공3),38.34,3,80000,6898,중개거래,68000,17.6
2026-09-19,야탑동,매화마을(주공3),38.34,5,91000,7846,중개거래,80000,13.7
2026-07-20,야탑동,매화마을(주공3),41.85,7,89200,7046,중개거래,78000,14.4
2026-07-04,야탑동,매화마을(주공3),46.2,5,95000,6798,중개거래,74000,28.4
2026-09-01,야탑동,매화마을(주공3),49.77,5,105000,6974,중개거래,95000,10.5
2026-07-01,야탑동,매화마을(주공4),35.28,3,71800,6728,중개거래,71000,1.1
2026-07-01,야탑동,매화마을(주공4),35.28,2,74500,6981,중개거래,71800,3.8
2026-07-24,야탑동,매화마을(주공4),35.28,4,79000,7402,중개거래,74500,6.0
2026-09-04,야탑동,매화마을(주공4),35.28,10,79500,7449,중개거래,79000,0.6
2026-07-02,야탑동,매화마을(주공4),41.85,10,80000,6319,중개거래,77500,3.2
2026-07-04,야탑동,매화마을(주공4),41.85,14,83500,6596,중개거래,80000,4.4
2026-07-18,야탑동,매화마을(주공4),41.85,13,88000,6951,중개거래,83500,5.4
2026-07-22,야탑동,매화마을공무원1,58.92,12,109500,6144,중개거래,106000,3.3
2026-08-06,야탑동,매화마을공무원1,58.92,7,110000,6172,중개거래,109500,0.5
2026-09-18,야탑동,매화마을공무원1,58.92,7,113000,6340,중개거래,110000,2.7
2026-07-10,야탑동,매화마을공무원1,59.98,20,113300,6245,중개거래,109000,3.9
2026-09-05,야탑동,매화마을공무원1,59.98,11,115000,6338,중개거래,113300,1.5
2026-07-27,야탑동,매화마을공무원2,58.71,18,111000,6250,중개거래,110000,0.9
2026-08-11,야탑동,매화마을공무원2,58.71,12,111700,6289,중개거래,111000,0.6
2026-08-14,야탑동,매화마을공무원2,58.71,15,112500,6335,중개거래,111700,0.7
2026-08-18,야탑동,매화마을공무원2,58.71,10,116500,6560,중개거래,112500,3.6
2026-09-18,야탑동,매화마을공무원2,58.71,14,117600,6622,중개거래,116500,0.9
2026-08-13,야탑동,매화마을공무원2,66.6,7,125000,6205,중개거래,118500,5.5
2026-07-13,야탑동,목련마을(한신),59.88,12,104500,5769,중개거래,86000,21.5
2026-07-02,야탑동,목련마을(한일),50.82,8,92000,5984,중개거래,85000,8.2
2026-10-01,야탑동,목련마을(한일),50.82,4,92800,6037,중개거래,92000,0.9
2026-07-24,야탑동,목련마을SK,59.93,12,78700,4341,중개거래,68000,15.7
2026-08-07,구미동,무지개(11단지)(금강센테리움),49.77,4,109000,7240,중개거래,95000,14.7
2026-07-16,구미동,무지개(12단지)(주공),49.67,12,104000,6922,중개거래,95750,8.6
2026-07-17,구미동,무지개(12단지)(주공),49.67,13,106500,7088,중개거래,104000,2.4
2026-10-03,구미동,무지개(12단지)(주공),49.67,16,107500,7155,중개거래,106500,0.9
2026-07-09,구미동,무지개(12단지)(주공),59.98,11,115000,6338,중개거래,113500,1.3
2026-08-06,구미동,무지개(12단지)(주공),59.98,15,116000,6393,중개거래,115000,0.9
2026-07-10,구미동,무지개(1단지)(대림),47.52,13,92000,6400,중개거래,82000,12.2
2026-09-21,구미동,무지개(1단지)(대림),60.72,9,129000,7023,중개거래,100500,28.4
2026-07-08,구미동,무지개(1단지)(대림),84.97,12,144700,5630,중개거래,136500,6.0
2026-07-16,구미동,무지개(2단지)(엘지),72.018,11,142000,6518,중개거래,135000,5.2
2026-07-14,구미동,무지개(2단지)(엘지),84.822,6,149000,5807,중개거래,142000,4.9
2026-08-25,구미동,무지개(2단지)(엘지),84.822,10,153500,5982,중개거래,149000,3.0
2026-07-21,구미동,무지개(2단지)(엘지),101.85,7,162000,5258,중개거래,161000,0.6
2026-07-09,구미동,무지개(3단지)(건영),53.83,8,114500,7032,중개거래,114000,0.4
2026-07-31,구미동,무지개(3단지)(신한),53.46,14,125000,7730,중개거래,114000,9.6
2026-09-19,구미동,무지개(3단지)(신한),69.72,15,141000,6686,중개거래,129000,9.3
2026-09-09,구미동,무지개(3단지)(신한),84.768,7,156500,6103,중개거래,150000,4.3
2026-07-06,구미동,무지개(4단지)(주공),49.67,8,123483,8218,중개거래,99072,24.6
2026-07-11,구미동,무지개(5단지)(청구),85.0,5,148000,5756,중개거래,145000,2.1
2026-07-13,구미동,무지개(5단지)(청구),85.0,13,149900,5830,중개거래,148000,1.3
2026-07-16,구미동,무지개(5단지)(청구),85.0,3,151000,5873,중개거래,149900,0.7
2026-09-16,구미동,무지개(7단지)(라이프),101.99,10,147000,4765,중개거래,142500,3.2
2026-09-19,구미동,무지개(9단지)(동아),134.16,7,150000,3696,중개거래,142000,5.6
2026-09-05,정자동,미켈란쉐르빌,23.51,5,31500,4429,중개거래,30000,5.0
2026-07-17,백현동,백현마을2단지,84.5,3,280000,10954,중개거래,256000,9.4
2026-07-03,백현동,백현마을5단지(주공),74.92,14,249000,10987,중개거래,235000,6.0
2026-07-27,백현동,백현마을5단지(주공),84.98,11,280000,10892,중개거래,270000,3.7
2026-07-13,백현동,백현마을6단지(주공),74.45,16,245000,10879,중개거래,240000,2.1
2026-07-10,백현동,백현마을7단지(주공),74.76,17,241000,10657,중개거래,234000,3.0
2026-07-17,백현동,백현마을7단지(주공),74.76,14,250000,11055,중개거래,241000,3.7
2026-07-20,백현동,백현마을8단지(대림),117.39,18,286000,8054,중개거래,280000,2.1
2026-07-20,삼평동,봇들마을1단지(판교신미주),82.794,9,209000,8345,중개거래,206500,1.2
2026-07-13,삼평동,봇들마을2단지(이지더원),84.2822,13,199000,7805,중개거래,193000,3.1
2026-07-08,삼평동,봇들마을3단지(주공),59.95,7,192000,10587,중개거래,190000,1.1
2026-07-23,삼평동,봇들마을3단지(주공),59.95,8,195000,10753,중개거래,192000,1.6
2026-08-17,삼평동,봇들마을3단지(주공),59.95,10,199500,11001,중개거래,195000,2.3
2026-07-21,삼평동,봇들마을3단지(주공),84.69,5,235000,9173,중개거래,175000,34.3
2026-07-31,삼평동,봇들마을4단지(주공),74.45,10,217000,9635,중개거래,209000,3.8
2026-09-01,삼평동,봇들마을7단지,84.5,11,285000,11150,중개거래,280000,1.8
2026-07-02,삼평동,봇들마을7단지,108.15,6,333000,10179,중개거래,325000,2.5
2026-07-22,삼평동,봇들마을7단지,108.34,8,335000,10222,중개거래,333000,0.6
2026-08-17,정자동,분당더?스타파크,117.2333,14,195000,5499,중개거래,191000,2.1
2026-09-09,정자동,분당더?스타파크,117.2333,5,197000,5555,중개거래,195000,1.0
2026-07-15,운중동,산운마을11단지(판교포레라움),51.16,11,145000,9369,중개거래,139000,4.3
2026-07-21,운중동,산운마을11단지(판교포레라움),51.16,3,146000,9434,중개거래,145000,0.7
2026-09-09,운중동,산운마을11단지(판교포레라움),59.84,7,164000,9060,중개거래,162000,1.2
2026-09-22,운중동,산운마을11단지(판교포레라움),59.9,13,166000,9161,중개거래,164000,1.2
2026-07-05,운중동,산운마을12단지판교센트럴포레와이시티,55.44,14,149500,8914,중개거래,144500,3.5
2026-07-27,운중동,산운마을12단지판교센트럴포레와이시티,55.42,7,149800,8936,중개거래,149500,0.2
2026-08-08,운중동,산운마을12단지판교센트럴포레와이시티,59.84,16,164000,9060,중개거래,163800,0.1
2026-07-20,운중동,산운마을13단지(태영),101.67,23,185000,6015,중개거래,180000,2.8
2026-09-08,운중동,산운마을13단지(태영),101.67,13,200000,6503,중개거래,185000,8.1
2026-07-02,운중동,산운마을14단지(경남아너스빌),184.6,18,347500,6223,중개거래,222800,56.0
2026-07-02,운중동,산운마을5단지(한성필하우스),84.8205,10,194500,7580,중개거래,177000,9.9
2026-08-13,운중동,산운마을9단지(대방노블랜드),84.99,9,200000,7779,중개거래,193500,3.4
2026-07-24,정자동,상록마을(라이프2차),84.78,16,207000,8071,중개거래,196000,5.6
2026-07-15,정자동,상록마을(보성),48.84,9,143000,9679,중개거래,138000,3.6
2026-07-16,정자동,상록마을(우성)1,55.14,8,188000,11271,중개거래,175000,7.4
2026-09-16,정자동,상록마을(우성)1,69.12,11,227000,10857,중개거래,205000,10.7
2026-07-24,정자동,상록마을(우성)1,84.97,5,241000,9376,중개거래,240000,0.4
2026-07-15,정자동,상록마을(우성)1,129.72,3,282000,7186,중개거래,279000,1.1
2026-08-29,정자동,상록마을(우성)1,162.57,9,288000,5856,중개거래,255000,12.9
2026-07-08,정자동,상록마을(임광),48.84,12,139000,9408,중개거래,136000,2.2
2026-09-08,정자동,상록마을(임광),48.84,9,149500,10119,중개거래,139000,7.6
2026-07-07,정자동,상록마을(임광),67.435,13,178000,8726,중개거래,175500,1.4
2026-07-13,정자동,상록마을(임광),67.435,8,179000,8775,중개거래,178000,0.6
2026-07-16,분당동,샛별마을(라이프),58.17,4,155000,8809,중개거래,143800,7.8
2026-07-27,분당동,샛별마을(삼부),59.82,3,158000,8731,중개거래,153000,3.3
2026-08-10,분당동,샛별마을(삼부),69.96,6,180000,8505,중개거래,160000,12.5
2026-09-23,분당동,샛별마을(삼부),84.6,7,180000,7034,중개거래,178000,1.1
2026-07-10,분당동,샛별마을(우방),72.32,2,167000,7634,중개거래,164000,1.8
2026-07-14,분당동,샛별마을(우방),101.96,6,194500,6306,중개거래,182000,6.9
2026-09-17,정자동,성원상떼뷰101동,158.74,9,243000,5061,중개거래,197000,23.4
2026-07-06,서현동,시범우성,59.76,3,177500,9819,중개거래,177000,0.3
2026-07-10,서현동,시범한신,84.69,7,239500,9349,중개거래,230000,4.1
2026-07-16,서현동,시범한양,28.71,4,102000,11745,중개거래,100000,2.0
2026-08-07,서현동,시범한양,28.71,15,102500,11802,중개거래,102000,0.5
2026-07-06,서현동,시범한양,35.1,11,126500,11914,중개거래,115000,10.0
2026-08-01,서현동,시범한양,35.1,6,129000,12149,중개거래,126500,2.0
2026-08-10,서현동,시범한양,35.1,8,140000,13185,중개거래,129000,8.5
2026-07-22,서현동,시범한양,84.99,26,228000,8868,중개거래,208000,9.6
2026-08-21,서현동,시범한양,134.87,14,268000,6569,중개거래,249000,7.6
2026-09-09,서현동,시범현대,84.95,26,217000,8444,중개거래,215000,0.9
2026-07-04,서현동,시범현대,193.44,1,265000,4529,중개거래,264500,0.2
2026-07-02,이매동,아름마을(두산),132.72,15,196000,4882,중개거래,195000,0.5
2026-09-05,이매동,아름마을(두산),132.72,20,198500,4944,중개거래,196000,1.3
2026-07-01,이매동,아름마을(삼호),84.84,9,179000,6975,중개거래,174000,2.9
2026-07-15,이매동,아름마을(태영),101.85,12,181000,5875,중개거래,172000,5.2
2026-07-10,이매동,아름마을(한성),59.46,4,146000,8117,중개거래,133000,9.8
2026-07-04,이매동,아름마을(한성),83.64,1,160000,6324,중개거래,158000,1.3
2026-08-15,이매동,아름마을(한성),84.89,2,140000,5452,중개거래,137000,2.2
2026-08-17,이매동,아름마을(효성),130.35,11,260000,6594,중개거래,253000,2.8
2026-07-20,야탑동,야탑진흥더블파크,84.93,8,153000,5955,중개거래,138000,10.9
2026-07-07,수내동,양지마을(2단지)(청구),84.99,10,235000,9141,중개거래,222000,5.9
2026-07-10,수내동,양지마을(2단지)(청구),134.8,11,275000,6744,중개거래,270000,1.9
2026-07-01,수내동,양지마을(5단지)(한양501-514),35.1,6,122000,11490,중개거래,121500,0.4
2026-07-20,수내동,양지마을(5단지)(한양501-514),35.1,2,123000,11584,중개거래,122000,0.8
2026-07-21,수내동,양지마을(5단지)(한양501-514),35.1,13,124500,11726,중개거래,123000,1.2
2026-07-02,수내동,양지마을(5단지)(한양501-514),42.56,15,148000,11496,중개거래,143000,3.5
2026-09-14,수내동,양지마을(5단지)(한양501-514),42.56,1,157000,12195,중개거래,148000,6.1
2026-07-23,수내동,"양지마을(6단지)(금호,청구)",55.44,9,161000,9600,중개거래,153000,5.2
2026-08-14,수내동,"양지마을(6단지)(금호,청구)",59.94,12,155000,8548,중개거래,154500,0.3
2026-07-11,수내동,"양지마을(6단지)(금호,청구)",65.093,10,184000,9345,중개거래,183500,0.3
2026-07-06,수내동,양지마을(6단지)(한양603동),59.76,10,151500,8381,중개거래,149500,1.3
2026-09-05,수내동,양지마을(금호1),84.9,3,244500,9520,중개거래,243000,0.6
2026-07-06,이매동,이매촌(동신9),59.49,4,163000,9058,중개거래,162000,0.6
2026-07-15,이매동,이매촌(성지),84.9,3,198800,7741,중개거래,189000,5.2
2026-07-14,이매동,이매촌(청구),84.99,14,221000,8596,중개거래,203000,8.9
2026-07-31,이매동,이매촌(청구),101.89,4,227000,7365,중개거래,193000,17.6
2026-07-14,이매동,이매촌(청구),194.98,12,282000,4781,중개거래,255000,10.6
2026-07-13,이매동,이매촌(한신),50.1,7,149900,9891,중개거래,149500,0.3
2026-07-16,이매동,이매촌(한신),50.1,7,160000,10557,중개거래,149900,6.7
2026-07-02,이매동,이매촌(한신),66.27,6,173000,8630,중개거래,171000,1.2
2026-07-24,이매동,이매촌(한신),66.27,11,182000,9079,중개거래,173000,5.2
2026-09-11,이매동,이매촌(한신),66.27,22,184500,9204,중개거래,182000,1.4
2026-07-24,이매동,이매촌(한신),84.9,16,195700,7620,중개거래,195000,0.4
2026-07-08,야탑동,장미마을(동부),59.76,10,138000,7634,중개거래,135000,2.2
2026-07-09,야탑동,장미마을(동부),59.76,14,145000,8021,중개거래,138000,5.1
2026-08-10,야탑동,장미마을(동부),70.56,12,153000,7168,중개거래,131000,16.8
2026-10-01,야탑동,장미마을(동부),84.99,16,165000,6418,중개거래,160000,3.1
2026-07-08,야탑동,장미마을(코오롱)1,84.6,16,164000,6408,중개거래,155000,5.8
2026-07-01,야탑동,장미마을(현대),41.76,4,95000,7520,중개거래,94000,1.1
2026-07-17,야탑동,장미마을(현대),41.76,6,98000,7758,중개거래,95000,3.2
2026-07-31,야탑동,장미마을(현대),59.4,8,132000,7346,중개거래,127500,3.5
2026-07-04,야탑동,장미마을(현대),74.61,5,143000,6336,중개거래,139000,2.9
2026-07-05,야탑동,장미마을(현대),74.61,8,145000,6425,중개거래,143000,1.4
2026-08-08,야탑동,장미마을(현대),74.61,12,151000,6690,중개거래,145000,4.1
2026-08-11,야탑동,장미마을(현대),75.188,11,152000,6683,중개거래,148000,2.7
2026-07-23,야탑동,장미마을(현대),84.79,14,168500,6569,중개거래,162000,4.0
2026-07-25,분당동,장안타운(건영),67.73,11,126000,6150,중개거래,95000,32.6
2026-09-08,분당동,장안타운(건영),67.73,2,127000,6199,중개거래,126000,0.8
2026-08-11,분당동,장안타운(건영),70.68,4,145000,6782,중개거래,134500,7.8
2026-07-01,정자동,정든마을(1단지)(동아),101.99,10,178500,5786,중개거래,159000,12.3
2026-07-31,정자동,정든마을(2단지)(동아),69.055,12,163500,7827,중개거래,155000,5.5
2026-07-09,정자동,정든마을(2단지)(동아),84.97,12,177000,6886,중개거래,145000,22.1
2026-07-06,정자동,정든마을(4단지)(우성),129.72,16,192500,4906,중개거래,175000,10.0
2026-08-12,정자동,정든마을(4단지)(우성),162.57,25,190000,3864,중개거래,168500,12.8
2026-07-11,정자동,정든마을(5단지)(신화),52.44,2,150000,9456,중개거래,115000,30.4
2026-07-07,정자동,정든마을(5단지)(신화),69.93,13,172000,8131,중개거래,164000,4.9
2026-08-10,정자동,정든마을(5단지)(신화),84.93,12,188500,7337,중개거래,140000,34.6
2026-07-22,정자동,정든마을(5단지)(신화),134.31,11,225000,5538,중개거래,187000,20.3
2026-07-29,정자동,정든마을(6단지)(우성),48.84,7,131000,8867,중개거래,127000,3.1
2026-09-04,정자동,정든마을(6단지)(우성),84.97,9,170000,6614,중개거래,162000,4.9
2026-09-14,정자동,정든마을(6단지)(우성),84.97,9,185000,7197,중개거래,170000,8.8
2026-07-24,정자동,정든마을(6단지)(한진),99.6,2,200000,6638,중개거래,183000,9.3
2026-07-10,정자동,정든마을(7단지)(한진),68.04,14,174500,8478,중개거래,150000,16.3
2026-07-07,정자동,정든마을(8단지)(한진),112.2,14,200000,5893,중개거래,177000,13.0
2026-07-01,금곡동,청솔마을(계룡),55.44,9,152000,9063,중개거래,146500,3.8
2026-08-12,금곡동,청솔마을(계룡),55.44,3,158500,9451,중개거래,152000,4.3
2026-08-13,금곡동,청솔마을(계룡),55.44,11,160000,9541,중개거래,158500,0.9
2026-07-08,금곡동,청솔마을(공무원),58.19,14,149000,8465,중개거래,130000,14.6
2026-07-14,금곡동,청솔마을(대원),129.45,7,206000,5261,중개거래,199000,3.5
2026-08-14,금곡동,청솔마을(대원),129.45,6,209000,5337,중개거래,206000,1.5
2026-08-08,금곡동,청솔마을(성원),101.88,9,209000,6782,중개거래,154000,35.7
2026-07-10,금곡동,청솔마을(영남),53.6,5,151000,9313,중개거래,141500,6.7
2026-07-14,금곡동,청솔마을(영남),70.01,10,180000,8499,중개거래,161000,11.8
2026-07-04,금곡동,청솔마을(유천),40.5,13,119000,9713,중개거래,114000,4.4
2026-08-15,금곡동,청솔마을(유천),40.5,6,123000,10040,중개거래,119000,3.4
2026-07-09,금곡동,청솔마을(유천),84.6,24,193500,7561,중개거래,189500,2.1
2026-07-09,금곡동,청솔마을(주공9단지),36.54,8,107000,9680,중개거래,105000,1.9
2026-07-18,금곡동,청솔마을(주공9단지),36.54,5,110000,9952,중개거래,107000,2.8
2026-08-21,금곡동,청솔마을(주공9단지),36.54,6,113000,10223,중개거래,110000,2.7
2026-07-11,금곡동,청솔마을(주공9단지),42.84,7,125000,9646,중개거래,121000,3.3
2026-10-01,금곡동,청솔마을(주공9단지),42.84,19,128500,9916,중개거래,125000,2.8
2026-07-27,금곡동,청솔마을(한라),58.8,6,170000,9558,중개거래,164700,3.2
2026-07-27,금곡동,청솔마을(한라),69.12,6,180000,8609,중개거래,174800,3.0
2026-07-16,금곡동,청솔마을(한라),84.39,14,190000,7443,중개거래,185000,2.7
2026-08-17,금곡동,코오롱더프라우,172.094,26,167000,3208,중개거래,151000,10.6
2026-08-24,금곡동,코오롱더프라우,172.094,21,168000,3227,중개거래,167000,0.6
2026-07-29,야탑동,탑마을(경남)1,59.91,12,140000,7725,중개거래,135000,3.7
2026-07-08,야탑동,탑마을(경남)1,69.87,15,146000,6908,중개거래,140000,4.3
2026-09-08,야탑동,탑마을(경남)1,134.79,17,182000,4464,중개거래,180000,1.1
2026-07-16,야탑동,탑마을(기산)1,101.91,5,172000,5579,중개거래,167000,3.0
2026-07-20,야탑동,탑마을(대우),101.76,11,171000,5555,중개거래,165000,3.6
2026-09-04,야탑동,탑마을(벽산),69.87,10,153000,7239,중개거래,145500,5.2
2026-07-06,야탑동,탑마을(벽산),134.79,14,190000,4660,중개거래,149000,27.5
2026-07-02,야탑동,탑마을(선경)1,51.84,7,135000,8609,중개거래,133000,1.5
2026-07-09,야탑동,탑마을(선경)1,101.76,2,167000,5425,중개거래,152000,9.9
2026-07-13,야탑동,탑마을(선경)1,131.4,10,185000,4654,중개거래,178000,3.9
2026-07-10,야탑동,탑마을(주공),35.28,8,85000,7965,중개거래,81000,4.9
2026-09-09,야탑동,탑마을(주공),35.28,8,87000,8152,중개거래,85000,2.4
2026-09-17,야탑동,탑마을(주공),35.28,9,89700,8405,중개거래,87000,3.1
2026-07-23,야탑동,탑마을(주공),36.0,10,87000,7989,중개거래,66750,30.3
2026-07-13,야탑동,탑마을(주공),41.85,8,92000,7267,중개거래,84500,8.9
2026-07-24,야탑동,탑마을(주공),41.85,15,95500,7544,중개거래,92000,3.8
2026-08-01,야탑동,탑마을(진덕),131.4,5,195000,4906,중개거래,185000,5.4
2026-09-17,야탑동,탑마을(진덕),131.4,10,210000,5283,중개거래,195000,7.7
2026-07-25,정자동,파크뷰,182.232,11,382000,6930,중개거래,371000,3.0
2026-08-28,정자동,파크뷰,199.777,17,415000,6867,중개거래,395000,5.1
2026-07-14,수내동,파크타운(대림),101.835,4,235000,7629,중개거래,225000,4.4
2026-09-05,수내동,파크타운(대림),134.413,6,260000,6395,중개거래,257000,1.2
2026-08-10,수내동,파크타운(삼익),101.835,6,230000,7466,중개거래,225000,2.2
2026-07-11,수내동,파크타운(서안),59.32,20,152500,8499,중개거래,150000,1.7
2026-07-14,수내동,파크타운(서안),59.32,24,154300,8599,중개거래,152500,1.2
2026-07-14,수내동,파크타운(서안),84.6,8,219000,8558,중개거래,206000,6.3
2026-07-14,수내동,파크타운(서안),101.91,8,230000,7461,중개거래,225500,2.0
2026-08-10,대장동,판교더샵포레스트11단지,84.9673,16,145000,5641,중개거래,132500,9.4
2026-07-13,대장동,판교더샵포레스트12단지,84.9852,15,145000,5640,중개거래,137000,5.8
2026-07-01,백현동,판교알파리움1단지,96.148,11,250000,8596,중개거래,236000,5.9
2026-08-11,백현동,판교알파리움1단지,142.013,6,380000,8846,중개거래,340000,11.8
2026-09-02,백현동,판교알파리움2단지,96.815,13,257000,8775,중개거래,245000,4.9
2026-07-17,백현동,판교알파리움2단지,129.477,20,313000,7991,중개거래,295000,6.1
2026-07-24,판교동,판교원마을11단지(힐스테이트),101.76,13,182000,5912,중개거래,180000,1.1
2026-09-09,판교동,판교원마을11단지(힐스테이트),101.38,5,187000,6098,중개거래,182000,2.7
2026-07-23,판교동,판교원마을11단지(힐스테이트),118.6,9,198000,5519,중개거래,191000,3.7
2026-09-11,판교동,판교원마을11단지(힐스테이트),118.6,9,200000,5575,중개거래,198000,1.0
2026-07-08,판교동,판교원마을1단지(파라곤),101.12,6,184000,6015,중개거래,179000,2.8
2026-07-11,판교동,판교원마을1단지(파라곤),101.06,11,187500,6133,중개거래,184000,1.9
2026-07-01,판교동,판교원마을3단지(푸르지오),101.27,29,206000,6725,중개거래,174000,18.4
2026-07-09,판교동,판교원마을5단지(푸르지오),84.51,8,189500,7413,중개거래,189000,0.3
2026-07-15,판교동,판교원마을5단지(푸르지오),84.51,28,193000,7550,중개거래,189500,1.8
2026-07-10,판교동,판교원마을5단지(푸르지오),101.06,30,209300,6846,중개거래,197000,6.2
2026-09-02,판교동,판교원마을5단지(푸르지오),116.04,32,245000,6980,중개거래,220000,11.4
2026-07-29,판교동,판교원마을6단지(판교대광로제비앙),58.24,8,153000,8684,중개거래,148900,2.8
2026-09-12,판교동,판교원마을6단지(판교대광로제비앙),58.24,6,155500,8826,중개거래,153000,1.6
2026-07-09,판교동,판교원마을6단지(판교대광로제비앙),59.667,10,151000,8366,중개거래,148000,2.0
2026-07-14,판교동,판교원마을7단지(모아미래도),56.555,5,159000,9294,중개거래,153000,3.9
2026-09-23,판교동,판교원마을9단지(한림풀에버),84.9562,7,190000,7393,중개거래,185000,2.7
2026-07-24,대장동,판교퍼스트힐푸르지오1단지,84.97,7,136000,5291,중개거래,135000,0.7
2026-07-10,백현동,판교푸르지오그랑블,98.986,10,310000,10353,중개거래,290000,6.9
2026-09-01,백현동,판교푸르지오그랑블,117.5193,20,429000,12068,중개거래,418000,2.6
2026-08-01,대장동,판교풍경채어바니티(5단지),84.973,19,154700,6018,중개거래,149000,3.8
2026-09-09,대장동,판교풍경채어바니티(5단지),84.973,16,160000,6225,중개거래,154700,3.4
2026-07-09,대장동,판교풍경채어바니티(7단지),84.9978,14,143000,5562,중개거래,135000,5.9
2026-08-21,대장동,판교풍경채어바니티(7단지),84.973,14,148000,5758,중개거래,143000,3.5
2026-08-26,삼평동,판교호반써밋플레이스,131.24,7,299500,7544,중개거래,280000,7.0
2026-07-07,수내동,푸른마을(벽산),84.72,11,200000,7804,중개거래,179000,11.7
2026-07-09,수내동,푸른마을(벽산),131.4,8,224000,5635,중개거래,220000,1.8
2026-09-28,수내동,푸른마을(벽산),131.4,15,240000,6038,중개거래,224000,7.1
2026-07-16,수내동,푸른마을(신성),84.72,20,194500,7589,중개거래,193000,0.8
2026-07-07,수내동,푸른마을(신성),131.4,4,220000,5535,중개거래,210000,4.8
2026-07-04,수내동,푸른마을(쌍용),59.78,4,147000,8129,중개거래,133000,10.5
2026-09-02,수내동,푸른마을(쌍용),59.78,2,157500,8710,중개거래,147000,7.1
2026-09-03,구미동,하얀마을(5단지)(주공),35.28,1,94300,8836,중개거래,94000,0.3
2026-09-10,구미동,하얀마을(5단지)(주공),35.28,8,100000,9370,중개거래,94300,6.0
2026-08-15,구미동,하얀마을(5단지)(주공),38.07,8,101500,8814,중개거래,96500,5.2
2026-10-01,구미동,하얀마을(5단지)(주공),38.07,16,104000,9031,중개거래,101500,2.5
2026-07-17,정자동,한솔마을(1단지)(청구),49.35,7,136000,9110,중개거래,127500,6.7
2026-07-23,정자동,한솔마을(1단지)(청구),84.965,12,180000,7003,중개거래,175000,2.9
2026-07-03,정자동,한솔마을(1단지)(청구),101.99,14,188500,6110,중개거래,188000,0.3
2026-09-14,정자동,한솔마을(1단지)(청구),134.95,9,215000,5267,중개거래,205000,4.9
2026-07-01,정자동,한솔마을(2단지)(LG),101.85,5,187500,6086,중개거래,183000,2.5
2026-07-23,정자동,한솔마을(2단지)(LG),134.94,10,194000,4753,중개거래,189000,2.6
2026-07-09,정자동,한솔마을(3단지)(한일),59.96,8,160000,8821,중개거래,156000,2.6
2026-07-21,정자동,한솔마을(3단지)(한일),84.92,13,189000,7357,중개거래,139000,36.0
2026-07-18,정자동,한솔마을(3단지)(한일),130.51,16,218000,5522,중개거래,200000,9.0
2026-07-16,정자동,한솔마을(4단지)(주공),35.28,4,110000,10307,중개거래,107000,2.8
2026-07-24,정자동,한솔마을(4단지)(주공),35.28,15,113000,10588,중개거래,110000,2.7
2026-08-15,정자동,한솔마을(4단지)(주공),36.0,8,112000,10285,중개거래,104000,7.7
2026-08-20,정자동,한솔마을(4단지)(주공),36.0,8,114000,10468,중개거래,112000,1.8
2026-07-02,정자동,한솔마을(4단지)(주공),41.85,12,114800,9068,중개거래,113000,1.6
2026-07-10,정자동,한솔마을(4단지)(주공),41.85,12,115000,9084,중개거래,114800,0.2
2026-07-15,정자동,한솔마을(4단지)(주공),41.85,11,120000,9479,중개거래,115000,4.3
2026-07-17,정자동,한솔마을(4단지)(주공),42.75,5,123800,9573,중개거래,119500,3.6
2026-08-26,정자동,한솔마을(5단지)(주공),42.75,16,150000,11599,중개거래,140000,7.1
2026-07-01,정자동,한솔마을(5단지)(주공),74.91,11,169500,7480,중개거래,169000,0.3
2026-07-10,정자동,한솔마을(5단지)(주공),74.16,2,174000,7756,중개거래,169500,2.7
2026-08-18,정자동,한솔마을(6단지)(주공),37.67,14,115500,10136,중개거래,114800,0.6
2026-08-21,정자동,한솔마을(6단지)(주공),58.19,8,156000,8862,중개거래,155500,0.3
2026-09-29,정자동,한솔마을(6단지)(주공),58.19,13,165000,9374,중개거래,156000,5.8
2026-09-16,야탑동,현대I-PARK,146.8267,4,202500,4559,중개거래,187500,8.0
2026-08-17,정자동,현대I-PARK1,80.31,11,190000,7821,중개거래,173000,9.8
2026-08-14,정자동,현대I-PARK1,171.78,25,250000,4811,중개거래,209000,19.6
2026-08-13,정자동,현대I-PARK1,196.38,6,300000,5050,중개거래,285000,5.3
2026-07-10,정자동,현대I-PARK2,162.01,18,250000,5101,중개거래,228000,9.6
2026-07-14,정자동,현대I-PARK3,153.39,24,237000,5108,중개거래,228000,3.9
2026-07-07,서현동,효자촌(대우),84.696,2,154000,6011,중개거래,149400,3.1
2026-07-24,서현동,효자촌(동아),84.72,4,184800,7211,중개거래,180000,2.7
2026-07-09,서현동,효자촌(동아),101.82,6,185000,6006,중개거래,183000,1.1
2026-07-17,서현동,효자촌(럭키),84.696,14,170000,6635,중개거래,166500,2.1
2026-07-27,서현동,효자촌(미래타운),134.64,17,168000,4125,중개거래,164000,2.4
2026-09-11,서현동,효자촌(삼환),101.64,9,190000,6180,중개거래,177000,7.3
2026-07-04,서현동,효자촌(삼환),129.761,3,208000,5299,중개거래,206000,1.0
2026-08-11,서현동,효자촌(삼환),164.79,6,185000,3711,직거래,180000,2.8
2026-07-22,서현동,효자촌(임광),59.73,4,148000,8191,중개거래,139500,6.1
2026-07-09,서현동,효자촌(임광),165.33,17,227000,4539,중개거래,219000,3.7
2026-07-07,서현동,효자촌(현대),59.82,14,155000,8566,중개거래,107000,44.9
2026-07-17,서현동,효자촌(현대),59.82,6,165000,9118,중개거래,155000,6.5
2026-08-31,서현동,효자촌(현대),84.6,3,195200,7628,중개거래,184500,5.8
2026-09-15,서현동,효자촌(현대),160.2,8,235000,4849,중개거래,200000,17.5
2026-09-04,서현동,효자촌(화성),53.82,15,125500,7709,중개거래,119700,4.8
2026-07-08,서현동,효자촌(화성),70.686,18,158000,7389,중개거래,149500,5.7
