업종,업태,전전12M_개업,전전12M_폐업,전전12M_순증,전전12M_기초재고,전전12M_순증률,전전12M_폐업개업비,전전12M_단기개업,전전12M_실질개업,전전12M_실질폐업,전전12M_실질폐업개업비,직전12M_개업,직전12M_폐업,직전12M_순증,직전12M_기초재고,직전12M_순증률,직전12M_폐업개업비,직전12M_단기개업,직전12M_실질개업,직전12M_실질폐업,직전12M_실질폐업개업비,최근12M_개업,최근12M_폐업,최근12M_순증,최근12M_기초재고,최근12M_순증률,최근12M_폐업개업비,최근12M_단기개업,최근12M_실질개업,최근12M_실질폐업,최근12M_실질폐업개업비,현재영업중,개업증감률(최근vs직전),폐업증감률(최근vs직전),실질개업증감률(최근vs직전),실질폐업증감률(최근vs직전)
일반음식점,감성주점,324,98,226,946,23.89,0.3,23,301,83,0.28,287,144,143,1172,12.2,0.5,20,267,120,0.45,318,175,143,1315,10.87,0.55,8,310,164,0.53,1458,10.8,21.5,16.1,36.7
일반음식점,경양식,3138,4004,-866,32994,-2.62,1.28,226,2912,3780,1.3,2677,3954,-1277,32128,-3.97,1.48,248,2429,3704,1.52,2532,3696,-1164,30851,-3.77,1.46,291,2241,3400,1.52,29675,-5.4,-6.5,-7.7,-8.2
일반음식점,기타,20298,16795,3503,100679,3.48,0.83,5035,15263,11869,0.78,19034,19684,-650,104182,-0.62,1.03,6924,12110,12861,1.06,20536,20521,15,103532,0.01,1.0,8130,12406,12269,0.99,103704,7.9,4.3,2.4,-4.6
일반음식점,김밥(도시락),277,315,-38,3975,-0.96,1.14,6,271,308,1.14,200,384,-184,3937,-4.67,1.92,16,184,371,2.02,225,373,-148,3753,-3.94,1.66,43,182,327,1.8,3599,12.5,-2.9,-1.1,-11.9
일반음식점,까페,4,459,-455,4902,-9.28,114.75,4,0,455,,3,426,-423,4447,-9.51,142.0,3,0,423,,3,353,-350,4024,-8.7,117.67,3,0,350,,3667,0.0,-17.1,,-17.3
일반음식점,냉면집,152,117,35,1188,2.95,0.77,6,146,111,0.76,143,114,29,1223,2.37,0.8,5,138,110,0.8,115,114,1,1252,0.08,0.99,6,109,107,0.98,1252,-19.6,0.0,-21.0,-2.7
일반음식점,라이브카페,79,89,-10,1219,-0.82,1.13,3,76,86,1.13,81,98,-17,1209,-1.41,1.21,5,76,93,1.22,60,106,-46,1192,-3.86,1.77,5,55,101,1.84,1145,-25.9,8.2,-27.6,8.6
일반음식점,복어취급,15,32,-17,730,-2.33,2.13,0,15,32,2.13,10,29,-19,713,-2.66,2.9,0,10,29,2.9,13,28,-15,694,-2.16,2.15,0,13,28,2.15,678,30.0,-3.4,30.0,-3.4
일반음식점,분식,3206,4033,-827,36847,-2.24,1.26,354,2852,3691,1.29,2752,4135,-1383,36020,-3.84,1.5,460,2292,3685,1.61,2537,3936,-1399,34637,-4.04,1.55,545,1992,3363,1.69,33226,-7.8,-4.8,-13.1,-8.7
일반음식점,뷔페식,255,217,38,3067,1.24,0.85,6,249,210,0.84,297,242,55,3105,1.77,0.81,11,286,231,0.81,277,246,31,3160,0.98,0.89,14,263,233,0.89,3192,-6.7,1.7,-8.0,0.9
일반음식점,식육(숯불구이),2989,2461,528,38074,1.39,0.82,171,2818,2305,0.82,2375,2693,-318,38602,-0.82,1.13,178,2197,2506,1.14,1901,2832,-931,38284,-2.43,1.49,153,1748,2671,1.53,37353,-20.0,5.2,-20.4,6.6
일반음식점,"외국음식전문점(인도,태국등)",1060,719,341,5554,6.14,0.68,85,975,648,0.66,1176,846,330,5895,5.6,0.72,142,1034,698,0.68,1216,909,307,6225,4.93,0.75,190,1026,728,0.71,6523,3.4,7.4,-0.8,4.3
일반음식점,일식,2738,2363,375,20473,1.83,0.86,141,2597,2238,0.86,2429,2282,147,20848,0.71,0.94,171,2258,2099,0.93,2371,2254,117,20995,0.56,0.95,201,2170,2054,0.95,21105,-2.4,-1.2,-3.9,-2.1
일반음식점,정종/대포집/소주방,878,1378,-500,15349,-3.26,1.57,40,838,1339,1.6,594,1423,-829,14849,-5.58,2.4,38,556,1385,2.49,537,1323,-786,14020,-5.61,2.46,43,494,1279,2.59,13218,-9.6,-7.0,-11.2,-7.7
일반음식점,중국식,2179,2286,-107,26943,-0.4,1.05,109,2070,2186,1.06,1962,2309,-347,26836,-1.29,1.18,120,1842,2186,1.19,1972,2245,-273,26489,-1.03,1.14,113,1859,2127,1.14,26203,0.5,-2.8,0.9,-2.7
일반음식점,출장조리,49,46,3,460,0.65,0.94,7,42,40,0.95,49,41,8,463,1.73,0.84,6,43,34,0.79,60,41,19,471,4.03,0.68,7,53,34,0.64,491,22.4,0.0,23.3,0.0
일반음식점,키즈카페,27,34,-7,297,-2.36,1.26,0,27,34,1.26,17,30,-13,290,-4.48,1.76,0,17,30,1.76,9,39,-30,277,-10.83,4.33,1,8,38,4.75,247,-47.1,30.0,-52.9,26.7
일반음식점,탕류(보신용),97,212,-115,4049,-2.84,2.19,4,93,209,2.25,111,216,-105,3934,-2.67,1.95,10,101,205,2.03,111,228,-117,3829,-3.06,2.05,12,99,217,2.19,3710,0.0,5.6,-2.0,5.9
일반음식점,통닭(치킨),5,798,-793,12640,-6.27,159.6,5,0,794,,4,748,-744,11847,-6.28,187.0,4,0,744,,1,656,-655,11103,-5.9,656.0,0,1,655,655.0,10438,-75.0,-12.3,,-12.0
일반음식점,패밀리레스트랑,134,129,5,1006,0.5,0.96,4,130,125,0.96,123,128,-5,1011,-0.49,1.04,8,115,120,1.04,106,102,4,1006,0.4,0.96,10,96,93,0.97,1011,-13.8,-20.3,-16.5,-22.5
일반음식점,패스트푸드,0,206,-206,2900,-7.1,,0,0,206,,2,211,-209,2694,-7.76,105.5,2,0,209,,2,156,-154,2485,-6.2,78.0,2,0,154,,2329,0.0,-26.1,,-26.3
일반음식점,푸드트럭,0,0,0,0,,,0,0,0,,0,0,0,0,,,0,0,0,,205,13,192,0,,0.06,13,192,0,0.0,197,,,,
일반음식점,한식,27308,27775,-467,307268,-0.15,1.02,3707,23601,24282,1.03,25977,29581,-3604,306801,-1.17,1.14,4442,21535,25004,1.16,25261,28735,-3474,303197,-1.15,1.14,4497,20764,24154,1.16,299668,-2.8,-2.9,-3.6,-3.4
일반음식점,호프/통닭,4422,5867,-1445,65374,-2.21,1.33,380,4042,5501,1.36,3660,6345,-2685,63929,-4.2,1.73,417,3243,5921,1.83,3378,5832,-2454,61244,-4.01,1.73,405,2973,5414,1.82,58757,-7.7,-8.1,-8.3,-8.6
일반음식점,횟집,589,1007,-418,13951,-3.0,1.71,37,552,972,1.76,580,956,-376,13533,-2.78,1.65,67,513,889,1.73,582,871,-289,13157,-2.2,1.5,71,511,799,1.56,12872,0.3,-8.9,-0.4,-10.1
휴게음식점,고속도로,17,15,2,854,0.23,0.88,0,17,15,0.88,77,38,39,856,4.56,0.49,2,75,36,0.48,92,45,47,895,5.25,0.49,7,85,38,0.45,942,19.5,18.4,13.3,5.6
휴게음식점,과자점,0,68,-68,660,-10.3,,0,0,68,,0,64,-64,592,-10.81,,0,0,64,,0,43,-43,528,-8.14,,0,0,43,,485,,-32.8,,-32.8
휴게음식점,극장,19,10,9,111,8.11,0.53,3,16,7,0.44,17,18,-1,120,-0.83,1.06,9,8,9,1.12,17,21,-4,119,-3.36,1.24,8,9,13,1.44,115,0.0,16.7,12.5,44.4
휴게음식점,기타 휴게음식점,11214,10097,1117,35608,3.14,0.9,4636,6578,5555,0.84,12201,12249,-48,36725,-0.13,1.0,6522,5679,5729,1.01,13192,12856,336,36677,0.92,0.97,7447,5745,5267,0.92,37134,8.1,5.0,1.2,-8.1
휴게음식점,다방,292,891,-599,8825,-6.79,3.05,32,260,856,3.29,249,891,-642,8226,-7.8,3.58,26,223,867,3.89,267,662,-395,7584,-5.21,2.48,51,216,611,2.83,7182,7.2,-25.7,-3.1,-29.5
휴게음식점,떡카페,255,154,101,596,16.95,0.6,43,212,114,0.54,214,181,33,697,4.73,0.85,55,159,129,0.81,185,225,-40,730,-5.48,1.22,79,106,141,1.33,693,-13.6,24.3,-33.3,9.3
휴게음식점,백화점,1332,1283,49,968,5.06,0.96,1138,194,184,0.95,1533,1533,0,1017,0.0,1.0,1354,179,172,0.96,1875,1793,82,1017,8.06,0.96,1610,265,162,0.61,1091,22.3,17.0,48.0,-5.8
휴게음식점,아이스크림,494,199,295,1615,18.27,0.4,54,440,148,0.34,608,301,307,1910,16.07,0.5,88,520,210,0.4,311,332,-21,2217,-0.95,1.07,116,195,221,1.13,2195,-48.8,10.3,-62.5,5.2
휴게음식점,유원지,16,17,-1,135,-0.74,1.06,5,11,11,1.0,12,11,1,134,0.75,0.92,4,8,7,0.88,21,23,-2,135,-1.48,1.1,11,10,12,1.2,133,75.0,109.1,25.0,71.4
휴게음식점,일반조리판매,3705,4585,-880,25514,-3.45,1.24,980,2725,3611,1.33,4054,5242,-1188,24634,-4.82,1.29,1554,2500,3716,1.49,4308,4904,-596,23446,-2.54,1.14,1799,2509,3040,1.21,22835,6.3,-6.4,0.4,-18.2
휴게음식점,전통찻집,85,110,-25,952,-2.63,1.29,9,76,101,1.33,115,121,-6,927,-0.65,1.05,24,91,100,1.1,106,102,4,921,0.43,0.96,16,90,83,0.92,925,-7.8,-15.7,-1.1,-17.0
휴게음식점,철도역구내,19,19,0,220,0.0,1.0,3,16,16,1.0,17,23,-6,220,-2.73,1.35,7,10,16,1.6,24,10,14,214,6.54,0.42,2,22,8,0.36,228,41.2,-56.5,120.0,-50.0
휴게음식점,커피숍,10983,12425,-1442,82597,-1.75,1.13,929,10054,11494,1.14,9598,11286,-1688,81155,-2.08,1.18,1041,8557,10239,1.2,9143,9875,-732,79467,-0.92,1.08,1169,7974,8699,1.09,78705,-4.7,-12.5,-6.8,-15.0
휴게음식점,키즈카페,72,83,-11,669,-1.64,1.15,1,71,82,1.15,43,71,-28,658,-4.26,1.65,0,43,71,1.65,45,86,-41,630,-6.51,1.91,0,45,86,1.91,589,4.7,21.1,4.7,21.1
휴게음식점,패스트푸드,584,805,-221,9129,-2.42,1.38,54,530,751,1.42,573,866,-293,8908,-3.29,1.51,86,487,791,1.62,584,744,-160,8615,-1.86,1.27,70,514,664,1.29,8452,1.9,-14.1,5.5,-16.1
휴게음식점,편의점,3556,3309,247,33933,0.73,0.93,82,3474,3222,0.93,2926,3460,-534,34180,-1.56,1.18,64,2862,3401,1.19,2706,2868,-162,33646,-0.48,1.06,49,2657,2814,1.06,33493,-7.5,-17.1,-7.2,-17.3
휴게음식점,푸드트럭,1104,429,675,2423,27.86,0.39,159,945,275,0.29,1064,521,543,3098,17.53,0.49,112,952,396,0.42,876,504,372,3641,10.22,0.58,86,790,410,0.52,4028,-17.7,-3.3,-17.0,3.5
제과점,제과점영업,3338,3407,-69,19705,-0.35,1.02,1187,2151,2250,1.05,3695,3545,150,19636,0.76,0.96,1441,2254,2119,0.94,4125,3650,475,19786,2.4,0.88,1477,2648,2126,0.8,20302,11.6,3.0,17.5,0.3
노래연습장,노래연습장업,386,912,-526,28595,-1.84,2.36,1,385,911,2.37,319,1023,-704,28068,-2.51,3.21,1,318,1022,3.21,218,1003,-785,27364,-2.87,4.6,0,218,1003,4.6,26566,-31.7,-2.0,-31.4,-1.9
체력단련장,체력단련장업,1796,513,1283,13993,9.17,0.29,2,1794,511,0.28,1711,564,1147,15269,7.51,0.33,3,1708,562,0.33,1257,736,521,16412,3.17,0.59,4,1253,731,0.58,16938,-26.5,30.5,-26.6,30.1
PC방,인터넷컴퓨터게임시설제공업,2438,1689,749,16185,4.63,0.69,48,2390,1642,0.69,2457,1583,874,16783,5.21,0.64,35,2422,1545,0.64,2733,1597,1136,17559,6.47,0.58,61,2672,1536,0.57,18678,11.2,0.9,10.3,-0.6
숙박업,관광호텔,50,22,28,1335,2.1,0.44,0,50,22,0.44,54,16,38,1363,2.79,0.3,0,54,16,0.3,69,12,57,1401,4.07,0.17,0,69,12,0.17,1458,27.8,-25.0,27.8,-25.0
숙박업,숙박업 기타,85,28,57,1518,3.75,0.33,1,84,27,0.32,113,25,88,1575,5.59,0.22,1,112,24,0.21,108,41,67,1663,4.03,0.38,0,108,41,0.38,1732,-4.4,64.0,-3.6,70.8
숙박업,숙박업(생활),674,132,542,5487,9.88,0.2,5,669,127,0.19,712,167,545,6029,9.04,0.23,4,708,163,0.23,885,141,744,6574,11.32,0.16,3,882,138,0.16,7325,24.3,-15.6,24.6,-15.3
숙박업,여관업,71,335,-264,16966,-1.56,4.72,3,68,332,4.88,59,287,-228,16702,-1.37,4.86,2,57,285,5.0,41,295,-254,16474,-1.54,7.2,0,41,295,7.2,16216,-30.5,2.8,-28.1,3.5
숙박업,여인숙업,4,98,-94,1680,-5.6,24.5,0,4,98,24.5,6,68,-62,1586,-3.91,11.33,0,6,68,11.33,1,51,-50,1524,-3.28,51.0,0,1,51,51.0,1475,-83.3,-25.0,-83.3,-25.0
숙박업,일반호텔,90,29,61,2713,2.25,0.32,1,89,28,0.31,75,33,42,2774,1.51,0.44,2,73,31,0.42,94,30,64,2816,2.27,0.32,0,94,30,0.32,2881,25.3,-9.1,28.8,-3.2
숙박업,휴양콘도미니엄업,2,3,-1,180,-0.56,1.5,0,2,3,1.5,4,0,4,179,2.23,0.0,0,4,0,0.0,12,4,8,183,4.37,0.33,0,12,4,0.33,192,200.0,,200.0,
미용업,기타,158,128,30,1778,1.69,0.81,0,158,128,0.81,155,174,-19,1808,-1.05,1.12,5,150,169,1.13,205,149,56,1789,3.13,0.73,0,205,149,0.73,1849,32.3,-14.4,36.7,-11.8
미용업,네일아트업,4055,2570,1485,24807,5.99,0.63,34,4021,2533,0.63,3523,2609,914,26292,3.48,0.74,32,3491,2577,0.74,3202,2601,601,27206,2.21,0.81,15,3187,2586,0.81,27815,-9.1,-0.3,-8.7,0.3
미용업,메이크업업,2344,983,1361,7615,17.87,0.42,18,2326,965,0.41,2189,1208,981,8976,10.93,0.55,17,2172,1191,0.55,2110,1284,826,9957,8.3,0.61,28,2082,1255,0.6,10803,-3.6,6.3,-4.1,5.4
미용업,일반미용업,7678,6004,1674,118404,1.41,0.78,83,7595,5925,0.78,7346,6046,1300,120078,1.08,0.82,80,7266,5967,0.82,7245,5895,1350,121378,1.11,0.81,74,7171,5812,0.81,122795,-1.4,-2.5,-1.3,-2.6
미용업,피부미용업,4834,3255,1579,30191,5.23,0.67,61,4773,3197,0.67,4311,3693,618,31770,1.95,0.86,60,4251,3629,0.85,4188,3568,620,32388,1.91,0.85,62,4126,3505,0.85,33025,-2.9,-3.4,-2.9,-3.4
세탁업,빨래방업,9,29,-20,334,-5.99,3.22,1,8,28,3.5,6,26,-20,314,-6.37,4.33,0,6,26,4.33,8,19,-11,294,-3.74,2.38,0,8,19,2.38,283,33.3,-26.9,33.3,-26.9
세탁업,세탁업 기타,45,24,21,336,6.25,0.53,0,45,24,0.53,38,25,13,357,3.64,0.66,1,37,24,0.65,52,23,29,370,7.84,0.44,1,51,22,0.43,399,36.8,-8.0,37.8,-8.3
세탁업,운동화전문세탁업,29,48,-19,544,-3.49,1.66,0,29,48,1.66,11,45,-34,525,-6.48,4.09,1,10,44,4.4,16,45,-29,491,-5.91,2.81,1,15,44,2.93,463,45.5,0.0,50.0,0.0
세탁업,일반세탁업,268,1060,-792,19578,-4.05,3.96,10,258,1050,4.07,269,986,-717,18786,-3.82,3.67,9,260,979,3.77,242,856,-614,18069,-3.4,3.54,2,240,852,3.55,17445,-10.0,-13.2,-7.7,-13.0
식품자동판매기업,식품자동판매기영업,4604,3898,706,38811,1.82,0.85,79,4525,3817,0.84,3861,4086,-225,39517,-0.57,1.06,57,3804,4025,1.06,3464,3720,-256,39292,-0.65,1.07,45,3419,3674,1.07,39032,-10.3,-9.0,-10.1,-8.7
체육도장업,(미기재),6,61,-55,2015,-2.73,10.17,1,5,60,12.0,10,75,-65,1960,-3.32,7.5,0,10,75,7.5,16,69,-53,1895,-2.8,4.31,0,16,69,4.31,1841,60.0,-8.0,60.0,-8.0
체육도장업,검도,19,17,2,640,0.31,0.89,1,18,16,0.89,14,11,3,642,0.47,0.79,0,14,11,0.79,24,24,0,645,0.0,1.0,0,24,24,1.0,645,71.4,118.2,71.4,118.2
체육도장업,권투,236,43,193,1786,10.81,0.18,0,236,43,0.18,245,40,205,1977,10.37,0.16,0,245,40,0.16,279,70,209,2182,9.58,0.25,1,278,69,0.25,2392,13.9,75.0,13.5,72.5
체육도장업,레슬링,21,4,17,112,15.18,0.19,0,21,4,0.19,18,4,14,129,10.85,0.22,0,18,4,0.22,29,7,22,143,15.38,0.24,0,29,7,0.24,165,61.1,75.0,61.1,75.0
체육도장업,우슈,9,9,0,117,0.0,1.0,0,9,9,1.0,5,2,3,116,2.59,0.4,0,5,2,0.4,10,9,1,119,0.84,0.9,1,9,8,0.89,121,100.0,350.0,80.0,300.0
체육도장업,유도,81,18,63,717,8.79,0.22,0,81,18,0.22,76,30,46,780,5.9,0.39,1,75,29,0.39,72,28,44,826,5.33,0.39,0,72,28,0.39,870,-5.3,-6.7,-4.0,-3.4
체육도장업,태권도,408,249,159,9383,1.69,0.61,3,405,245,0.6,382,306,76,9541,0.8,0.8,1,381,305,0.8,362,358,4,9617,0.04,0.99,1,361,357,0.99,9623,-5.2,17.0,-5.2,17.0
체육도장업,합기도,43,62,-19,1205,-1.58,1.44,1,42,61,1.45,44,55,-11,1186,-0.93,1.25,0,44,55,1.25,52,86,-34,1175,-2.89,1.65,0,52,86,1.65,1137,18.2,56.4,18.2,56.4
