업종,범위,폐업건수,평균영업년수,중앙값영업년수,1년내폐업비율%,3년내폐업비율%,10년이상비율%
일반음식점,전국,75793,7.11,3.76,24.9,44.3,24.2
일반음식점,서울 강남구,1675,6.35,2.98,28.9,50.3,21.7
일반음식점,성남 분당구,557,6.34,3.16,26.6,48.1,25.9
일반음식점,인천 영종(옛 중구),336,3.27,2.15,33.3,61.3,6.2
일반음식점,제주 서귀포시,541,6.08,3.82,32.5,45.5,20.5
휴게음식점,전국,35094,3.63,1.97,41.8,59.3,8.8
휴게음식점,서울 강남구,878,2.36,0.06,66.3,75.9,7.1
휴게음식점,성남 분당구,443,2.46,0.08,60.0,74.7,7.7
휴게음식점,인천 영종(옛 중구),78,2.3,1.51,42.3,65.4,0.0
휴게음식점,제주 서귀포시,227,4.62,3.83,27.8,43.6,9.7
제과점,전국,3651,4.12,1.3,47.5,63.4,14.0
제과점,서울 강남구,128,2.07,0.06,67.2,80.5,7.8
제과점,성남 분당구,50,4.61,3.08,42.0,50.0,14.0
제과점,인천 영종(옛 중구),16,5.9,3.99,18.8,43.8,25.0
제과점,제주 서귀포시,21,4.58,3.61,33.3,42.9,4.8
노래연습장,전국,1003,20.01,22.58,0.2,2.3,83.5
노래연습장,서울 강남구,7,16.93,15.77,0.0,0.0,71.4
노래연습장,성남 분당구,6,22.43,24.0,0.0,0.0,100.0
노래연습장,제주 서귀포시,4,23.27,25.55,0.0,0.0,75.0
체력단련장,전국,736,7.46,4.96,7.7,26.6,22.6
체력단련장,서울 강남구,18,6.84,6.39,11.1,22.2,16.7
체력단련장,성남 분당구,5,4.66,3.62,0.0,40.0,0.0
체력단련장,인천 영종(옛 중구),2,7.24,7.24,0.0,0.0,0.0
체력단련장,제주 서귀포시,5,3.55,2.16,0.0,60.0,0.0
PC방,전국,1597,4.78,2.97,22.1,50.3,12.5
PC방,서울 강남구,2,7.72,7.72,0.0,50.0,50.0
PC방,성남 분당구,2,12.93,12.93,0.0,0.0,50.0
PC방,인천 영종(옛 중구),4,3.31,2.31,0.0,75.0,0.0
PC방,제주 서귀포시,7,2.14,1.9,28.6,85.7,0.0
숙박업,전국,574,22.6,22.26,3.3,10.8,70.0
숙박업,서울 강남구,4,16.29,11.72,0.0,0.0,50.0
숙박업,인천 영종(옛 중구),5,8.54,1.33,20.0,60.0,20.0
숙박업,제주 서귀포시,16,13.87,11.9,0.0,6.2,68.8
미용업,전국,13505,7.08,4.68,9.5,34.9,21.4
미용업,서울 강남구,310,6.22,4.59,15.5,38.4,18.7
미용업,성남 분당구,147,6.41,5.0,12.2,37.4,18.4
미용업,인천 영종(옛 중구),17,4.35,2.99,11.8,52.9,11.8
미용업,제주 서귀포시,39,7.52,5.0,5.1,20.5,20.5
세탁업,전국,943,19.96,20.45,2.5,7.7,74.9
세탁업,서울 강남구,15,17.27,16.78,0.0,0.0,73.3
세탁업,성남 분당구,9,22.71,22.41,0.0,11.1,88.9
세탁업,제주 서귀포시,4,20.39,17.5,0.0,0.0,75.0
동물병원,전국,134,13.75,9.31,8.2,23.9,45.5
동물병원,서울 강남구,2,10.53,10.53,0.0,0.0,50.0
동물미용업,전국,629,4.46,4.26,6.0,37.7,0.0
동물미용업,서울 강남구,11,5.71,7.08,0.0,18.2,0.0
동물미용업,성남 분당구,5,3.58,2.47,0.0,60.0,0.0
동물미용업,인천 영종(옛 중구),2,2.97,2.97,0.0,50.0,0.0
동물미용업,제주 서귀포시,8,5.74,6.55,0.0,12.5,0.0
동물위탁관리업,전국,509,4.18,3.82,5.9,41.1,0.0
동물위탁관리업,서울 강남구,11,5.48,6.91,0.0,27.3,0.0
동물위탁관리업,성남 분당구,3,5.75,7.46,0.0,33.3,0.0
동물위탁관리업,제주 서귀포시,9,4.79,4.12,0.0,22.2,0.0
식품자동판매기업,전국,3720,9.07,5.22,6.7,28.4,26.9
식품자동판매기업,서울 강남구,29,7.2,4.58,20.7,34.5,20.7
식품자동판매기업,성남 분당구,35,4.21,3.21,2.9,48.6,8.6
식품자동판매기업,인천 영종(옛 중구),18,5.42,3.67,5.6,33.3,5.6
식품자동판매기업,제주 서귀포시,14,7.88,7.59,7.1,21.4,21.4
체육도장업,전국,651,13.58,11.65,3.2,12.4,55.1
체육도장업,서울 강남구,5,11.2,11.23,0.0,20.0,60.0
체육도장업,성남 분당구,2,4.66,4.66,0.0,50.0,0.0
