키워드,업종,분기,개업,폐업
무인,일반음식점,2023Q1,2,1
무인,일반음식점,2023Q2,1,2
무인,일반음식점,2023Q3,1,1
무인,일반음식점,2023Q4,1,0
무인,일반음식점,2024Q1,1,1
무인,일반음식점,2024Q2,3,1
무인,일반음식점,2024Q3,2,1
무인,일반음식점,2024Q4,4,1
무인,일반음식점,2025Q1,2,0
무인,일반음식점,2025Q2,1,1
무인,일반음식점,2025Q3,3,2
무인,일반음식점,2025Q4,2,3
무인,일반음식점,2026Q1,1,1
무인,일반음식점,2026Q2,4,1
무인,일반음식점,2026Q3,1,3
셀프,일반음식점,2023Q1,6,6
셀프,일반음식점,2023Q2,12,5
셀프,일반음식점,2023Q3,10,9
셀프,일반음식점,2023Q4,8,9
셀프,일반음식점,2024Q1,5,9
셀프,일반음식점,2024Q2,6,10
셀프,일반음식점,2024Q3,15,4
셀프,일반음식점,2024Q4,22,19
셀프,일반음식점,2025Q1,20,19
셀프,일반음식점,2025Q2,20,17
셀프,일반음식점,2025Q3,17,18
셀프,일반음식점,2025Q4,10,22
셀프,일반음식점,2026Q1,7,8
셀프,일반음식점,2026Q2,3,7
셀프,일반음식점,2026Q3,0,5
24시,일반음식점,2023Q1,8,8
24시,일반음식점,2023Q2,5,12
24시,일반음식점,2023Q3,6,9
24시,일반음식점,2023Q4,7,10
24시,일반음식점,2024Q1,12,10
24시,일반음식점,2024Q2,7,11
24시,일반음식점,2024Q3,9,9
24시,일반음식점,2024Q4,8,12
24시,일반음식점,2025Q1,7,7
24시,일반음식점,2025Q2,9,9
24시,일반음식점,2025Q3,10,9
24시,일반음식점,2025Q4,12,12
24시,일반음식점,2026Q1,4,6
24시,일반음식점,2026Q2,7,8
24시,일반음식점,2026Q3,6,11
탕후루,일반음식점,2023Q1,10,1
탕후루,일반음식점,2023Q2,35,5
탕후루,일반음식점,2023Q3,103,9
탕후루,일반음식점,2023Q4,42,10
탕후루,일반음식점,2024Q1,12,16
탕후루,일반음식점,2024Q2,9,31
탕후루,일반음식점,2024Q3,3,48
탕후루,일반음식점,2024Q4,1,51
탕후루,일반음식점,2025Q1,0,26
탕후루,일반음식점,2025Q2,2,27
탕후루,일반음식점,2025Q3,3,18
탕후루,일반음식점,2025Q4,1,22
탕후루,일반음식점,2026Q1,0,10
탕후루,일반음식점,2026Q2,0,5
탕후루,일반음식점,2026Q3,0,4
요거트아이스크림,일반음식점,2023Q1,13,7
요거트아이스크림,일반음식점,2023Q2,25,9
요거트아이스크림,일반음식점,2023Q3,16,8
요거트아이스크림,일반음식점,2023Q4,18,5
요거트아이스크림,일반음식점,2024Q1,29,10
요거트아이스크림,일반음식점,2024Q2,40,10
요거트아이스크림,일반음식점,2024Q3,49,8
요거트아이스크림,일반음식점,2024Q4,30,12
요거트아이스크림,일반음식점,2025Q1,24,12
요거트아이스크림,일반음식점,2025Q2,21,18
요거트아이스크림,일반음식점,2025Q3,13,14
요거트아이스크림,일반음식점,2025Q4,3,27
요거트아이스크림,일반음식점,2026Q1,11,13
요거트아이스크림,일반음식점,2026Q2,4,20
요거트아이스크림,일반음식점,2026Q3,7,18
두바이,일반음식점,2023Q1,1,0
두바이,일반음식점,2023Q2,1,1
두바이,일반음식점,2024Q2,1,0
두바이,일반음식점,2024Q3,1,1
두바이,일반음식점,2024Q4,1,0
두바이,일반음식점,2025Q2,1,0
두바이,일반음식점,2025Q3,1,0
두바이,일반음식점,2025Q4,2,2
두바이,일반음식점,2026Q1,1,0
두바이,일반음식점,2026Q2,0,3
베이글,일반음식점,2023Q1,23,3
베이글,일반음식점,2023Q2,19,7
베이글,일반음식점,2023Q3,21,5
베이글,일반음식점,2023Q4,26,10
베이글,일반음식점,2024Q1,15,4
베이글,일반음식점,2024Q2,26,12
베이글,일반음식점,2024Q3,30,24
베이글,일반음식점,2024Q4,18,13
베이글,일반음식점,2025Q1,22,19
베이글,일반음식점,2025Q2,16,18
베이글,일반음식점,2025Q3,23,20
베이글,일반음식점,2025Q4,20,24
베이글,일반음식점,2026Q1,11,15
베이글,일반음식점,2026Q2,30,27
베이글,일반음식점,2026Q3,23,34
소금빵,일반음식점,2023Q1,1,0
소금빵,일반음식점,2023Q2,1,0
소금빵,일반음식점,2023Q3,2,0
소금빵,일반음식점,2023Q4,1,1
소금빵,일반음식점,2024Q2,0,3
소금빵,일반음식점,2024Q4,2,0
소금빵,일반음식점,2025Q3,4,1
소금빵,일반음식점,2026Q2,2,0
마라(탕),일반음식점,2023Q1,309,76
마라(탕),일반음식점,2023Q2,261,93
마라(탕),일반음식점,2023Q3,188,104
마라(탕),일반음식점,2023Q4,188,113
마라(탕),일반음식점,2024Q1,139,133
마라(탕),일반음식점,2024Q2,137,154
마라(탕),일반음식점,2024Q3,116,154
마라(탕),일반음식점,2024Q4,98,178
마라(탕),일반음식점,2025Q1,96,142
마라(탕),일반음식점,2025Q2,115,147
마라(탕),일반음식점,2025Q3,104,131
마라(탕),일반음식점,2025Q4,141,134
마라(탕),일반음식점,2026Q1,138,107
마라(탕),일반음식점,2026Q2,149,117
마라(탕),일반음식점,2026Q3,106,123
포케,일반음식점,2023Q1,16,2
포케,일반음식점,2023Q2,22,4
포케,일반음식점,2023Q3,27,2
포케,일반음식점,2023Q4,22,10
포케,일반음식점,2024Q1,20,6
포케,일반음식점,2024Q2,21,8
포케,일반음식점,2024Q3,41,5
포케,일반음식점,2024Q4,35,4
포케,일반음식점,2025Q1,28,5
포케,일반음식점,2025Q2,26,9
포케,일반음식점,2025Q3,34,15
포케,일반음식점,2025Q4,19,20
포케,일반음식점,2026Q1,24,12
포케,일반음식점,2026Q2,17,17
포케,일반음식점,2026Q3,6,13
샐러드,일반음식점,2023Q1,34,40
샐러드,일반음식점,2023Q2,34,33
샐러드,일반음식점,2023Q3,37,30
샐러드,일반음식점,2023Q4,22,55
샐러드,일반음식점,2024Q1,23,28
샐러드,일반음식점,2024Q2,20,29
샐러드,일반음식점,2024Q3,21,26
샐러드,일반음식점,2024Q4,27,43
샐러드,일반음식점,2025Q1,19,29
샐러드,일반음식점,2025Q2,19,30
샐러드,일반음식점,2025Q3,27,27
샐러드,일반음식점,2025Q4,19,37
샐러드,일반음식점,2026Q1,26,31
샐러드,일반음식점,2026Q2,15,39
샐러드,일반음식점,2026Q3,19,36
하이볼,일반음식점,2023Q1,3,1
하이볼,일반음식점,2023Q2,3,1
하이볼,일반음식점,2023Q3,6,3
하이볼,일반음식점,2023Q4,5,2
하이볼,일반음식점,2024Q1,5,0
하이볼,일반음식점,2024Q2,7,3
하이볼,일반음식점,2024Q3,14,11
하이볼,일반음식점,2024Q4,2,5
하이볼,일반음식점,2025Q1,3,4
하이볼,일반음식점,2025Q2,3,5
하이볼,일반음식점,2025Q3,11,10
하이볼,일반음식점,2025Q4,3,5
하이볼,일반음식점,2026Q1,3,1
하이볼,일반음식점,2026Q2,4,8
하이볼,일반음식점,2026Q3,4,9
이자카야,일반음식점,2023Q1,14,6
이자카야,일반음식점,2023Q2,23,3
이자카야,일반음식점,2023Q3,20,8
이자카야,일반음식점,2023Q4,25,6
이자카야,일반음식점,2024Q1,13,6
이자카야,일반음식점,2024Q2,22,3
이자카야,일반음식점,2024Q3,17,11
이자카야,일반음식점,2024Q4,15,19
이자카야,일반음식점,2025Q1,15,7
이자카야,일반음식점,2025Q2,19,11
이자카야,일반음식점,2025Q3,16,16
이자카야,일반음식점,2025Q4,21,15
이자카야,일반음식점,2026Q1,14,12
이자카야,일반음식점,2026Q2,19,12
이자카야,일반음식점,2026Q3,27,15
오마카세,일반음식점,2023Q1,9,1
오마카세,일반음식점,2023Q2,11,1
오마카세,일반음식점,2023Q3,7,0
오마카세,일반음식점,2023Q4,2,1
오마카세,일반음식점,2024Q1,2,2
오마카세,일반음식점,2024Q2,9,6
오마카세,일반음식점,2024Q3,7,2
오마카세,일반음식점,2024Q4,4,2
오마카세,일반음식점,2025Q1,3,0
오마카세,일반음식점,2025Q2,4,1
오마카세,일반음식점,2025Q3,2,2
오마카세,일반음식점,2025Q4,4,1
오마카세,일반음식점,2026Q1,0,2
오마카세,일반음식점,2026Q2,2,1
오마카세,일반음식점,2026Q3,1,2
와인,일반음식점,2023Q1,20,14
와인,일반음식점,2023Q2,16,13
와인,일반음식점,2023Q3,26,14
와인,일반음식점,2023Q4,23,25
와인,일반음식점,2024Q1,13,20
와인,일반음식점,2024Q2,20,20
와인,일반음식점,2024Q3,15,22
와인,일반음식점,2024Q4,11,35
와인,일반음식점,2025Q1,8,17
와인,일반음식점,2025Q2,10,15
와인,일반음식점,2025Q3,16,16
와인,일반음식점,2025Q4,14,27
와인,일반음식점,2026Q1,9,17
와인,일반음식점,2026Q2,4,18
와인,일반음식점,2026Q3,6,11
위스키,일반음식점,2023Q1,6,0
위스키,일반음식점,2023Q2,2,4
위스키,일반음식점,2023Q3,14,3
위스키,일반음식점,2023Q4,4,2
위스키,일반음식점,2024Q1,8,3
위스키,일반음식점,2024Q2,8,4
위스키,일반음식점,2024Q3,3,1
위스키,일반음식점,2024Q4,8,3
위스키,일반음식점,2025Q1,3,2
위스키,일반음식점,2025Q2,3,4
위스키,일반음식점,2025Q3,4,2
위스키,일반음식점,2025Q4,10,7
위스키,일반음식점,2026Q1,5,6
위스키,일반음식점,2026Q2,2,2
위스키,일반음식점,2026Q3,3,1
저가커피브랜드,일반음식점,2023Q1,19,6
저가커피브랜드,일반음식점,2023Q2,26,10
저가커피브랜드,일반음식점,2023Q3,22,4
저가커피브랜드,일반음식점,2023Q4,17,4
저가커피브랜드,일반음식점,2024Q1,19,4
저가커피브랜드,일반음식점,2024Q2,14,5
저가커피브랜드,일반음식점,2024Q3,18,3
저가커피브랜드,일반음식점,2024Q4,23,9
저가커피브랜드,일반음식점,2025Q1,14,2
저가커피브랜드,일반음식점,2025Q2,14,5
저가커피브랜드,일반음식점,2025Q3,11,4
저가커피브랜드,일반음식점,2025Q4,11,8
저가커피브랜드,일반음식점,2026Q1,5,10
저가커피브랜드,일반음식점,2026Q2,10,6
저가커피브랜드,일반음식점,2026Q3,14,6
버블티·밀크티,일반음식점,2023Q1,0,4
버블티·밀크티,일반음식점,2023Q2,2,2
버블티·밀크티,일반음식점,2023Q3,1,5
버블티·밀크티,일반음식점,2023Q4,3,6
버블티·밀크티,일반음식점,2024Q1,1,2
버블티·밀크티,일반음식점,2024Q2,3,3
버블티·밀크티,일반음식점,2024Q3,4,0
버블티·밀크티,일반음식점,2024Q4,1,3
버블티·밀크티,일반음식점,2025Q1,0,1
버블티·밀크티,일반음식점,2025Q2,1,2
버블티·밀크티,일반음식점,2025Q3,2,5
버블티·밀크티,일반음식점,2025Q4,1,4
버블티·밀크티,일반음식점,2026Q1,5,6
버블티·밀크티,일반음식점,2026Q2,2,4
버블티·밀크티,일반음식점,2026Q3,6,8
젤라또,일반음식점,2023Q1,3,0
젤라또,일반음식점,2023Q2,5,1
젤라또,일반음식점,2023Q3,2,0
젤라또,일반음식점,2023Q4,4,1
젤라또,일반음식점,2024Q1,8,1
젤라또,일반음식점,2024Q2,8,3
젤라또,일반음식점,2024Q3,8,5
젤라또,일반음식점,2024Q4,6,5
젤라또,일반음식점,2025Q1,8,1
젤라또,일반음식점,2025Q2,12,5
젤라또,일반음식점,2025Q3,15,9
젤라또,일반음식점,2025Q4,9,9
젤라또,일반음식점,2026Q1,5,3
젤라또,일반음식점,2026Q2,12,14
젤라또,일반음식점,2026Q3,13,10
키즈,일반음식점,2023Q1,7,2
키즈,일반음식점,2023Q2,12,10
키즈,일반음식점,2023Q3,1,6
키즈,일반음식점,2023Q4,10,2
키즈,일반음식점,2024Q1,5,6
키즈,일반음식점,2024Q2,4,4
키즈,일반음식점,2024Q3,4,4
키즈,일반음식점,2024Q4,6,7
키즈,일반음식점,2025Q1,4,8
키즈,일반음식점,2025Q2,2,3
키즈,일반음식점,2025Q3,2,4
키즈,일반음식점,2025Q4,2,6
키즈,일반음식점,2026Q1,3,9
키즈,일반음식점,2026Q2,1,5
키즈,일반음식점,2026Q3,4,1
반려동물(펫·애견),일반음식점,2023Q1,3,2
반려동물(펫·애견),일반음식점,2023Q2,7,3
반려동물(펫·애견),일반음식점,2023Q3,7,5
반려동물(펫·애견),일반음식점,2023Q4,8,4
반려동물(펫·애견),일반음식점,2024Q1,4,2
반려동물(펫·애견),일반음식점,2024Q2,4,9
반려동물(펫·애견),일반음식점,2024Q3,5,6
반려동물(펫·애견),일반음식점,2024Q4,4,9
반려동물(펫·애견),일반음식점,2025Q1,5,3
반려동물(펫·애견),일반음식점,2025Q2,4,4
반려동물(펫·애견),일반음식점,2025Q3,6,5
반려동물(펫·애견),일반음식점,2025Q4,3,4
반려동물(펫·애견),일반음식점,2026Q1,2,5
반려동물(펫·애견),일반음식점,2026Q2,7,3
반려동물(펫·애견),일반음식점,2026Q3,4,6
고양이,일반음식점,2023Q1,5,3
고양이,일반음식점,2023Q2,11,4
고양이,일반음식점,2023Q3,10,17
고양이,일반음식점,2023Q4,13,13
고양이,일반음식점,2024Q1,9,6
고양이,일반음식점,2024Q2,2,8
고양이,일반음식점,2024Q3,4,10
고양이,일반음식점,2024Q4,6,11
고양이,일반음식점,2025Q1,4,5
고양이,일반음식점,2025Q2,5,4
고양이,일반음식점,2025Q3,12,11
고양이,일반음식점,2025Q4,5,4
고양이,일반음식점,2026Q1,8,6
고양이,일반음식점,2026Q2,6,5
고양이,일반음식점,2026Q3,9,7
빨래방·코인세탁,일반음식점,2023Q1,0,1
빨래방·코인세탁,일반음식점,2023Q4,0,1
빨래방·코인세탁,일반음식점,2024Q1,0,1
빨래방·코인세탁,일반음식점,2024Q2,0,1
빨래방·코인세탁,일반음식점,2024Q3,0,1
빨래방·코인세탁,일반음식점,2025Q1,1,0
빨래방·코인세탁,일반음식점,2025Q2,2,1
빨래방·코인세탁,일반음식점,2025Q4,1,0
빨래방·코인세탁,일반음식점,2026Q1,0,1
빨래방·코인세탁,일반음식점,2026Q2,0,1
빨래방·코인세탁,일반음식점,2026Q3,1,0
필라테스,일반음식점,2023Q2,0,1
필라테스,일반음식점,2024Q2,1,0
PT·퍼스널,일반음식점,2023Q1,5,1
PT·퍼스널,일반음식점,2023Q2,1,2
PT·퍼스널,일반음식점,2023Q3,3,1
PT·퍼스널,일반음식점,2023Q4,2,3
PT·퍼스널,일반음식점,2024Q1,2,1
PT·퍼스널,일반음식점,2024Q2,4,3
PT·퍼스널,일반음식점,2024Q3,2,2
PT·퍼스널,일반음식점,2024Q4,5,2
PT·퍼스널,일반음식점,2025Q1,1,3
PT·퍼스널,일반음식점,2025Q2,6,3
PT·퍼스널,일반음식점,2025Q3,4,3
PT·퍼스널,일반음식점,2025Q4,3,1
PT·퍼스널,일반음식점,2026Q1,1,3
PT·퍼스널,일반음식점,2026Q2,4,0
PT·퍼스널,일반음식점,2026Q3,3,2
스크린,일반음식점,2023Q1,27,3
스크린,일반음식점,2023Q2,24,1
스크린,일반음식점,2023Q3,12,1
스크린,일반음식점,2023Q4,17,5
스크린,일반음식점,2024Q1,27,2
스크린,일반음식점,2024Q2,20,3
스크린,일반음식점,2024Q3,25,2
스크린,일반음식점,2024Q4,21,6
스크린,일반음식점,2025Q1,15,1
스크린,일반음식점,2025Q2,18,8
스크린,일반음식점,2025Q3,7,6
스크린,일반음식점,2025Q4,10,4
스크린,일반음식점,2026Q1,10,7
스크린,일반음식점,2026Q2,11,6
스크린,일반음식점,2026Q3,11,4
코인노래,일반음식점,2023Q1,1,1
코인노래,일반음식점,2023Q3,1,1
코인노래,일반음식점,2023Q4,0,2
코인노래,일반음식점,2024Q2,1,0
코인노래,일반음식점,2024Q3,1,1
코인노래,일반음식점,2024Q4,1,1
코인노래,일반음식점,2025Q2,0,1
코인노래,일반음식점,2025Q3,0,1
코인노래,일반음식점,2025Q4,1,2
코인노래,일반음식점,2026Q1,1,1
코인노래,일반음식점,2026Q2,0,2
코인노래,일반음식점,2026Q3,0,1
밀키트,일반음식점,2023Q1,1,6
밀키트,일반음식점,2023Q2,4,1
밀키트,일반음식점,2023Q3,0,2
밀키트,일반음식점,2023Q4,1,7
밀키트,일반음식점,2024Q1,0,5
밀키트,일반음식점,2024Q2,0,6
밀키트,일반음식점,2024Q3,0,1
밀키트,일반음식점,2024Q4,0,2
밀키트,일반음식점,2025Q1,0,2
밀키트,일반음식점,2025Q2,2,1
밀키트,일반음식점,2025Q3,1,1
밀키트,일반음식점,2025Q4,0,2
밀키트,일반음식점,2026Q1,0,1
밀키트,일반음식점,2026Q2,0,1
밀키트,일반음식점,2026Q3,1,0
반찬,일반음식점,2023Q1,36,22
반찬,일반음식점,2023Q2,30,29
반찬,일반음식점,2023Q3,18,10
반찬,일반음식점,2023Q4,35,34
반찬,일반음식점,2024Q1,24,33
반찬,일반음식점,2024Q2,31,25
반찬,일반음식점,2024Q3,25,27
반찬,일반음식점,2024Q4,40,27
반찬,일반음식점,2025Q1,24,25
반찬,일반음식점,2025Q2,28,23
반찬,일반음식점,2025Q3,24,26
반찬,일반음식점,2025Q4,40,44
반찬,일반음식점,2026Q1,32,35
반찬,일반음식점,2026Q2,23,24
반찬,일반음식점,2026Q3,19,28
도시락,일반음식점,2023Q1,55,53
도시락,일반음식점,2023Q2,47,46
도시락,일반음식점,2023Q3,47,44
도시락,일반음식점,2023Q4,53,71
도시락,일반음식점,2024Q1,46,44
도시락,일반음식점,2024Q2,67,71
도시락,일반음식점,2024Q3,48,40
도시락,일반음식점,2024Q4,51,76
도시락,일반음식점,2025Q1,33,48
도시락,일반음식점,2025Q2,56,46
도시락,일반음식점,2025Q3,48,48
도시락,일반음식점,2025Q4,58,75
도시락,일반음식점,2026Q1,41,49
도시락,일반음식점,2026Q2,55,52
도시락,일반음식점,2026Q3,63,49
디저트,일반음식점,2023Q1,23,10
디저트,일반음식점,2023Q2,28,16
디저트,일반음식점,2023Q3,29,18
디저트,일반음식점,2023Q4,20,26
디저트,일반음식점,2024Q1,23,24
디저트,일반음식점,2024Q2,35,17
디저트,일반음식점,2024Q3,24,16
디저트,일반음식점,2024Q4,14,30
디저트,일반음식점,2025Q1,17,24
디저트,일반음식점,2025Q2,17,30
디저트,일반음식점,2025Q3,24,37
디저트,일반음식점,2025Q4,23,43
디저트,일반음식점,2026Q1,20,26
디저트,일반음식점,2026Q2,39,35
디저트,일반음식점,2026Q3,54,58
편의점,일반음식점,2023Q1,3,2
편의점,일반음식점,2023Q2,4,2
편의점,일반음식점,2023Q3,5,3
편의점,일반음식점,2023Q4,0,2
편의점,일반음식점,2024Q1,1,1
편의점,일반음식점,2024Q2,1,3
편의점,일반음식점,2024Q3,0,2
편의점,일반음식점,2024Q4,1,3
편의점,일반음식점,2025Q1,4,1
편의점,일반음식점,2025Q2,0,1
편의점,일반음식점,2025Q3,4,5
편의점,일반음식점,2025Q4,0,7
편의점,일반음식점,2026Q1,1,2
편의점,일반음식점,2026Q2,2,2
편의점,일반음식점,2026Q3,2,1
스터디,일반음식점,2023Q2,0,1
스터디,일반음식점,2023Q3,1,3
스터디,일반음식점,2023Q4,0,2
스터디,일반음식점,2024Q2,0,1
스터디,일반음식점,2024Q3,0,2
스터디,일반음식점,2024Q4,0,1
스터디,일반음식점,2025Q1,1,0
스터디,일반음식점,2025Q4,1,1
스터디,일반음식점,2026Q1,1,0
스터디,일반음식점,2026Q2,0,2
풀빌라·스테이,일반음식점,2023Q1,32,28
풀빌라·스테이,일반음식점,2023Q2,40,46
풀빌라·스테이,일반음식점,2023Q3,39,39
풀빌라·스테이,일반음식점,2023Q4,43,46
풀빌라·스테이,일반음식점,2024Q1,30,32
풀빌라·스테이,일반음식점,2024Q2,31,48
풀빌라·스테이,일반음식점,2024Q3,35,36
풀빌라·스테이,일반음식점,2024Q4,37,63
풀빌라·스테이,일반음식점,2025Q1,24,30
풀빌라·스테이,일반음식점,2025Q2,37,33
풀빌라·스테이,일반음식점,2025Q3,53,41
풀빌라·스테이,일반음식점,2025Q4,43,50
풀빌라·스테이,일반음식점,2026Q1,23,26
풀빌라·스테이,일반음식점,2026Q2,50,49
풀빌라·스테이,일반음식점,2026Q3,42,37
한시적(팝업·행사),일반음식점,2023Q1,54,44
한시적(팝업·행사),일반음식점,2023Q2,96,90
한시적(팝업·행사),일반음식점,2023Q3,162,154
한시적(팝업·행사),일반음식점,2023Q4,143,160
한시적(팝업·행사),일반음식점,2024Q1,106,100
한시적(팝업·행사),일반음식점,2024Q2,140,149
한시적(팝업·행사),일반음식점,2024Q3,169,134
한시적(팝업·행사),일반음식점,2024Q4,161,190
한시적(팝업·행사),일반음식점,2025Q1,144,121
한시적(팝업·행사),일반음식점,2025Q2,203,216
한시적(팝업·행사),일반음식점,2025Q3,263,251
한시적(팝업·행사),일반음식점,2025Q4,222,241
한시적(팝업·행사),일반음식점,2026Q1,143,135
한시적(팝업·행사),일반음식점,2026Q2,231,214
한시적(팝업·행사),일반음식점,2026Q3,288,272
축제·행사부스,일반음식점,2023Q1,14,14
축제·행사부스,일반음식점,2023Q2,91,93
축제·행사부스,일반음식점,2023Q3,116,111
축제·행사부스,일반음식점,2023Q4,127,128
축제·행사부스,일반음식점,2024Q1,36,31
축제·행사부스,일반음식점,2024Q2,148,151
축제·행사부스,일반음식점,2024Q3,215,151
축제·행사부스,일반음식점,2024Q4,219,276
축제·행사부스,일반음식점,2025Q1,35,22
축제·행사부스,일반음식점,2025Q2,186,190
축제·행사부스,일반음식점,2025Q3,302,260
축제·행사부스,일반음식점,2025Q4,315,353
축제·행사부스,일반음식점,2026Q1,38,14
축제·행사부스,일반음식점,2026Q2,201,216
축제·행사부스,일반음식점,2026Q3,329,229
사행성연상 상호(대박·로또·잭팟 등),일반음식점,2023Q1,90,80
사행성연상 상호(대박·로또·잭팟 등),일반음식점,2023Q2,87,94
사행성연상 상호(대박·로또·잭팟 등),일반음식점,2023Q3,80,61
사행성연상 상호(대박·로또·잭팟 등),일반음식점,2023Q4,84,119
사행성연상 상호(대박·로또·잭팟 등),일반음식점,2024Q1,79,92
사행성연상 상호(대박·로또·잭팟 등),일반음식점,2024Q2,90,80
사행성연상 상호(대박·로또·잭팟 등),일반음식점,2024Q3,82,80
사행성연상 상호(대박·로또·잭팟 등),일반음식점,2024Q4,93,147
사행성연상 상호(대박·로또·잭팟 등),일반음식점,2025Q1,73,105
사행성연상 상호(대박·로또·잭팟 등),일반음식점,2025Q2,68,100
사행성연상 상호(대박·로또·잭팟 등),일반음식점,2025Q3,87,94
사행성연상 상호(대박·로또·잭팟 등),일반음식점,2025Q4,97,132
사행성연상 상호(대박·로또·잭팟 등),일반음식점,2026Q1,70,75
사행성연상 상호(대박·로또·잭팟 등),일반음식점,2026Q2,65,95
사행성연상 상호(대박·로또·잭팟 등),일반음식점,2026Q3,70,98
무인,휴게음식점,2023Q1,13,3
무인,휴게음식점,2023Q2,12,6
무인,휴게음식점,2023Q3,7,6
무인,휴게음식점,2023Q4,13,6
무인,휴게음식점,2024Q1,11,2
무인,휴게음식점,2024Q2,25,6
무인,휴게음식점,2024Q3,20,6
무인,휴게음식점,2024Q4,17,10
무인,휴게음식점,2025Q1,29,8
무인,휴게음식점,2025Q2,13,8
무인,휴게음식점,2025Q3,15,5
무인,휴게음식점,2025Q4,6,12
무인,휴게음식점,2026Q1,10,15
무인,휴게음식점,2026Q2,12,8
무인,휴게음식점,2026Q3,9,7
셀프,휴게음식점,2023Q1,3,0
셀프,휴게음식점,2023Q2,4,1
셀프,휴게음식점,2023Q3,3,2
셀프,휴게음식점,2023Q4,0,3
셀프,휴게음식점,2024Q1,4,3
셀프,휴게음식점,2024Q2,6,4
셀프,휴게음식점,2024Q3,4,1
셀프,휴게음식점,2024Q4,1,3
셀프,휴게음식점,2025Q1,4,4
셀프,휴게음식점,2025Q2,2,4
셀프,휴게음식점,2025Q3,4,4
셀프,휴게음식점,2025Q4,3,6
셀프,휴게음식점,2026Q1,3,3
셀프,휴게음식점,2026Q2,3,5
셀프,휴게음식점,2026Q3,3,2
24시,휴게음식점,2023Q1,6,4
24시,휴게음식점,2023Q2,7,5
24시,휴게음식점,2023Q3,4,4
24시,휴게음식점,2023Q4,6,6
24시,휴게음식점,2024Q1,3,6
24시,휴게음식점,2024Q2,6,6
24시,휴게음식점,2024Q3,11,6
24시,휴게음식점,2024Q4,15,11
24시,휴게음식점,2025Q1,31,5
24시,휴게음식점,2025Q2,7,6
24시,휴게음식점,2025Q3,9,4
24시,휴게음식점,2025Q4,5,10
24시,휴게음식점,2026Q1,2,8
24시,휴게음식점,2026Q2,1,3
24시,휴게음식점,2026Q3,4,4
탕후루,휴게음식점,2023Q1,48,0
탕후루,휴게음식점,2023Q2,185,5
탕후루,휴게음식점,2023Q3,561,8
탕후루,휴게음식점,2023Q4,210,34
탕후루,휴게음식점,2024Q1,24,40
탕후루,휴게음식점,2024Q2,24,110
탕후루,휴게음식점,2024Q3,5,180
탕후루,휴게음식점,2024Q4,7,272
탕후루,휴게음식점,2025Q1,3,99
탕후루,휴게음식점,2025Q2,5,88
탕후루,휴게음식점,2025Q3,5,99
탕후루,휴게음식점,2025Q4,3,95
탕후루,휴게음식점,2026Q1,0,29
탕후루,휴게음식점,2026Q2,3,22
탕후루,휴게음식점,2026Q3,2,20
요거트아이스크림,휴게음식점,2023Q1,32,30
요거트아이스크림,휴게음식점,2023Q2,52,41
요거트아이스크림,휴게음식점,2023Q3,47,38
요거트아이스크림,휴게음식점,2023Q4,28,47
요거트아이스크림,휴게음식점,2024Q1,70,23
요거트아이스크림,휴게음식점,2024Q2,126,30
요거트아이스크림,휴게음식점,2024Q3,200,32
요거트아이스크림,휴게음식점,2024Q4,193,42
요거트아이스크림,휴게음식점,2025Q1,116,41
요거트아이스크림,휴게음식점,2025Q2,109,52
요거트아이스크림,휴게음식점,2025Q3,46,59
요거트아이스크림,휴게음식점,2025Q4,27,68
요거트아이스크림,휴게음식점,2026Q1,35,44
요거트아이스크림,휴게음식점,2026Q2,32,62
요거트아이스크림,휴게음식점,2026Q3,26,55
두바이,휴게음식점,2024Q1,1,0
두바이,휴게음식점,2024Q3,3,3
두바이,휴게음식점,2025Q2,1,0
두바이,휴게음식점,2025Q3,1,1
두바이,휴게음식점,2025Q4,1,0
두바이,휴게음식점,2026Q1,6,2
두바이,휴게음식점,2026Q2,1,2
두바이,휴게음식점,2026Q3,0,1
베이글,휴게음식점,2023Q1,24,12
베이글,휴게음식점,2023Q2,35,7
베이글,휴게음식점,2023Q3,30,17
베이글,휴게음식점,2023Q4,20,12
베이글,휴게음식점,2024Q1,19,14
베이글,휴게음식점,2024Q2,30,21
베이글,휴게음식점,2024Q3,41,30
베이글,휴게음식점,2024Q4,44,42
베이글,휴게음식점,2025Q1,31,39
베이글,휴게음식점,2025Q2,33,32
베이글,휴게음식점,2025Q3,24,35
베이글,휴게음식점,2025Q4,18,25
베이글,휴게음식점,2026Q1,31,24
베이글,휴게음식점,2026Q2,22,28
베이글,휴게음식점,2026Q3,15,17
소금빵,휴게음식점,2023Q1,1,0
소금빵,휴게음식점,2023Q2,3,0
소금빵,휴게음식점,2023Q3,1,0
소금빵,휴게음식점,2023Q4,1,0
소금빵,휴게음식점,2024Q1,3,0
소금빵,휴게음식점,2024Q2,3,1
소금빵,휴게음식점,2024Q3,6,3
소금빵,휴게음식점,2025Q1,1,1
소금빵,휴게음식점,2025Q2,5,3
소금빵,휴게음식점,2025Q3,4,2
소금빵,휴게음식점,2025Q4,3,1
소금빵,휴게음식점,2026Q1,9,1
소금빵,휴게음식점,2026Q2,11,3
소금빵,휴게음식점,2026Q3,14,3
마라(탕),휴게음식점,2023Q1,0,3
마라(탕),휴게음식점,2023Q2,3,1
마라(탕),휴게음식점,2023Q3,3,4
마라(탕),휴게음식점,2023Q4,3,0
마라(탕),휴게음식점,2024Q1,1,3
마라(탕),휴게음식점,2024Q2,0,2
마라(탕),휴게음식점,2024Q4,1,4
마라(탕),휴게음식점,2025Q1,4,1
마라(탕),휴게음식점,2025Q2,3,3
마라(탕),휴게음식점,2025Q3,2,3
마라(탕),휴게음식점,2025Q4,2,0
마라(탕),휴게음식점,2026Q1,2,1
마라(탕),휴게음식점,2026Q2,4,5
마라(탕),휴게음식점,2026Q3,5,5
포케,휴게음식점,2023Q1,3,1
포케,휴게음식점,2023Q2,4,1
포케,휴게음식점,2023Q3,6,2
포케,휴게음식점,2023Q4,5,2
포케,휴게음식점,2024Q1,10,1
포케,휴게음식점,2024Q2,15,6
포케,휴게음식점,2024Q3,7,5
포케,휴게음식점,2024Q4,5,6
포케,휴게음식점,2025Q1,5,4
포케,휴게음식점,2025Q2,11,6
포케,휴게음식점,2025Q3,2,2
포케,휴게음식점,2025Q4,8,3
포케,휴게음식점,2026Q1,5,7
포케,휴게음식점,2026Q2,5,7
포케,휴게음식점,2026Q3,2,3
샐러드,휴게음식점,2023Q1,15,32
샐러드,휴게음식점,2023Q2,24,24
샐러드,휴게음식점,2023Q3,24,32
샐러드,휴게음식점,2023Q4,16,37
샐러드,휴게음식점,2024Q1,11,22
샐러드,휴게음식점,2024Q2,16,18
샐러드,휴게음식점,2024Q3,14,18
샐러드,휴게음식점,2024Q4,12,29
샐러드,휴게음식점,2025Q1,11,19
샐러드,휴게음식점,2025Q2,14,18
샐러드,휴게음식점,2025Q3,15,21
샐러드,휴게음식점,2025Q4,18,34
샐러드,휴게음식점,2026Q1,15,21
샐러드,휴게음식점,2026Q2,14,15
샐러드,휴게음식점,2026Q3,13,15
오마카세,휴게음식점,2024Q3,1,0
와인,휴게음식점,2023Q1,0,2
와인,휴게음식점,2023Q2,2,0
와인,휴게음식점,2023Q3,0,2
와인,휴게음식점,2024Q1,1,0
와인,휴게음식점,2024Q2,1,1
와인,휴게음식점,2024Q4,1,0
와인,휴게음식점,2025Q4,1,1
와인,휴게음식점,2026Q2,1,1
저가커피브랜드,휴게음식점,2023Q1,364,28
저가커피브랜드,휴게음식점,2023Q2,435,20
저가커피브랜드,휴게음식점,2023Q3,345,22
저가커피브랜드,휴게음식점,2023Q4,315,32
저가커피브랜드,휴게음식점,2024Q1,352,23
저가커피브랜드,휴게음식점,2024Q2,404,23
저가커피브랜드,휴게음식점,2024Q3,358,44
저가커피브랜드,휴게음식점,2024Q4,293,45
저가커피브랜드,휴게음식점,2025Q1,326,33
저가커피브랜드,휴게음식점,2025Q2,342,47
저가커피브랜드,휴게음식점,2025Q3,318,48
저가커피브랜드,휴게음식점,2025Q4,283,67
저가커피브랜드,휴게음식점,2026Q1,242,23
저가커피브랜드,휴게음식점,2026Q2,254,33
저가커피브랜드,휴게음식점,2026Q3,251,55
버블티·밀크티,휴게음식점,2023Q1,23,19
버블티·밀크티,휴게음식점,2023Q2,30,21
버블티·밀크티,휴게음식점,2023Q3,23,26
버블티·밀크티,휴게음식점,2023Q4,19,34
버블티·밀크티,휴게음식점,2024Q1,15,27
버블티·밀크티,휴게음식점,2024Q2,20,32
버블티·밀크티,휴게음식점,2024Q3,16,25
버블티·밀크티,휴게음식점,2024Q4,15,40
버블티·밀크티,휴게음식점,2025Q1,13,38
버블티·밀크티,휴게음식점,2025Q2,14,26
버블티·밀크티,휴게음식점,2025Q3,21,32
버블티·밀크티,휴게음식점,2025Q4,16,33
버블티·밀크티,휴게음식점,2026Q1,12,18
버블티·밀크티,휴게음식점,2026Q2,23,22
버블티·밀크티,휴게음식점,2026Q3,22,23
젤라또,휴게음식점,2023Q1,5,5
젤라또,휴게음식점,2023Q2,12,4
젤라또,휴게음식점,2023Q3,11,10
젤라또,휴게음식점,2023Q4,11,11
젤라또,휴게음식점,2024Q1,14,8
젤라또,휴게음식점,2024Q2,18,18
젤라또,휴게음식점,2024Q3,26,18
젤라또,휴게음식점,2024Q4,6,13
젤라또,휴게음식점,2025Q1,13,10
젤라또,휴게음식점,2025Q2,22,19
젤라또,휴게음식점,2025Q3,22,16
젤라또,휴게음식점,2025Q4,11,22
젤라또,휴게음식점,2026Q1,11,8
젤라또,휴게음식점,2026Q2,12,12
젤라또,휴게음식점,2026Q3,20,22
키즈,휴게음식점,2023Q1,9,11
키즈,휴게음식점,2023Q2,11,7
키즈,휴게음식점,2023Q3,11,12
키즈,휴게음식점,2023Q4,17,10
키즈,휴게음식점,2024Q1,10,12
키즈,휴게음식점,2024Q2,15,12
키즈,휴게음식점,2024Q3,9,12
키즈,휴게음식점,2024Q4,11,18
키즈,휴게음식점,2025Q1,9,7
키즈,휴게음식점,2025Q2,8,11
키즈,휴게음식점,2025Q3,7,7
키즈,휴게음식점,2025Q4,15,18
키즈,휴게음식점,2026Q1,13,9
키즈,휴게음식점,2026Q2,6,12
키즈,휴게음식점,2026Q3,5,11
반려동물(펫·애견),휴게음식점,2023Q1,6,9
반려동물(펫·애견),휴게음식점,2023Q2,14,8
반려동물(펫·애견),휴게음식점,2023Q3,10,7
반려동물(펫·애견),휴게음식점,2023Q4,5,19
반려동물(펫·애견),휴게음식점,2024Q1,8,10
반려동물(펫·애견),휴게음식점,2024Q2,10,11
반려동물(펫·애견),휴게음식점,2024Q3,3,5
반려동물(펫·애견),휴게음식점,2024Q4,7,15
반려동물(펫·애견),휴게음식점,2025Q1,5,4
반려동물(펫·애견),휴게음식점,2025Q2,2,6
반려동물(펫·애견),휴게음식점,2025Q3,5,5
반려동물(펫·애견),휴게음식점,2025Q4,5,11
반려동물(펫·애견),휴게음식점,2026Q1,1,5
반려동물(펫·애견),휴게음식점,2026Q2,7,3
반려동물(펫·애견),휴게음식점,2026Q3,5,5
고양이,휴게음식점,2023Q1,6,2
고양이,휴게음식점,2023Q2,5,1
고양이,휴게음식점,2023Q3,2,1
고양이,휴게음식점,2023Q4,1,7
고양이,휴게음식점,2024Q1,4,3
고양이,휴게음식점,2024Q2,9,4
고양이,휴게음식점,2024Q3,5,2
고양이,휴게음식점,2024Q4,3,5
고양이,휴게음식점,2025Q1,4,2
고양이,휴게음식점,2025Q2,4,3
고양이,휴게음식점,2025Q3,11,4
고양이,휴게음식점,2025Q4,3,3
고양이,휴게음식점,2026Q1,5,2
고양이,휴게음식점,2026Q2,12,4
고양이,휴게음식점,2026Q3,4,5
빨래방·코인세탁,휴게음식점,2023Q1,1,0
빨래방·코인세탁,휴게음식점,2023Q2,6,3
빨래방·코인세탁,휴게음식점,2023Q3,2,0
빨래방·코인세탁,휴게음식점,2023Q4,2,2
빨래방·코인세탁,휴게음식점,2024Q1,2,4
빨래방·코인세탁,휴게음식점,2024Q2,2,4
빨래방·코인세탁,휴게음식점,2024Q3,2,0
빨래방·코인세탁,휴게음식점,2024Q4,2,2
빨래방·코인세탁,휴게음식점,2025Q1,0,1
빨래방·코인세탁,휴게음식점,2025Q2,3,0
빨래방·코인세탁,휴게음식점,2025Q3,3,4
빨래방·코인세탁,휴게음식점,2025Q4,3,1
빨래방·코인세탁,휴게음식점,2026Q1,2,4
빨래방·코인세탁,휴게음식점,2026Q3,2,0
필라테스,휴게음식점,2023Q2,1,0
필라테스,휴게음식점,2023Q3,0,1
필라테스,휴게음식점,2023Q4,0,1
필라테스,휴게음식점,2024Q1,0,1
필라테스,휴게음식점,2024Q3,0,1
필라테스,휴게음식점,2025Q3,0,1
PT·퍼스널,휴게음식점,2023Q1,0,2
PT·퍼스널,휴게음식점,2023Q2,7,2
PT·퍼스널,휴게음식점,2023Q3,4,5
PT·퍼스널,휴게음식점,2023Q4,1,0
PT·퍼스널,휴게음식점,2024Q1,4,1
PT·퍼스널,휴게음식점,2024Q2,5,1
PT·퍼스널,휴게음식점,2024Q3,1,1
PT·퍼스널,휴게음식점,2024Q4,3,2
PT·퍼스널,휴게음식점,2025Q1,6,1
PT·퍼스널,휴게음식점,2025Q2,7,3
PT·퍼스널,휴게음식점,2025Q3,1,1
PT·퍼스널,휴게음식점,2025Q4,3,4
PT·퍼스널,휴게음식점,2026Q1,5,5
PT·퍼스널,휴게음식점,2026Q2,7,4
PT·퍼스널,휴게음식점,2026Q3,3,3
스크린,휴게음식점,2023Q1,2,0
스크린,휴게음식점,2023Q2,8,0
스크린,휴게음식점,2023Q3,6,1
스크린,휴게음식점,2023Q4,4,1
스크린,휴게음식점,2024Q1,18,2
스크린,휴게음식점,2024Q2,11,4
스크린,휴게음식점,2024Q3,3,1
스크린,휴게음식점,2024Q4,2,1
스크린,휴게음식점,2025Q1,8,4
스크린,휴게음식점,2025Q2,2,2
스크린,휴게음식점,2025Q3,5,2
스크린,휴게음식점,2025Q4,5,6
스크린,휴게음식점,2026Q1,2,2
스크린,휴게음식점,2026Q2,7,3
스크린,휴게음식점,2026Q3,4,2
코인노래,휴게음식점,2023Q1,1,0
코인노래,휴게음식점,2023Q3,1,1
코인노래,휴게음식점,2023Q4,3,1
코인노래,휴게음식점,2024Q1,0,2
코인노래,휴게음식점,2024Q2,0,1
코인노래,휴게음식점,2024Q4,0,1
코인노래,휴게음식점,2025Q1,1,1
코인노래,휴게음식점,2025Q2,2,2
코인노래,휴게음식점,2025Q3,0,1
코인노래,휴게음식점,2025Q4,1,2
코인노래,휴게음식점,2026Q1,0,2
코인노래,휴게음식점,2026Q2,1,1
밀키트,휴게음식점,2023Q1,0,1
밀키트,휴게음식점,2023Q2,1,1
밀키트,휴게음식점,2024Q2,0,1
밀키트,휴게음식점,2024Q4,0,1
밀키트,휴게음식점,2026Q2,1,0
반찬,휴게음식점,2023Q1,9,5
반찬,휴게음식점,2023Q2,9,6
반찬,휴게음식점,2023Q3,8,9
반찬,휴게음식점,2023Q4,11,5
반찬,휴게음식점,2024Q1,11,9
반찬,휴게음식점,2024Q2,5,7
반찬,휴게음식점,2024Q3,3,4
반찬,휴게음식점,2024Q4,1,11
반찬,휴게음식점,2025Q1,5,2
반찬,휴게음식점,2025Q2,7,2
반찬,휴게음식점,2025Q3,6,6
반찬,휴게음식점,2025Q4,3,4
반찬,휴게음식점,2026Q1,5,7
반찬,휴게음식점,2026Q2,3,7
반찬,휴게음식점,2026Q3,3,8
도시락,휴게음식점,2023Q1,14,5
도시락,휴게음식점,2023Q2,10,8
도시락,휴게음식점,2023Q3,11,3
도시락,휴게음식점,2023Q4,10,11
도시락,휴게음식점,2024Q1,9,10
도시락,휴게음식점,2024Q2,8,7
도시락,휴게음식점,2024Q3,5,3
도시락,휴게음식점,2024Q4,3,16
도시락,휴게음식점,2025Q1,6,6
도시락,휴게음식점,2025Q2,6,9
도시락,휴게음식점,2025Q3,8,8
도시락,휴게음식점,2025Q4,1,9
도시락,휴게음식점,2026Q1,5,6
도시락,휴게음식점,2026Q2,7,5
도시락,휴게음식점,2026Q3,2,4
디저트,휴게음식점,2023Q1,68,54
디저트,휴게음식점,2023Q2,87,58
디저트,휴게음식점,2023Q3,68,53
디저트,휴게음식점,2023Q4,75,77
디저트,휴게음식점,2024Q1,48,44
디저트,휴게음식점,2024Q2,55,58
디저트,휴게음식점,2024Q3,48,54
디저트,휴게음식점,2024Q4,38,84
디저트,휴게음식점,2025Q1,41,56
디저트,휴게음식점,2025Q2,52,62
디저트,휴게음식점,2025Q3,41,58
디저트,휴게음식점,2025Q4,46,87
디저트,휴게음식점,2026Q1,60,55
디저트,휴게음식점,2026Q2,46,58
디저트,휴게음식점,2026Q3,42,65
편의점,휴게음식점,2023Q1,956,516
편의점,휴게음식점,2023Q2,977,563
편의점,휴게음식점,2023Q3,822,517
편의점,휴게음식점,2023Q4,746,902
편의점,휴게음식점,2024Q1,707,581
편의점,휴게음식점,2024Q2,722,669
편의점,휴게음식점,2024Q3,729,716
편의점,휴게음식점,2024Q4,694,1085
편의점,휴게음식점,2025Q1,589,565
편의점,휴게음식점,2025Q2,600,724
편의점,휴게음식점,2025Q3,608,773
편의점,휴게음식점,2025Q4,607,1037
편의점,휴게음식점,2026Q1,574,504
편의점,휴게음식점,2026Q2,573,477
편의점,휴게음식점,2026Q3,602,525
스터디,휴게음식점,2023Q1,6,8
스터디,휴게음식점,2023Q2,2,12
스터디,휴게음식점,2023Q3,2,5
스터디,휴게음식점,2023Q4,4,11
스터디,휴게음식점,2024Q1,1,7
스터디,휴게음식점,2024Q2,3,9
스터디,휴게음식점,2024Q3,2,3
스터디,휴게음식점,2024Q4,0,8
스터디,휴게음식점,2025Q1,1,4
스터디,휴게음식점,2025Q2,1,3
스터디,휴게음식점,2025Q3,1,4
스터디,휴게음식점,2025Q4,1,10
스터디,휴게음식점,2026Q1,0,2
스터디,휴게음식점,2026Q2,1,4
스터디,휴게음식점,2026Q3,4,7
풀빌라·스테이,휴게음식점,2023Q1,16,16
풀빌라·스테이,휴게음식점,2023Q2,31,22
풀빌라·스테이,휴게음식점,2023Q3,35,13
풀빌라·스테이,휴게음식점,2023Q4,24,39
풀빌라·스테이,휴게음식점,2024Q1,13,18
풀빌라·스테이,휴게음식점,2024Q2,37,22
풀빌라·스테이,휴게음식점,2024Q3,24,15
풀빌라·스테이,휴게음식점,2024Q4,23,26
풀빌라·스테이,휴게음식점,2025Q1,21,15
풀빌라·스테이,휴게음식점,2025Q2,12,7
풀빌라·스테이,휴게음식점,2025Q3,28,22
풀빌라·스테이,휴게음식점,2025Q4,30,32
풀빌라·스테이,휴게음식점,2026Q1,41,32
풀빌라·스테이,휴게음식점,2026Q2,44,37
풀빌라·스테이,휴게음식점,2026Q3,45,31
한시적(팝업·행사),휴게음식점,2023Q1,136,121
한시적(팝업·행사),휴게음식점,2023Q2,171,170
한시적(팝업·행사),휴게음식점,2023Q3,224,212
한시적(팝업·행사),휴게음식점,2023Q4,210,219
한시적(팝업·행사),휴게음식점,2024Q1,194,191
한시적(팝업·행사),휴게음식점,2024Q2,195,195
한시적(팝업·행사),휴게음식점,2024Q3,236,231
한시적(팝업·행사),휴게음식점,2024Q4,294,294
한시적(팝업·행사),휴게음식점,2025Q1,308,293
한시적(팝업·행사),휴게음식점,2025Q2,348,347
한시적(팝업·행사),휴게음식점,2025Q3,382,380
한시적(팝업·행사),휴게음식점,2025Q4,376,378
한시적(팝업·행사),휴게음식점,2026Q1,328,311
한시적(팝업·행사),휴게음식점,2026Q2,395,390
한시적(팝업·행사),휴게음식점,2026Q3,380,372
축제·행사부스,휴게음식점,2023Q1,11,15
축제·행사부스,휴게음식점,2023Q2,29,29
축제·행사부스,휴게음식점,2023Q3,42,24
축제·행사부스,휴게음식점,2023Q4,52,60
축제·행사부스,휴게음식점,2024Q1,18,23
축제·행사부스,휴게음식점,2024Q2,66,67
축제·행사부스,휴게음식점,2024Q3,48,26
축제·행사부스,휴게음식점,2024Q4,74,95
축제·행사부스,휴게음식점,2025Q1,23,9
축제·행사부스,휴게음식점,2025Q2,72,67
축제·행사부스,휴게음식점,2025Q3,98,68
축제·행사부스,휴게음식점,2025Q4,147,193
축제·행사부스,휴게음식점,2026Q1,11,5
축제·행사부스,휴게음식점,2026Q2,55,57
축제·행사부스,휴게음식점,2026Q3,82,46
사행성연상 상호(대박·로또·잭팟 등),휴게음식점,2023Q1,30,15
사행성연상 상호(대박·로또·잭팟 등),휴게음식점,2023Q2,35,18
사행성연상 상호(대박·로또·잭팟 등),휴게음식점,2023Q3,29,19
사행성연상 상호(대박·로또·잭팟 등),휴게음식점,2023Q4,36,34
사행성연상 상호(대박·로또·잭팟 등),휴게음식점,2024Q1,26,28
사행성연상 상호(대박·로또·잭팟 등),휴게음식점,2024Q2,31,14
사행성연상 상호(대박·로또·잭팟 등),휴게음식점,2024Q3,31,28
사행성연상 상호(대박·로또·잭팟 등),휴게음식점,2024Q4,37,47
사행성연상 상호(대박·로또·잭팟 등),휴게음식점,2025Q1,26,30
사행성연상 상호(대박·로또·잭팟 등),휴게음식점,2025Q2,28,27
사행성연상 상호(대박·로또·잭팟 등),휴게음식점,2025Q3,28,22
사행성연상 상호(대박·로또·잭팟 등),휴게음식점,2025Q4,43,44
사행성연상 상호(대박·로또·잭팟 등),휴게음식점,2026Q1,35,32
사행성연상 상호(대박·로또·잭팟 등),휴게음식점,2026Q2,39,40
사행성연상 상호(대박·로또·잭팟 등),휴게음식점,2026Q3,53,41
무인,제과점,2023Q1,1,2
무인,제과점,2023Q4,1,1
무인,제과점,2024Q1,1,1
무인,제과점,2024Q2,2,0
무인,제과점,2024Q3,1,0
무인,제과점,2025Q2,1,0
무인,제과점,2025Q3,1,0
무인,제과점,2025Q4,1,0
무인,제과점,2026Q2,1,1
셀프,제과점,2023Q3,0,1
탕후루,제과점,2023Q3,1,0
탕후루,제과점,2024Q3,0,1
탕후루,제과점,2024Q4,0,1
탕후루,제과점,2025Q2,0,1
탕후루,제과점,2026Q1,0,1
요거트아이스크림,제과점,2024Q4,0,1
요거트아이스크림,제과점,2025Q1,1,0
요거트아이스크림,제과점,2025Q2,2,2
요거트아이스크림,제과점,2025Q3,1,1
요거트아이스크림,제과점,2026Q1,0,1
베이글,제과점,2023Q1,8,4
베이글,제과점,2023Q2,9,5
베이글,제과점,2023Q3,7,3
베이글,제과점,2023Q4,6,5
베이글,제과점,2024Q1,12,3
베이글,제과점,2024Q2,12,5
베이글,제과점,2024Q3,16,10
베이글,제과점,2024Q4,10,11
베이글,제과점,2025Q1,14,13
베이글,제과점,2025Q2,11,5
베이글,제과점,2025Q3,8,3
베이글,제과점,2025Q4,15,11
베이글,제과점,2026Q1,13,5
베이글,제과점,2026Q2,8,10
베이글,제과점,2026Q3,8,1
소금빵,제과점,2023Q1,1,0
소금빵,제과점,2023Q4,1,0
소금빵,제과점,2024Q1,1,1
소금빵,제과점,2024Q2,4,0
소금빵,제과점,2024Q3,1,0
소금빵,제과점,2024Q4,1,0
소금빵,제과점,2025Q1,1,0
소금빵,제과점,2025Q4,4,1
소금빵,제과점,2026Q1,2,1
소금빵,제과점,2026Q2,4,1
소금빵,제과점,2026Q3,4,0
마라(탕),제과점,2025Q4,0,1
포케,제과점,2025Q2,0,1
샐러드,제과점,2023Q1,1,0
샐러드,제과점,2023Q2,1,0
샐러드,제과점,2023Q3,4,2
샐러드,제과점,2023Q4,1,2
샐러드,제과점,2024Q1,0,1
샐러드,제과점,2025Q2,1,0
샐러드,제과점,2025Q3,0,1
와인,제과점,2023Q2,0,1
저가커피브랜드,제과점,2023Q1,3,0
저가커피브랜드,제과점,2023Q2,1,0
저가커피브랜드,제과점,2023Q3,2,1
저가커피브랜드,제과점,2023Q4,1,1
저가커피브랜드,제과점,2024Q1,0,1
저가커피브랜드,제과점,2024Q3,1,0
저가커피브랜드,제과점,2024Q4,2,0
저가커피브랜드,제과점,2025Q2,0,1
저가커피브랜드,제과점,2025Q3,2,1
저가커피브랜드,제과점,2025Q4,1,0
저가커피브랜드,제과점,2026Q3,1,2
버블티·밀크티,제과점,2025Q3,0,1
젤라또,제과점,2025Q2,1,0
젤라또,제과점,2025Q3,1,0
키즈,제과점,2025Q1,0,1
키즈,제과점,2025Q2,1,0
반려동물(펫·애견),제과점,2023Q1,1,0
반려동물(펫·애견),제과점,2024Q1,0,1
반려동물(펫·애견),제과점,2024Q4,0,1
고양이,제과점,2024Q1,1,0
고양이,제과점,2025Q3,1,0
고양이,제과점,2025Q4,1,0
고양이,제과점,2026Q2,0,1
PT·퍼스널,제과점,2023Q3,1,0
PT·퍼스널,제과점,2023Q4,1,1
PT·퍼스널,제과점,2024Q2,1,0
PT·퍼스널,제과점,2024Q3,1,2
PT·퍼스널,제과점,2024Q4,0,1
PT·퍼스널,제과점,2025Q3,0,1
PT·퍼스널,제과점,2025Q4,1,0
밀키트,제과점,2023Q2,0,1
도시락,제과점,2024Q2,1,1
도시락,제과점,2024Q3,1,0
디저트,제과점,2023Q1,5,9
디저트,제과점,2023Q2,11,5
디저트,제과점,2023Q3,8,7
디저트,제과점,2023Q4,7,10
디저트,제과점,2024Q1,4,6
디저트,제과점,2024Q2,2,7
디저트,제과점,2024Q3,5,1
디저트,제과점,2024Q4,9,13
디저트,제과점,2025Q1,3,2
디저트,제과점,2025Q2,5,5
디저트,제과점,2025Q3,12,10
디저트,제과점,2025Q4,10,13
디저트,제과점,2026Q1,10,7
디저트,제과점,2026Q2,9,5
디저트,제과점,2026Q3,10,6
편의점,제과점,2023Q1,0,1
편의점,제과점,2023Q3,0,1
편의점,제과점,2023Q4,0,1
편의점,제과점,2024Q1,1,1
편의점,제과점,2024Q3,0,2
편의점,제과점,2024Q4,0,3
편의점,제과점,2025Q2,0,1
편의점,제과점,2025Q4,0,1
편의점,제과점,2026Q1,0,1
스터디,제과점,2023Q4,0,1
풀빌라·스테이,제과점,2023Q1,1,2
풀빌라·스테이,제과점,2023Q2,2,0
풀빌라·스테이,제과점,2023Q3,1,1
풀빌라·스테이,제과점,2023Q4,1,1
풀빌라·스테이,제과점,2024Q1,0,1
풀빌라·스테이,제과점,2024Q2,1,1
풀빌라·스테이,제과점,2024Q3,2,2
풀빌라·스테이,제과점,2025Q2,1,1
풀빌라·스테이,제과점,2025Q3,0,1
풀빌라·스테이,제과점,2025Q4,1,0
풀빌라·스테이,제과점,2026Q1,3,2
풀빌라·스테이,제과점,2026Q2,0,1
풀빌라·스테이,제과점,2026Q3,2,1
한시적(팝업·행사),제과점,2023Q1,29,27
한시적(팝업·행사),제과점,2023Q2,37,37
한시적(팝업·행사),제과점,2023Q3,38,43
한시적(팝업·행사),제과점,2023Q4,39,37
한시적(팝업·행사),제과점,2024Q1,38,37
한시적(팝업·행사),제과점,2024Q2,43,43
한시적(팝업·행사),제과점,2024Q3,35,32
한시적(팝업·행사),제과점,2024Q4,51,52
한시적(팝업·행사),제과점,2025Q1,49,49
한시적(팝업·행사),제과점,2025Q2,39,40
한시적(팝업·행사),제과점,2025Q3,45,43
한시적(팝업·행사),제과점,2025Q4,51,51
한시적(팝업·행사),제과점,2026Q1,37,39
한시적(팝업·행사),제과점,2026Q2,31,32
한시적(팝업·행사),제과점,2026Q3,23,22
축제·행사부스,제과점,2023Q2,2,2
축제·행사부스,제과점,2023Q3,1,0
축제·행사부스,제과점,2023Q4,2,2
축제·행사부스,제과점,2024Q1,0,1
축제·행사부스,제과점,2024Q2,1,1
축제·행사부스,제과점,2024Q3,4,3
축제·행사부스,제과점,2024Q4,6,7
축제·행사부스,제과점,2025Q1,0,1
축제·행사부스,제과점,2025Q2,3,2
축제·행사부스,제과점,2025Q3,4,4
축제·행사부스,제과점,2025Q4,8,8
축제·행사부스,제과점,2026Q1,2,0
축제·행사부스,제과점,2026Q2,3,5
축제·행사부스,제과점,2026Q3,2,0
사행성연상 상호(대박·로또·잭팟 등),제과점,2023Q1,1,1
사행성연상 상호(대박·로또·잭팟 등),제과점,2023Q3,4,3
사행성연상 상호(대박·로또·잭팟 등),제과점,2023Q4,1,4
사행성연상 상호(대박·로또·잭팟 등),제과점,2024Q1,0,1
사행성연상 상호(대박·로또·잭팟 등),제과점,2024Q2,0,1
사행성연상 상호(대박·로또·잭팟 등),제과점,2024Q3,2,0
사행성연상 상호(대박·로또·잭팟 등),제과점,2024Q4,2,0
사행성연상 상호(대박·로또·잭팟 등),제과점,2025Q2,3,6
사행성연상 상호(대박·로또·잭팟 등),제과점,2025Q3,5,2
사행성연상 상호(대박·로또·잭팟 등),제과점,2025Q4,0,1
사행성연상 상호(대박·로또·잭팟 등),제과점,2026Q1,1,2
사행성연상 상호(대박·로또·잭팟 등),제과점,2026Q2,2,2
사행성연상 상호(대박·로또·잭팟 등),제과점,2026Q3,0,2
셀프,노래연습장,2023Q2,1,0
셀프,노래연습장,2025Q3,0,1
24시,노래연습장,2023Q2,1,1
24시,노래연습장,2024Q2,1,0
24시,노래연습장,2024Q3,0,1
24시,노래연습장,2025Q2,0,1
키즈,노래연습장,2023Q1,1,0
키즈,노래연습장,2023Q2,1,0
키즈,노래연습장,2023Q3,1,0
키즈,노래연습장,2023Q4,1,0
키즈,노래연습장,2025Q4,1,0
키즈,노래연습장,2026Q3,0,1
스크린,노래연습장,2024Q1,0,1
코인노래,노래연습장,2023Q1,65,14
코인노래,노래연습장,2023Q2,66,14
코인노래,노래연습장,2023Q3,67,12
코인노래,노래연습장,2023Q4,76,18
코인노래,노래연습장,2024Q1,43,17
코인노래,노래연습장,2024Q2,50,19
코인노래,노래연습장,2024Q3,54,13
코인노래,노래연습장,2024Q4,66,21
코인노래,노래연습장,2025Q1,54,15
코인노래,노래연습장,2025Q2,46,20
코인노래,노래연습장,2025Q3,48,11
코인노래,노래연습장,2025Q4,46,30
코인노래,노래연습장,2026Q1,32,12
코인노래,노래연습장,2026Q2,31,26
코인노래,노래연습장,2026Q3,20,27
풀빌라·스테이,노래연습장,2025Q3,0,1
축제·행사부스,노래연습장,2023Q1,0,1
축제·행사부스,노래연습장,2023Q4,0,1
축제·행사부스,노래연습장,2024Q1,0,1
축제·행사부스,노래연습장,2025Q3,0,1
축제·행사부스,노래연습장,2026Q1,0,1
축제·행사부스,노래연습장,2026Q2,1,1
사행성연상 상호(대박·로또·잭팟 등),노래연습장,2023Q1,2,0
사행성연상 상호(대박·로또·잭팟 등),노래연습장,2023Q2,0,2
사행성연상 상호(대박·로또·잭팟 등),노래연습장,2023Q3,0,2
사행성연상 상호(대박·로또·잭팟 등),노래연습장,2024Q1,1,3
사행성연상 상호(대박·로또·잭팟 등),노래연습장,2024Q2,0,3
사행성연상 상호(대박·로또·잭팟 등),노래연습장,2024Q3,1,3
사행성연상 상호(대박·로또·잭팟 등),노래연습장,2024Q4,1,4
사행성연상 상호(대박·로또·잭팟 등),노래연습장,2025Q1,0,4
사행성연상 상호(대박·로또·잭팟 등),노래연습장,2025Q2,1,0
사행성연상 상호(대박·로또·잭팟 등),노래연습장,2025Q3,1,3
사행성연상 상호(대박·로또·잭팟 등),노래연습장,2025Q4,0,4
사행성연상 상호(대박·로또·잭팟 등),노래연습장,2026Q1,0,5
사행성연상 상호(대박·로또·잭팟 등),노래연습장,2026Q2,1,2
사행성연상 상호(대박·로또·잭팟 등),노래연습장,2026Q3,0,1
무인,체력단련장,2024Q1,0,1
셀프,체력단련장,2024Q1,1,0
셀프,체력단련장,2025Q3,0,1
24시,체력단련장,2023Q1,6,0
24시,체력단련장,2023Q2,8,1
24시,체력단련장,2023Q4,7,1
24시,체력단련장,2024Q1,5,0
24시,체력단련장,2024Q2,3,0
24시,체력단련장,2024Q3,3,1
24시,체력단련장,2024Q4,3,0
24시,체력단련장,2025Q1,6,0
24시,체력단련장,2025Q2,7,1
24시,체력단련장,2025Q3,5,0
24시,체력단련장,2025Q4,8,0
24시,체력단련장,2026Q1,2,0
24시,체력단련장,2026Q2,4,0
24시,체력단련장,2026Q3,3,0
베이글,체력단련장,2025Q3,1,0
베이글,체력단련장,2026Q1,1,0
베이글,체력단련장,2026Q2,1,0
하이볼,체력단련장,2025Q1,1,0
와인,체력단련장,2025Q4,1,0
키즈,체력단련장,2023Q1,0,1
키즈,체력단련장,2024Q1,1,0
키즈,체력단련장,2024Q4,1,0
키즈,체력단련장,2026Q2,1,0
키즈,체력단련장,2026Q3,0,1
고양이,체력단련장,2025Q1,1,0
필라테스,체력단련장,2023Q1,12,1
필라테스,체력단련장,2023Q2,18,1
필라테스,체력단련장,2023Q3,10,1
필라테스,체력단련장,2023Q4,11,5
필라테스,체력단련장,2024Q1,18,5
필라테스,체력단련장,2024Q2,11,3
필라테스,체력단련장,2024Q3,9,2
필라테스,체력단련장,2024Q4,7,3
필라테스,체력단련장,2025Q1,13,6
필라테스,체력단련장,2025Q2,13,1
필라테스,체력단련장,2025Q3,26,0
필라테스,체력단련장,2025Q4,9,4
필라테스,체력단련장,2026Q1,9,1
필라테스,체력단련장,2026Q2,10,4
필라테스,체력단련장,2026Q3,12,3
크로스핏,체력단련장,2023Q1,13,0
크로스핏,체력단련장,2023Q2,19,0
크로스핏,체력단련장,2023Q3,20,0
크로스핏,체력단련장,2023Q4,22,1
크로스핏,체력단련장,2024Q1,29,2
크로스핏,체력단련장,2024Q2,20,0
크로스핏,체력단련장,2024Q3,12,3
크로스핏,체력단련장,2024Q4,17,0
크로스핏,체력단련장,2025Q1,20,3
크로스핏,체력단련장,2025Q2,19,3
크로스핏,체력단련장,2025Q3,33,3
크로스핏,체력단련장,2025Q4,12,3
크로스핏,체력단련장,2026Q1,8,2
크로스핏,체력단련장,2026Q2,7,1
크로스핏,체력단련장,2026Q3,13,3
PT·퍼스널,체력단련장,2023Q1,95,7
PT·퍼스널,체력단련장,2023Q2,113,8
PT·퍼스널,체력단련장,2023Q3,78,10
PT·퍼스널,체력단련장,2023Q4,93,10
PT·퍼스널,체력단련장,2024Q1,110,23
PT·퍼스널,체력단련장,2024Q2,94,18
PT·퍼스널,체력단련장,2024Q3,80,11
PT·퍼스널,체력단련장,2024Q4,90,21
PT·퍼스널,체력단련장,2025Q1,109,20
PT·퍼스널,체력단련장,2025Q2,103,22
PT·퍼스널,체력단련장,2025Q3,118,13
PT·퍼스널,체력단련장,2025Q4,80,30
PT·퍼스널,체력단련장,2026Q1,90,29
PT·퍼스널,체력단련장,2026Q2,72,28
PT·퍼스널,체력단련장,2026Q3,68,20
스크린,체력단련장,2025Q4,0,1
코인노래,체력단련장,2023Q3,1,0
풀빌라·스테이,체력단련장,2023Q1,1,0
풀빌라·스테이,체력단련장,2023Q2,3,0
풀빌라·스테이,체력단련장,2023Q3,1,0
풀빌라·스테이,체력단련장,2023Q4,3,1
풀빌라·스테이,체력단련장,2024Q1,1,0
풀빌라·스테이,체력단련장,2024Q2,2,0
풀빌라·스테이,체력단련장,2024Q3,1,0
풀빌라·스테이,체력단련장,2025Q1,0,1
풀빌라·스테이,체력단련장,2025Q2,2,0
풀빌라·스테이,체력단련장,2025Q3,3,0
풀빌라·스테이,체력단련장,2026Q2,2,0
축제·행사부스,체력단련장,2023Q3,2,0
축제·행사부스,체력단련장,2024Q1,2,0
축제·행사부스,체력단련장,2024Q4,2,2
축제·행사부스,체력단련장,2025Q1,1,0
축제·행사부스,체력단련장,2025Q4,1,0
축제·행사부스,체력단련장,2026Q1,0,3
축제·행사부스,체력단련장,2026Q2,1,1
축제·행사부스,체력단련장,2026Q3,1,0
사행성연상 상호(대박·로또·잭팟 등),체력단련장,2024Q1,2,0
사행성연상 상호(대박·로또·잭팟 등),체력단련장,2024Q2,1,0
사행성연상 상호(대박·로또·잭팟 등),체력단련장,2025Q3,1,0
사행성연상 상호(대박·로또·잭팟 등),체력단련장,2026Q1,1,0
사행성연상 상호(대박·로또·잭팟 등),체력단련장,2026Q2,1,0
사행성연상 상호(대박·로또·잭팟 등),체력단련장,2026Q3,0,1
무인,PC방,2023Q4,1,0
무인,PC방,2024Q4,0,1
셀프,PC방,2024Q4,0,1
셀프,PC방,2025Q2,0,1
24시,PC방,2024Q1,2,1
24시,PC방,2024Q2,1,0
24시,PC방,2025Q1,2,2
24시,PC방,2025Q2,0,1
24시,PC방,2025Q4,0,1
24시,PC방,2026Q3,2,1
두바이,PC방,2023Q1,2,0
두바이,PC방,2023Q3,2,0
두바이,PC방,2023Q4,1,1
두바이,PC방,2024Q1,2,0
두바이,PC방,2024Q3,1,0
두바이,PC방,2024Q4,1,1
두바이,PC방,2025Q3,2,1
두바이,PC방,2025Q4,1,0
두바이,PC방,2026Q1,2,1
두바이,PC방,2026Q2,2,0
두바이,PC방,2026Q3,2,0
하이볼,PC방,2023Q2,1,0
와인,PC방,2025Q3,0,1
고양이,PC방,2024Q4,1,0
고양이,PC방,2025Q3,1,0
PT·퍼스널,PC방,2024Q2,1,0
PT·퍼스널,PC방,2026Q1,1,0
PT·퍼스널,PC방,2026Q2,1,0
코인노래,PC방,2023Q2,0,1
코인노래,PC방,2023Q4,1,0
코인노래,PC방,2024Q1,0,1
코인노래,PC방,2024Q4,0,1
코인노래,PC방,2025Q3,2,0
코인노래,PC방,2026Q1,2,1
코인노래,PC방,2026Q2,3,0
코인노래,PC방,2026Q3,2,1
편의점,PC방,2024Q3,0,1
편의점,PC방,2026Q2,1,0
편의점,PC방,2026Q3,1,0
풀빌라·스테이,PC방,2023Q1,0,1
풀빌라·스테이,PC방,2023Q3,0,1
풀빌라·스테이,PC방,2023Q4,0,1
풀빌라·스테이,PC방,2024Q1,1,1
풀빌라·스테이,PC방,2024Q2,0,2
풀빌라·스테이,PC방,2025Q1,0,2
풀빌라·스테이,PC방,2026Q1,0,1
풀빌라·스테이,PC방,2026Q2,1,1
풀빌라·스테이,PC방,2026Q3,1,1
사행성연상 상호(대박·로또·잭팟 등),PC방,2023Q1,61,37
사행성연상 상호(대박·로또·잭팟 등),PC방,2023Q2,88,26
사행성연상 상호(대박·로또·잭팟 등),PC방,2023Q3,87,25
사행성연상 상호(대박·로또·잭팟 등),PC방,2023Q4,63,39
사행성연상 상호(대박·로또·잭팟 등),PC방,2024Q1,65,36
사행성연상 상호(대박·로또·잭팟 등),PC방,2024Q2,58,30
사행성연상 상호(대박·로또·잭팟 등),PC방,2024Q3,60,36
사행성연상 상호(대박·로또·잭팟 등),PC방,2024Q4,55,44
사행성연상 상호(대박·로또·잭팟 등),PC방,2025Q1,46,41
사행성연상 상호(대박·로또·잭팟 등),PC방,2025Q2,77,36
사행성연상 상호(대박·로또·잭팟 등),PC방,2025Q3,59,26
사행성연상 상호(대박·로또·잭팟 등),PC방,2025Q4,76,26
사행성연상 상호(대박·로또·잭팟 등),PC방,2026Q1,59,25
사행성연상 상호(대박·로또·잭팟 등),PC방,2026Q2,66,40
사행성연상 상호(대박·로또·잭팟 등),PC방,2026Q3,39,23
무인,숙박업,2023Q1,2,7
무인,숙박업,2023Q2,3,4
무인,숙박업,2023Q3,2,1
무인,숙박업,2023Q4,6,2
무인,숙박업,2024Q1,1,0
무인,숙박업,2024Q2,1,1
무인,숙박업,2024Q3,4,1
무인,숙박업,2024Q4,3,2
무인,숙박업,2025Q1,2,2
무인,숙박업,2025Q2,2,4
무인,숙박업,2025Q3,1,2
무인,숙박업,2025Q4,2,1
무인,숙박업,2026Q1,2,1
무인,숙박업,2026Q2,0,4
무인,숙박업,2026Q3,0,1
셀프,숙박업,2025Q3,1,0
두바이,숙박업,2024Q2,1,0
와인,숙박업,2024Q1,0,1
와인,숙박업,2025Q2,1,0
키즈,숙박업,2023Q1,10,3
키즈,숙박업,2023Q2,12,0
키즈,숙박업,2023Q3,8,0
키즈,숙박업,2023Q4,4,1
키즈,숙박업,2024Q1,1,0
키즈,숙박업,2024Q2,3,7
키즈,숙박업,2024Q3,2,0
키즈,숙박업,2024Q4,7,13
키즈,숙박업,2025Q1,2,0
키즈,숙박업,2025Q2,2,0
키즈,숙박업,2025Q4,0,3
키즈,숙박업,2026Q1,2,0
키즈,숙박업,2026Q2,1,0
키즈,숙박업,2026Q3,2,0
반려동물(펫·애견),숙박업,2023Q1,1,0
반려동물(펫·애견),숙박업,2023Q2,1,0
반려동물(펫·애견),숙박업,2023Q3,5,0
반려동물(펫·애견),숙박업,2023Q4,2,0
반려동물(펫·애견),숙박업,2024Q1,2,0
반려동물(펫·애견),숙박업,2024Q2,1,0
반려동물(펫·애견),숙박업,2024Q3,2,1
반려동물(펫·애견),숙박업,2024Q4,1,0
반려동물(펫·애견),숙박업,2026Q1,0,1
고양이,숙박업,2023Q3,0,1
스크린,숙박업,2025Q3,1,0
코인노래,숙박업,2023Q3,1,0
풀빌라·스테이,숙박업,2023Q1,45,7
풀빌라·스테이,숙박업,2023Q2,58,1
풀빌라·스테이,숙박업,2023Q3,44,3
풀빌라·스테이,숙박업,2023Q4,70,3
풀빌라·스테이,숙박업,2024Q1,40,0
풀빌라·스테이,숙박업,2024Q2,51,10
풀빌라·스테이,숙박업,2024Q3,43,0
풀빌라·스테이,숙박업,2024Q4,57,9
풀빌라·스테이,숙박업,2025Q1,40,7
풀빌라·스테이,숙박업,2025Q2,49,2
풀빌라·스테이,숙박업,2025Q3,76,5
풀빌라·스테이,숙박업,2025Q4,62,10
풀빌라·스테이,숙박업,2026Q1,74,8
풀빌라·스테이,숙박업,2026Q2,94,5
풀빌라·스테이,숙박업,2026Q3,100,6
사행성연상 상호(대박·로또·잭팟 등),숙박업,2023Q1,0,2
사행성연상 상호(대박·로또·잭팟 등),숙박업,2023Q3,0,1
사행성연상 상호(대박·로또·잭팟 등),숙박업,2023Q4,0,1
사행성연상 상호(대박·로또·잭팟 등),숙박업,2024Q2,0,1
사행성연상 상호(대박·로또·잭팟 등),숙박업,2024Q3,1,0
사행성연상 상호(대박·로또·잭팟 등),숙박업,2024Q4,0,1
사행성연상 상호(대박·로또·잭팟 등),숙박업,2025Q2,0,2
사행성연상 상호(대박·로또·잭팟 등),숙박업,2026Q3,0,1
무인,미용업,2024Q3,1,0
셀프,미용업,2023Q1,2,0
셀프,미용업,2023Q2,1,0
셀프,미용업,2023Q3,1,0
셀프,미용업,2024Q1,0,2
셀프,미용업,2024Q2,2,0
셀프,미용업,2024Q3,1,0
셀프,미용업,2025Q1,0,1
셀프,미용업,2025Q2,0,1
셀프,미용업,2025Q3,0,2
셀프,미용업,2026Q1,1,0
셀프,미용업,2026Q2,0,1
셀프,미용업,2026Q3,0,1
24시,미용업,2023Q3,0,1
24시,미용업,2023Q4,0,2
24시,미용업,2024Q2,1,0
24시,미용업,2024Q3,1,0
24시,미용업,2024Q4,3,2
24시,미용업,2025Q3,0,1
24시,미용업,2026Q2,1,0
24시,미용업,2026Q3,1,2
베이글,미용업,2023Q2,0,1
베이글,미용업,2024Q3,0,1
베이글,미용업,2024Q4,1,0
베이글,미용업,2025Q2,0,1
베이글,미용업,2025Q4,1,0
베이글,미용업,2026Q1,1,0
마라(탕),미용업,2023Q1,0,1
마라(탕),미용업,2023Q3,1,0
마라(탕),미용업,2024Q3,1,1
마라(탕),미용업,2025Q4,1,0
마라(탕),미용업,2026Q1,1,1
마라(탕),미용업,2026Q2,0,1
와인,미용업,2026Q1,1,0
젤라또,미용업,2025Q3,1,0
키즈,미용업,2024Q1,1,1
키즈,미용업,2024Q2,0,1
키즈,미용업,2024Q3,1,0
키즈,미용업,2025Q4,0,1
반려동물(펫·애견),미용업,2023Q1,0,1
반려동물(펫·애견),미용업,2025Q3,1,0
반려동물(펫·애견),미용업,2026Q1,0,1
고양이,미용업,2023Q1,1,0
고양이,미용업,2023Q2,2,1
고양이,미용업,2023Q3,1,0
고양이,미용업,2023Q4,1,0
고양이,미용업,2024Q1,1,0
고양이,미용업,2024Q2,0,2
고양이,미용업,2024Q3,0,1
고양이,미용업,2025Q1,1,2
고양이,미용업,2025Q4,0,4
고양이,미용업,2026Q1,0,2
고양이,미용업,2026Q2,1,0
고양이,미용업,2026Q3,2,0
필라테스,미용업,2023Q4,1,0
필라테스,미용업,2024Q2,1,0
필라테스,미용업,2024Q3,2,1
필라테스,미용업,2025Q1,1,0
필라테스,미용업,2025Q2,1,0
필라테스,미용업,2025Q4,1,0
필라테스,미용업,2026Q1,1,1
필라테스,미용업,2026Q2,3,0
필라테스,미용업,2026Q3,1,0
PT·퍼스널,미용업,2023Q1,2,1
PT·퍼스널,미용업,2023Q2,2,0
PT·퍼스널,미용업,2023Q3,5,2
PT·퍼스널,미용업,2023Q4,1,0
PT·퍼스널,미용업,2024Q1,4,0
PT·퍼스널,미용업,2024Q2,3,2
PT·퍼스널,미용업,2024Q3,2,1
PT·퍼스널,미용업,2024Q4,3,1
PT·퍼스널,미용업,2025Q1,3,2
PT·퍼스널,미용업,2025Q2,4,1
PT·퍼스널,미용업,2025Q3,4,1
PT·퍼스널,미용업,2025Q4,3,4
PT·퍼스널,미용업,2026Q1,3,3
PT·퍼스널,미용업,2026Q2,3,3
PT·퍼스널,미용업,2026Q3,3,1
코인노래,미용업,2023Q1,1,1
디저트,미용업,2023Q1,1,0
편의점,미용업,2023Q4,2,1
편의점,미용업,2024Q2,1,0
편의점,미용업,2024Q4,1,0
편의점,미용업,2025Q1,1,0
편의점,미용업,2025Q4,1,0
편의점,미용업,2026Q1,1,0
편의점,미용업,2026Q2,1,1
편의점,미용업,2026Q3,0,1
스터디,미용업,2023Q1,0,1
스터디,미용업,2023Q3,0,1
풀빌라·스테이,미용업,2023Q1,7,2
풀빌라·스테이,미용업,2023Q2,8,1
풀빌라·스테이,미용업,2023Q3,4,1
풀빌라·스테이,미용업,2023Q4,2,2
풀빌라·스테이,미용업,2024Q1,3,1
풀빌라·스테이,미용업,2024Q2,3,5
풀빌라·스테이,미용업,2024Q3,5,3
풀빌라·스테이,미용업,2024Q4,4,5
풀빌라·스테이,미용업,2025Q1,3,0
풀빌라·스테이,미용업,2025Q2,3,4
풀빌라·스테이,미용업,2025Q3,5,1
풀빌라·스테이,미용업,2025Q4,8,6
풀빌라·스테이,미용업,2026Q1,6,0
풀빌라·스테이,미용업,2026Q2,1,1
풀빌라·스테이,미용업,2026Q3,4,0
축제·행사부스,미용업,2023Q1,1,1
축제·행사부스,미용업,2023Q2,0,1
축제·행사부스,미용업,2023Q4,1,1
축제·행사부스,미용업,2024Q2,2,0
축제·행사부스,미용업,2025Q2,1,1
축제·행사부스,미용업,2025Q3,0,1
축제·행사부스,미용업,2025Q4,0,2
축제·행사부스,미용업,2026Q1,0,1
축제·행사부스,미용업,2026Q2,0,1
사행성연상 상호(대박·로또·잭팟 등),미용업,2023Q1,7,6
사행성연상 상호(대박·로또·잭팟 등),미용업,2023Q2,2,7
사행성연상 상호(대박·로또·잭팟 등),미용업,2023Q3,3,3
사행성연상 상호(대박·로또·잭팟 등),미용업,2023Q4,2,4
사행성연상 상호(대박·로또·잭팟 등),미용업,2024Q1,2,4
사행성연상 상호(대박·로또·잭팟 등),미용업,2024Q2,3,2
사행성연상 상호(대박·로또·잭팟 등),미용업,2024Q3,1,5
사행성연상 상호(대박·로또·잭팟 등),미용업,2024Q4,2,6
사행성연상 상호(대박·로또·잭팟 등),미용업,2025Q1,4,1
사행성연상 상호(대박·로또·잭팟 등),미용업,2025Q2,7,2
사행성연상 상호(대박·로또·잭팟 등),미용업,2025Q3,3,4
사행성연상 상호(대박·로또·잭팟 등),미용업,2025Q4,4,3
사행성연상 상호(대박·로또·잭팟 등),미용업,2026Q1,5,3
사행성연상 상호(대박·로또·잭팟 등),미용업,2026Q2,4,3
사행성연상 상호(대박·로또·잭팟 등),미용업,2026Q3,2,2
무인,세탁업,2024Q2,1,1
셀프,세탁업,2023Q1,0,1
셀프,세탁업,2023Q2,0,2
셀프,세탁업,2023Q3,0,2
셀프,세탁업,2023Q4,0,3
셀프,세탁업,2024Q1,0,1
셀프,세탁업,2024Q2,1,2
셀프,세탁업,2024Q3,0,1
셀프,세탁업,2024Q4,2,0
셀프,세탁업,2025Q1,1,1
셀프,세탁업,2025Q2,0,1
셀프,세탁업,2025Q3,0,1
셀프,세탁업,2025Q4,2,2
24시,세탁업,2025Q2,0,1
마라(탕),세탁업,2026Q2,0,1
키즈,세탁업,2025Q2,1,0
키즈,세탁업,2026Q2,0,1
반려동물(펫·애견),세탁업,2025Q1,0,1
빨래방·코인세탁,세탁업,2023Q1,10,15
빨래방·코인세탁,세탁업,2023Q2,11,11
빨래방·코인세탁,세탁업,2023Q3,4,18
빨래방·코인세탁,세탁업,2023Q4,6,16
빨래방·코인세탁,세탁업,2024Q1,11,7
빨래방·코인세탁,세탁업,2024Q2,7,18
빨래방·코인세탁,세탁업,2024Q3,5,17
빨래방·코인세탁,세탁업,2024Q4,7,18
빨래방·코인세탁,세탁업,2025Q1,9,9
빨래방·코인세탁,세탁업,2025Q2,4,10
빨래방·코인세탁,세탁업,2025Q3,8,14
빨래방·코인세탁,세탁업,2025Q4,11,14
빨래방·코인세탁,세탁업,2026Q1,12,8
빨래방·코인세탁,세탁업,2026Q2,4,11
빨래방·코인세탁,세탁업,2026Q3,6,8
스크린,세탁업,2023Q1,0,1
스크린,세탁업,2023Q4,2,0
코인노래,세탁업,2023Q2,1,2
코인노래,세탁업,2023Q3,0,1
코인노래,세탁업,2023Q4,1,1
코인노래,세탁업,2024Q1,2,0
코인노래,세탁업,2024Q2,0,1
코인노래,세탁업,2024Q3,0,1
코인노래,세탁업,2024Q4,1,3
코인노래,세탁업,2025Q2,0,1
코인노래,세탁업,2025Q3,2,1
코인노래,세탁업,2026Q1,4,0
코인노래,세탁업,2026Q3,0,1
풀빌라·스테이,세탁업,2023Q2,1,0
풀빌라·스테이,세탁업,2023Q4,0,1
풀빌라·스테이,세탁업,2024Q2,2,0
풀빌라·스테이,세탁업,2024Q3,0,1
풀빌라·스테이,세탁업,2025Q2,0,1
풀빌라·스테이,세탁업,2026Q3,0,1
사행성연상 상호(대박·로또·잭팟 등),세탁업,2023Q1,0,2
사행성연상 상호(대박·로또·잭팟 등),세탁업,2023Q2,1,5
사행성연상 상호(대박·로또·잭팟 등),세탁업,2023Q4,0,1
사행성연상 상호(대박·로또·잭팟 등),세탁업,2024Q2,1,1
사행성연상 상호(대박·로또·잭팟 등),세탁업,2024Q4,0,2
사행성연상 상호(대박·로또·잭팟 등),세탁업,2025Q1,0,3
사행성연상 상호(대박·로또·잭팟 등),세탁업,2025Q2,0,1
사행성연상 상호(대박·로또·잭팟 등),세탁업,2025Q3,2,3
사행성연상 상호(대박·로또·잭팟 등),세탁업,2026Q1,0,1
사행성연상 상호(대박·로또·잭팟 등),세탁업,2026Q3,1,0
24시,동물병원,2023Q1,1,2
24시,동물병원,2023Q2,3,0
24시,동물병원,2023Q3,1,2
24시,동물병원,2023Q4,3,2
24시,동물병원,2024Q1,2,1
24시,동물병원,2024Q2,2,0
24시,동물병원,2024Q3,1,0
24시,동물병원,2024Q4,4,4
24시,동물병원,2025Q1,7,1
24시,동물병원,2025Q2,7,2
24시,동물병원,2025Q3,8,1
24시,동물병원,2025Q4,3,0
24시,동물병원,2026Q1,4,0
24시,동물병원,2026Q2,4,0
24시,동물병원,2026Q3,1,0
와인,동물병원,2025Q2,1,0
반려동물(펫·애견),동물병원,2023Q1,2,1
반려동물(펫·애견),동물병원,2023Q2,3,1
반려동물(펫·애견),동물병원,2023Q3,3,5
반려동물(펫·애견),동물병원,2023Q4,2,2
반려동물(펫·애견),동물병원,2024Q1,0,1
반려동물(펫·애견),동물병원,2024Q2,4,5
반려동물(펫·애견),동물병원,2024Q3,2,1
반려동물(펫·애견),동물병원,2024Q4,4,3
반려동물(펫·애견),동물병원,2025Q1,0,5
반려동물(펫·애견),동물병원,2025Q2,3,2
반려동물(펫·애견),동물병원,2025Q3,0,3
반려동물(펫·애견),동물병원,2025Q4,2,0
반려동물(펫·애견),동물병원,2026Q1,0,2
반려동물(펫·애견),동물병원,2026Q2,1,2
반려동물(펫·애견),동물병원,2026Q3,2,2
고양이,동물병원,2023Q1,1,1
고양이,동물병원,2023Q2,2,0
고양이,동물병원,2023Q4,2,0
고양이,동물병원,2024Q1,3,1
고양이,동물병원,2024Q2,1,1
고양이,동물병원,2024Q3,1,0
고양이,동물병원,2025Q1,0,1
고양이,동물병원,2025Q2,1,0
고양이,동물병원,2025Q4,1,0
고양이,동물병원,2026Q2,1,1
풀빌라·스테이,동물병원,2024Q4,1,0
축제·행사부스,동물병원,2025Q2,1,0
사행성연상 상호(대박·로또·잭팟 등),동물병원,2023Q1,1,0
사행성연상 상호(대박·로또·잭팟 등),동물병원,2024Q2,1,0
사행성연상 상호(대박·로또·잭팟 등),동물병원,2025Q1,1,0
사행성연상 상호(대박·로또·잭팟 등),동물병원,2026Q1,1,0
셀프,동물미용업,2023Q1,0,1
셀프,동물미용업,2023Q4,1,2
셀프,동물미용업,2024Q1,1,1
셀프,동물미용업,2024Q4,1,1
셀프,동물미용업,2026Q3,1,0
24시,동물미용업,2023Q2,0,2
24시,동물미용업,2023Q3,1,0
24시,동물미용업,2023Q4,0,6
24시,동물미용업,2024Q1,1,0
24시,동물미용업,2024Q2,0,2
24시,동물미용업,2024Q3,1,3
24시,동물미용업,2024Q4,1,7
24시,동물미용업,2025Q1,2,2
24시,동물미용업,2025Q3,1,1
24시,동물미용업,2025Q4,1,2
24시,동물미용업,2026Q1,0,1
24시,동물미용업,2026Q2,1,1
24시,동물미용업,2026Q3,0,1
키즈,동물미용업,2024Q2,1,0
키즈,동물미용업,2024Q4,1,0
키즈,동물미용업,2025Q1,0,1
반려동물(펫·애견),동물미용업,2023Q1,118,55
반려동물(펫·애견),동물미용업,2023Q2,105,59
반려동물(펫·애견),동물미용업,2023Q3,92,31
반려동물(펫·애견),동물미용업,2023Q4,82,70
반려동물(펫·애견),동물미용업,2024Q1,96,50
반려동물(펫·애견),동물미용업,2024Q2,100,68
반려동물(펫·애견),동물미용업,2024Q3,86,41
반려동물(펫·애견),동물미용업,2024Q4,91,86
반려동물(펫·애견),동물미용업,2025Q1,90,56
반려동물(펫·애견),동물미용업,2025Q2,102,45
반려동물(펫·애견),동물미용업,2025Q3,68,40
반려동물(펫·애견),동물미용업,2025Q4,79,83
반려동물(펫·애견),동물미용업,2026Q1,63,46
반려동물(펫·애견),동물미용업,2026Q2,101,56
반려동물(펫·애견),동물미용업,2026Q3,76,34
고양이,동물미용업,2023Q1,13,1
고양이,동물미용업,2023Q2,13,3
고양이,동물미용업,2023Q3,16,1
고양이,동물미용업,2023Q4,9,5
고양이,동물미용업,2024Q1,13,1
고양이,동물미용업,2024Q2,13,7
고양이,동물미용업,2024Q3,13,1
고양이,동물미용업,2024Q4,13,5
고양이,동물미용업,2025Q1,9,5
고양이,동물미용업,2025Q2,14,8
고양이,동물미용업,2025Q3,6,3
고양이,동물미용업,2025Q4,10,4
고양이,동물미용업,2026Q1,7,5
고양이,동물미용업,2026Q2,9,4
고양이,동물미용업,2026Q3,7,3
빨래방·코인세탁,동물미용업,2024Q2,2,0
빨래방·코인세탁,동물미용업,2024Q3,1,0
빨래방·코인세탁,동물미용업,2024Q4,0,1
빨래방·코인세탁,동물미용업,2025Q3,0,1
빨래방·코인세탁,동물미용업,2025Q4,1,0
빨래방·코인세탁,동물미용업,2026Q3,1,0
PT·퍼스널,동물미용업,2024Q1,1,0
편의점,동물미용업,2023Q1,0,1
편의점,동물미용업,2023Q4,0,1
편의점,동물미용업,2024Q1,0,2
풀빌라·스테이,동물미용업,2023Q1,2,0
풀빌라·스테이,동물미용업,2023Q4,0,2
풀빌라·스테이,동물미용업,2024Q3,4,1
풀빌라·스테이,동물미용업,2025Q1,2,0
풀빌라·스테이,동물미용업,2025Q3,1,0
풀빌라·스테이,동물미용업,2026Q2,2,0
축제·행사부스,동물미용업,2023Q1,0,1
사행성연상 상호(대박·로또·잭팟 등),동물미용업,2023Q2,0,1
사행성연상 상호(대박·로또·잭팟 등),동물미용업,2023Q3,1,0
사행성연상 상호(대박·로또·잭팟 등),동물미용업,2024Q3,1,0
사행성연상 상호(대박·로또·잭팟 등),동물미용업,2025Q1,1,0
사행성연상 상호(대박·로또·잭팟 등),동물미용업,2025Q3,1,1
사행성연상 상호(대박·로또·잭팟 등),동물미용업,2026Q1,1,0
무인,동물위탁관리업,2025Q1,1,0
셀프,동물위탁관리업,2023Q3,0,1
셀프,동물위탁관리업,2024Q1,1,0
셀프,동물위탁관리업,2026Q3,1,0
24시,동물위탁관리업,2023Q1,0,1
24시,동물위탁관리업,2023Q2,1,4
24시,동물위탁관리업,2023Q3,1,0
24시,동물위탁관리업,2023Q4,0,2
24시,동물위탁관리업,2024Q1,2,1
24시,동물위탁관리업,2024Q2,0,1
24시,동물위탁관리업,2024Q3,1,1
24시,동물위탁관리업,2024Q4,0,5
24시,동물위탁관리업,2025Q2,1,1
24시,동물위탁관리업,2025Q3,0,2
24시,동물위탁관리업,2025Q4,2,4
24시,동물위탁관리업,2026Q2,0,1
키즈,동물위탁관리업,2023Q2,1,0
키즈,동물위탁관리업,2023Q4,0,1
키즈,동물위탁관리업,2024Q1,1,0
키즈,동물위탁관리업,2024Q4,1,0
키즈,동물위탁관리업,2025Q1,0,1
반려동물(펫·애견),동물위탁관리업,2023Q1,51,44
반려동물(펫·애견),동물위탁관리업,2023Q2,83,46
반려동물(펫·애견),동물위탁관리업,2023Q3,70,32
반려동물(펫·애견),동물위탁관리업,2023Q4,64,69
반려동물(펫·애견),동물위탁관리업,2024Q1,70,41
반려동물(펫·애견),동물위탁관리업,2024Q2,79,40
반려동물(펫·애견),동물위탁관리업,2024Q3,79,28
반려동물(펫·애견),동물위탁관리업,2024Q4,66,71
반려동물(펫·애견),동물위탁관리업,2025Q1,61,38
반려동물(펫·애견),동물위탁관리업,2025Q2,75,37
반려동물(펫·애견),동물위탁관리업,2025Q3,58,42
반려동물(펫·애견),동물위탁관리업,2025Q4,50,62
반려동물(펫·애견),동물위탁관리업,2026Q1,61,38
반려동물(펫·애견),동물위탁관리업,2026Q2,72,39
반려동물(펫·애견),동물위탁관리업,2026Q3,47,17
고양이,동물위탁관리업,2023Q1,8,5
고양이,동물위탁관리업,2023Q2,16,4
고양이,동물위탁관리업,2023Q3,9,2
고양이,동물위탁관리업,2023Q4,13,10
고양이,동물위탁관리업,2024Q1,12,3
고양이,동물위탁관리업,2024Q2,8,6
고양이,동물위탁관리업,2024Q3,14,3
고양이,동물위탁관리업,2024Q4,8,6
고양이,동물위탁관리업,2025Q1,8,7
고양이,동물위탁관리업,2025Q2,13,8
고양이,동물위탁관리업,2025Q3,7,7
고양이,동물위탁관리업,2025Q4,10,6
고양이,동물위탁관리업,2026Q1,11,2
고양이,동물위탁관리업,2026Q2,8,4
고양이,동물위탁관리업,2026Q3,4,4
빨래방·코인세탁,동물위탁관리업,2025Q4,1,0
빨래방·코인세탁,동물위탁관리업,2026Q3,1,0
PT·퍼스널,동물위탁관리업,2024Q1,1,0
편의점,동물위탁관리업,2024Q1,0,1
풀빌라·스테이,동물위탁관리업,2023Q1,2,1
풀빌라·스테이,동물위탁관리업,2023Q2,1,1
풀빌라·스테이,동물위탁관리업,2023Q3,2,0
풀빌라·스테이,동물위탁관리업,2023Q4,0,2
풀빌라·스테이,동물위탁관리업,2024Q1,2,0
풀빌라·스테이,동물위탁관리업,2024Q2,1,1
풀빌라·스테이,동물위탁관리업,2024Q3,4,0
풀빌라·스테이,동물위탁관리업,2024Q4,1,0
풀빌라·스테이,동물위탁관리업,2025Q2,1,0
풀빌라·스테이,동물위탁관리업,2025Q3,4,1
풀빌라·스테이,동물위탁관리업,2026Q1,2,0
풀빌라·스테이,동물위탁관리업,2026Q2,5,0
풀빌라·스테이,동물위탁관리업,2026Q3,1,0
사행성연상 상호(대박·로또·잭팟 등),동물위탁관리업,2023Q2,0,1
사행성연상 상호(대박·로또·잭팟 등),동물위탁관리업,2023Q3,1,0
사행성연상 상호(대박·로또·잭팟 등),동물위탁관리업,2024Q2,1,0
사행성연상 상호(대박·로또·잭팟 등),동물위탁관리업,2024Q3,1,0
사행성연상 상호(대박·로또·잭팟 등),동물위탁관리업,2024Q4,0,1
사행성연상 상호(대박·로또·잭팟 등),동물위탁관리업,2025Q1,1,0
사행성연상 상호(대박·로또·잭팟 등),동물위탁관리업,2026Q1,1,0
무인,식품자동판매기업,2023Q1,56,19
무인,식품자동판매기업,2023Q2,94,27
무인,식품자동판매기업,2023Q3,87,30
무인,식품자동판매기업,2023Q4,78,29
무인,식품자동판매기업,2024Q1,69,32
무인,식품자동판매기업,2024Q2,96,20
무인,식품자동판매기업,2024Q3,86,20
무인,식품자동판매기업,2024Q4,68,21
무인,식품자동판매기업,2025Q1,47,36
무인,식품자동판매기업,2025Q2,64,30
무인,식품자동판매기업,2025Q3,71,27
무인,식품자동판매기업,2025Q4,67,35
무인,식품자동판매기업,2026Q1,60,40
무인,식품자동판매기업,2026Q2,55,34
무인,식품자동판매기업,2026Q3,48,34
셀프,식품자동판매기업,2023Q1,6,2
셀프,식품자동판매기업,2023Q2,8,6
셀프,식품자동판매기업,2023Q3,15,4
셀프,식품자동판매기업,2023Q4,14,7
셀프,식품자동판매기업,2024Q1,11,12
셀프,식품자동판매기업,2024Q2,10,9
셀프,식품자동판매기업,2024Q3,10,6
셀프,식품자동판매기업,2024Q4,7,8
셀프,식품자동판매기업,2025Q1,9,8
셀프,식품자동판매기업,2025Q2,11,5
셀프,식품자동판매기업,2025Q3,4,4
셀프,식품자동판매기업,2025Q4,5,7
셀프,식품자동판매기업,2026Q1,6,9
셀프,식품자동판매기업,2026Q2,11,5
셀프,식품자동판매기업,2026Q3,6,9
24시,식품자동판매기업,2023Q1,22,10
24시,식품자동판매기업,2023Q2,35,16
24시,식품자동판매기업,2023Q3,40,16
24시,식품자동판매기업,2023Q4,42,15
24시,식품자동판매기업,2024Q1,26,9
24시,식품자동판매기업,2024Q2,42,11
24시,식품자동판매기업,2024Q3,36,8
24시,식품자동판매기업,2024Q4,23,17
24시,식품자동판매기업,2025Q1,11,25
24시,식품자동판매기업,2025Q2,15,12
24시,식품자동판매기업,2025Q3,28,10
24시,식품자동판매기업,2025Q4,33,11
24시,식품자동판매기업,2026Q1,34,18
24시,식품자동판매기업,2026Q2,15,18
24시,식품자동판매기업,2026Q3,16,25
탕후루,식품자동판매기업,2023Q4,1,0
탕후루,식품자동판매기업,2024Q4,0,1
요거트아이스크림,식품자동판매기업,2024Q1,1,0
요거트아이스크림,식품자동판매기업,2025Q4,1,0
요거트아이스크림,식품자동판매기업,2026Q1,0,1
마라(탕),식품자동판매기업,2024Q2,1,0
샐러드,식품자동판매기업,2023Q1,0,2
샐러드,식품자동판매기업,2023Q2,1,0
샐러드,식품자동판매기업,2023Q3,0,1
샐러드,식품자동판매기업,2024Q1,0,1
샐러드,식품자동판매기업,2024Q2,1,1
샐러드,식품자동판매기업,2024Q4,1,0
샐러드,식품자동판매기업,2025Q1,1,0
샐러드,식품자동판매기업,2025Q2,1,0
샐러드,식품자동판매기업,2025Q3,4,0
샐러드,식품자동판매기업,2026Q1,0,1
샐러드,식품자동판매기업,2026Q2,1,1
하이볼,식품자동판매기업,2024Q1,1,0
오마카세,식품자동판매기업,2025Q1,0,1
와인,식품자동판매기업,2025Q3,2,0
와인,식품자동판매기업,2026Q2,1,0
키즈,식품자동판매기업,2023Q1,2,1
키즈,식품자동판매기업,2023Q2,2,0
키즈,식품자동판매기업,2023Q3,0,1
키즈,식품자동판매기업,2024Q1,6,0
키즈,식품자동판매기업,2024Q2,4,1
키즈,식품자동판매기업,2024Q3,1,0
키즈,식품자동판매기업,2024Q4,2,1
키즈,식품자동판매기업,2025Q1,0,2
키즈,식품자동판매기업,2025Q2,2,0
키즈,식품자동판매기업,2025Q3,4,1
키즈,식품자동판매기업,2025Q4,1,2
키즈,식품자동판매기업,2026Q1,2,1
키즈,식품자동판매기업,2026Q2,0,2
키즈,식품자동판매기업,2026Q3,2,3
반려동물(펫·애견),식품자동판매기업,2023Q1,2,1
반려동물(펫·애견),식품자동판매기업,2023Q2,1,0
반려동물(펫·애견),식품자동판매기업,2023Q4,0,2
반려동물(펫·애견),식품자동판매기업,2024Q2,0,1
반려동물(펫·애견),식품자동판매기업,2024Q3,2,0
반려동물(펫·애견),식품자동판매기업,2024Q4,2,0
반려동물(펫·애견),식품자동판매기업,2025Q1,3,1
반려동물(펫·애견),식품자동판매기업,2025Q2,1,1
반려동물(펫·애견),식품자동판매기업,2025Q3,1,0
반려동물(펫·애견),식품자동판매기업,2025Q4,1,1
반려동물(펫·애견),식품자동판매기업,2026Q1,1,2
반려동물(펫·애견),식품자동판매기업,2026Q2,3,0
반려동물(펫·애견),식품자동판매기업,2026Q3,1,0
고양이,식품자동판매기업,2023Q2,1,0
고양이,식품자동판매기업,2024Q2,1,0
고양이,식품자동판매기업,2024Q3,2,0
고양이,식품자동판매기업,2024Q4,1,0
고양이,식품자동판매기업,2025Q2,1,0
고양이,식품자동판매기업,2025Q4,5,0
고양이,식품자동판매기업,2026Q1,1,1
고양이,식품자동판매기업,2026Q2,2,0
고양이,식품자동판매기업,2026Q3,1,0
빨래방·코인세탁,식품자동판매기업,2023Q1,9,1
빨래방·코인세탁,식품자동판매기업,2023Q2,12,2
빨래방·코인세탁,식품자동판매기업,2023Q3,7,1
빨래방·코인세탁,식품자동판매기업,2023Q4,9,2
빨래방·코인세탁,식품자동판매기업,2024Q1,15,3
빨래방·코인세탁,식품자동판매기업,2024Q2,12,1
빨래방·코인세탁,식품자동판매기업,2024Q3,16,2
빨래방·코인세탁,식품자동판매기업,2024Q4,9,4
빨래방·코인세탁,식품자동판매기업,2025Q1,12,6
빨래방·코인세탁,식품자동판매기업,2025Q2,12,1
빨래방·코인세탁,식품자동판매기업,2025Q3,13,2
빨래방·코인세탁,식품자동판매기업,2025Q4,8,3
빨래방·코인세탁,식품자동판매기업,2026Q1,10,5
빨래방·코인세탁,식품자동판매기업,2026Q2,7,3
빨래방·코인세탁,식품자동판매기업,2026Q3,10,2
필라테스,식품자동판매기업,2024Q1,1,0
필라테스,식품자동판매기업,2026Q2,1,0
크로스핏,식품자동판매기업,2024Q1,1,0
PT·퍼스널,식품자동판매기업,2026Q1,1,0
PT·퍼스널,식품자동판매기업,2026Q3,1,0
스크린,식품자동판매기업,2023Q2,1,1
스크린,식품자동판매기업,2023Q3,4,0
스크린,식품자동판매기업,2023Q4,1,0
스크린,식품자동판매기업,2024Q3,2,0
스크린,식품자동판매기업,2024Q4,1,0
스크린,식품자동판매기업,2025Q4,2,0
코인노래,식품자동판매기업,2023Q2,1,1
코인노래,식품자동판매기업,2023Q4,1,0
코인노래,식품자동판매기업,2024Q2,1,0
코인노래,식품자동판매기업,2024Q3,1,0
코인노래,식품자동판매기업,2024Q4,2,1
코인노래,식품자동판매기업,2025Q1,1,0
코인노래,식품자동판매기업,2025Q2,1,1
코인노래,식품자동판매기업,2025Q3,1,0
코인노래,식품자동판매기업,2026Q1,4,1
코인노래,식품자동판매기업,2026Q2,0,1
코인노래,식품자동판매기업,2026Q3,1,0
밀키트,식품자동판매기업,2023Q4,2,0
밀키트,식품자동판매기업,2024Q2,0,2
반찬,식품자동판매기업,2023Q2,1,0
반찬,식품자동판매기업,2024Q3,0,1
반찬,식품자동판매기업,2025Q1,1,0
반찬,식품자동판매기업,2025Q2,0,1
반찬,식품자동판매기업,2025Q4,0,1
반찬,식품자동판매기업,2026Q2,0,1
디저트,식품자동판매기업,2023Q2,1,1
디저트,식품자동판매기업,2023Q4,1,0
디저트,식품자동판매기업,2024Q2,0,1
디저트,식품자동판매기업,2025Q1,2,0
디저트,식품자동판매기업,2025Q2,1,1
디저트,식품자동판매기업,2025Q3,0,1
디저트,식품자동판매기업,2026Q1,2,1
편의점,식품자동판매기업,2023Q1,334,314
편의점,식품자동판매기업,2023Q2,373,304
편의점,식품자동판매기업,2023Q3,295,263
편의점,식품자동판매기업,2023Q4,276,376
편의점,식품자동판매기업,2024Q1,248,302
편의점,식품자동판매기업,2024Q2,273,312
편의점,식품자동판매기업,2024Q3,313,269
편의점,식품자동판매기업,2024Q4,286,373
편의점,식품자동판매기업,2025Q1,258,317
편의점,식품자동판매기업,2025Q2,248,293
편의점,식품자동판매기업,2025Q3,217,292
편의점,식품자동판매기업,2025Q4,250,361
편의점,식품자동판매기업,2026Q1,187,289
편의점,식품자동판매기업,2026Q2,212,219
편의점,식품자동판매기업,2026Q3,177,222
스터디,식품자동판매기업,2023Q1,5,11
스터디,식품자동판매기업,2023Q2,3,17
스터디,식품자동판매기업,2023Q3,6,5
스터디,식품자동판매기업,2023Q4,4,15
스터디,식품자동판매기업,2024Q1,3,8
스터디,식품자동판매기업,2024Q2,3,6
스터디,식품자동판매기업,2024Q3,2,8
스터디,식품자동판매기업,2024Q4,1,11
스터디,식품자동판매기업,2025Q1,1,6
스터디,식품자동판매기업,2025Q2,2,14
스터디,식품자동판매기업,2025Q3,5,6
스터디,식품자동판매기업,2025Q4,3,14
스터디,식품자동판매기업,2026Q1,4,8
스터디,식품자동판매기업,2026Q2,5,5
스터디,식품자동판매기업,2026Q3,5,4
풀빌라·스테이,식품자동판매기업,2023Q1,5,0
풀빌라·스테이,식품자동판매기업,2023Q2,9,0
풀빌라·스테이,식품자동판매기업,2023Q3,6,3
풀빌라·스테이,식품자동판매기업,2023Q4,9,3
풀빌라·스테이,식품자동판매기업,2024Q1,6,2
풀빌라·스테이,식품자동판매기업,2024Q2,7,3
풀빌라·스테이,식품자동판매기업,2024Q3,6,1
풀빌라·스테이,식품자동판매기업,2024Q4,6,2
풀빌라·스테이,식품자동판매기업,2025Q1,7,3
풀빌라·스테이,식품자동판매기업,2025Q2,6,3
풀빌라·스테이,식품자동판매기업,2025Q3,7,5
풀빌라·스테이,식품자동판매기업,2025Q4,2,5
풀빌라·스테이,식품자동판매기업,2026Q1,10,2
풀빌라·스테이,식품자동판매기업,2026Q2,8,4
풀빌라·스테이,식품자동판매기업,2026Q3,6,3
축제·행사부스,식품자동판매기업,2023Q3,0,1
축제·행사부스,식품자동판매기업,2024Q2,1,0
사행성연상 상호(대박·로또·잭팟 등),식품자동판매기업,2023Q1,1,6
사행성연상 상호(대박·로또·잭팟 등),식품자동판매기업,2023Q2,3,10
사행성연상 상호(대박·로또·잭팟 등),식품자동판매기업,2023Q3,12,6
사행성연상 상호(대박·로또·잭팟 등),식품자동판매기업,2023Q4,3,4
사행성연상 상호(대박·로또·잭팟 등),식품자동판매기업,2024Q1,5,5
사행성연상 상호(대박·로또·잭팟 등),식품자동판매기업,2024Q2,8,5
사행성연상 상호(대박·로또·잭팟 등),식품자동판매기업,2024Q3,13,6
사행성연상 상호(대박·로또·잭팟 등),식품자동판매기업,2024Q4,5,9
사행성연상 상호(대박·로또·잭팟 등),식품자동판매기업,2025Q1,9,8
사행성연상 상호(대박·로또·잭팟 등),식품자동판매기업,2025Q2,3,6
사행성연상 상호(대박·로또·잭팟 등),식품자동판매기업,2025Q3,7,8
사행성연상 상호(대박·로또·잭팟 등),식품자동판매기업,2025Q4,3,7
사행성연상 상호(대박·로또·잭팟 등),식품자동판매기업,2026Q1,3,4
사행성연상 상호(대박·로또·잭팟 등),식품자동판매기업,2026Q2,6,2
사행성연상 상호(대박·로또·잭팟 등),식품자동판매기업,2026Q3,4,6
무인,체육도장업,2024Q2,1,0
무인,체육도장업,2024Q3,0,1
무인,체육도장업,2024Q4,1,0
키즈,체육도장업,2023Q1,4,4
키즈,체육도장업,2023Q2,3,3
키즈,체육도장업,2023Q3,1,2
키즈,체육도장업,2023Q4,3,1
키즈,체육도장업,2024Q1,5,0
키즈,체육도장업,2024Q2,3,1
키즈,체육도장업,2024Q3,2,1
키즈,체육도장업,2024Q4,2,4
키즈,체육도장업,2025Q1,3,1
키즈,체육도장업,2025Q2,3,0
키즈,체육도장업,2025Q3,6,1
키즈,체육도장업,2025Q4,0,2
키즈,체육도장업,2026Q1,1,1
키즈,체육도장업,2026Q2,1,2
키즈,체육도장업,2026Q3,2,1
필라테스,체육도장업,2023Q2,1,0
필라테스,체육도장업,2023Q4,0,1
크로스핏,체육도장업,2023Q2,1,0
크로스핏,체육도장업,2023Q3,1,0
크로스핏,체육도장업,2024Q1,1,1
크로스핏,체육도장업,2024Q2,1,0
크로스핏,체육도장업,2025Q1,0,1
PT·퍼스널,체육도장업,2023Q1,1,0
PT·퍼스널,체육도장업,2023Q2,2,0
PT·퍼스널,체육도장업,2023Q3,2,0
PT·퍼스널,체육도장업,2023Q4,2,1
PT·퍼스널,체육도장업,2024Q1,2,2
PT·퍼스널,체육도장업,2024Q2,4,1
PT·퍼스널,체육도장업,2024Q3,1,0
PT·퍼스널,체육도장업,2024Q4,1,1
PT·퍼스널,체육도장업,2025Q1,0,1
PT·퍼스널,체육도장업,2025Q2,1,0
PT·퍼스널,체육도장업,2025Q4,0,1
PT·퍼스널,체육도장업,2026Q1,2,0
PT·퍼스널,체육도장업,2026Q2,1,1
풀빌라·스테이,체육도장업,2023Q4,1,0
풀빌라·스테이,체육도장업,2024Q3,1,0
풀빌라·스테이,체육도장업,2024Q4,1,0
풀빌라·스테이,체육도장업,2025Q1,1,0
풀빌라·스테이,체육도장업,2026Q1,4,0
풀빌라·스테이,체육도장업,2026Q2,1,0
풀빌라·스테이,체육도장업,2026Q3,1,0
축제·행사부스,체육도장업,2023Q1,1,0
축제·행사부스,체육도장업,2024Q2,1,0
축제·행사부스,체육도장업,2025Q1,0,1
사행성연상 상호(대박·로또·잭팟 등),체육도장업,2023Q1,1,0
사행성연상 상호(대박·로또·잭팟 등),체육도장업,2023Q4,1,0
사행성연상 상호(대박·로또·잭팟 등),체육도장업,2025Q3,1,0
사행성연상 상호(대박·로또·잭팟 등),체육도장업,2025Q4,0,1
사행성연상 상호(대박·로또·잭팟 등),체육도장업,2026Q2,0,2
