업종,구분,토큰,최근12M개업,전전12M개업,배율
일반음식점,부상,혼술바,293.0,9.0,21.29
일반음식점,부상,영웅본색,74.0,0.0,15.8
일반음식점,부상,벨리풀,59.0,0.0,12.8
일반음식점,부상,한들미,53.0,0.0,11.6
일반음식점,부상,니포차,53.0,0.0,11.6
일반음식점,부상,농가의,128.0,7.0,11.08
일반음식점,부상,횡성한우축제,50.0,0.0,11.0
일반음식점,부상,슈퍼크리스피,60.0,1.0,10.83
일반음식점,부상,디저트팩토리,46.0,0.0,10.2
일반음식점,부상,부산대원어묵,45.0,0.0,10.0
일반음식점,부상,야화,64.0,2.0,9.86
일반음식점,부상,야미컴퍼니,36.0,0.0,8.2
일반음식점,부상,호떡킹앤더팝,34.0,0.0,7.8
일반음식점,부상,구운치킨만,34.0,0.0,7.8
일반음식점,부상,원주만두축제,33.0,0.0,7.6
일반음식점,부상,업소,33.0,0.0,7.6
일반음식점,부상,참여,33.0,0.0,7.6
일반음식점,부상,GBBF,32.0,0.0,7.4
일반음식점,부상,토핑몬스터피자,75.0,6.0,7.27
일반음식점,부상,언밸런스,31.0,0.0,7.2
일반음식점,부상,안동국제탈춤페스티벌,30.0,0.0,7.0
일반음식점,부상,서부시장,30.0,0.0,7.0
일반음식점,부상,축제,90.0,9.0,6.79
일반음식점,부상,음식부스,46.0,3.0,6.38
일반음식점,부상,케이찹사라다,32.0,1.0,6.17
일반음식점,부상,닭다리,31.0,1.0,6.0
일반음식점,부상,큰손닭강정,42.0,3.0,5.88
일반음식점,부상,정직화벌집삼겹,29.0,1.0,5.67
일반음식점,부상,간고등어,29.0,1.0,5.67
일반음식점,부상,미술계,33.0,2.0,5.43
일반음식점,쇠퇴,포동푸딩,0.0,64.0,0.07
일반음식점,쇠퇴,충무로가는길,0.0,37.0,0.12
일반음식점,쇠퇴,노티드,0.0,32.0,0.14
일반음식점,쇠퇴,팩토리,6.0,73.0,0.14
일반음식점,쇠퇴,명륜진사갈비,5.0,67.0,0.14
일반음식점,쇠퇴,철길부산집,3.0,50.0,0.15
일반음식점,쇠퇴,빽보이피자,3.0,39.0,0.18
일반음식점,쇠퇴,전주가맥축제,1.0,29.0,0.18
일반음식점,쇠퇴,타코야끼,14.0,88.0,0.2
일반음식점,쇠퇴,피자나라치킨공주,4.0,41.0,0.2
일반음식점,쇠퇴,오봉집,3.0,30.0,0.23
일반음식점,쇠퇴,스텔라떡볶이,9.0,53.0,0.24
일반음식점,쇠퇴,김종구식맛치킨,4.0,31.0,0.25
일반음식점,쇠퇴,에브리띵,13.0,63.0,0.26
일반음식점,쇠퇴,생마차,4.0,30.0,0.26
일반음식점,쇠퇴,포케올데이,6.0,33.0,0.29
일반음식점,쇠퇴,부스,7.0,32.0,0.32
일반음식점,쇠퇴,샤브올데이,6.0,29.0,0.32
일반음식점,쇠퇴,바른보쌈,5.0,25.0,0.33
일반음식점,쇠퇴,한신우동,8.0,33.0,0.34
일반음식점,쇠퇴,인생아구찜,15.0,50.0,0.36
일반음식점,쇠퇴,귀한족발,8.0,31.0,0.36
일반음식점,쇠퇴,프랭크버거,22.0,71.0,0.36
일반음식점,쇠퇴,그늘집,9.0,33.0,0.37
일반음식점,쇠퇴,화락바베큐치킨,8.0,29.0,0.38
일반음식점,쇠퇴,김복남맥주,9.0,31.0,0.39
일반음식점,쇠퇴,마장동,7.0,25.0,0.4
일반음식점,쇠퇴,옥된장,11.0,34.0,0.41
일반음식점,쇠퇴,숯불두마리치킨,21.0,56.0,0.43
일반음식점,쇠퇴,애슐리퀸즈,11.0,31.0,0.44
휴게음식점,부상,미르에프엔비,233.0,0.0,47.6
휴게음식점,부상,에이치에스마켓,132.0,1.0,22.83
휴게음식점,부상,주식회사리은푸드,96.0,0.0,20.2
휴게음식점,부상,조건부,76.0,0.0,16.2
휴게음식점,부상,조이컴퍼니,74.0,0.0,15.8
휴게음식점,부상,이프,69.0,0.0,14.8
휴게음식점,부상,명류당티에프,68.0,0.0,14.6
휴게음식점,부상,한나베이커리,67.0,0.0,14.4
휴게음식점,부상,치즈케이크,167.0,8.0,13.23
휴게음식점,부상,연백딸기모찌,61.0,0.0,13.2
휴게음식점,부상,유등축제,61.0,0.0,13.2
휴게음식점,부상,오지상,147.0,7.0,12.67
휴게음식점,부상,복당,55.0,0.0,12.0
휴게음식점,부상,쁘띠분식당,64.0,1.0,11.5
휴게음식점,부상,건원산업,52.0,0.0,11.4
휴게음식점,부상,태양식품,50.0,0.0,11.0
휴게음식점,부상,미당푸드,50.0,0.0,11.0
휴게음식점,부상,오사카,147.0,9.0,10.86
휴게음식점,부상,론다베이크샵,49.0,0.0,10.8
휴게음식점,부상,올데이스테이,59.0,1.0,10.67
휴게음식점,부상,뺑스톡,48.0,0.0,10.6
휴게음식점,부상,봄날엔,48.0,0.0,10.6
휴게음식점,부상,점퍼스에프앤비,46.0,0.0,10.2
휴게음식점,부상,보해명가,41.0,0.0,9.2
휴게음식점,부상,버터팜,41.0,0.0,9.2
휴게음식점,부상,스위트젠,39.0,0.0,8.8
휴게음식점,부상,풍물시장,46.0,1.0,8.5
휴게음식점,부상,이스터서울,46.0,1.0,8.5
휴게음식점,부상,선인수산,44.0,1.0,8.17
휴게음식점,부상,황금마차,50.0,2.0,7.86
휴게음식점,쇠퇴,탕후루,2.0,56.0,0.11
휴게음식점,쇠퇴,유키모찌,2.0,51.0,0.12
휴게음식점,쇠퇴,어묵방앗간,0.0,36.0,0.12
휴게음식점,쇠퇴,봉크레프트,0.0,32.0,0.14
휴게음식점,쇠퇴,테이스틸러,0.0,31.0,0.14
휴게음식점,쇠퇴,송원지이,0.0,31.0,0.14
휴게음식점,쇠퇴,또옥,0.0,30.0,0.14
휴게음식점,쇠퇴,요거트아이스크림의정석,2.0,43.0,0.15
휴게음식점,쇠퇴,수제핫도그,1.0,35.0,0.15
휴게음식점,쇠퇴,정석,3.0,47.0,0.15
휴게음식점,쇠퇴,신이안루,4.0,42.0,0.19
휴게음식점,쇠퇴,떡창고,3.0,33.0,0.21
휴게음식점,쇠퇴,에낭,2.0,28.0,0.21
휴게음식점,쇠퇴,카페요아정,8.0,53.0,0.22
휴게음식점,쇠퇴,빽다방,46.0,199.0,0.25
휴게음식점,쇠퇴,요거트,11.0,55.0,0.27
휴게음식점,쇠퇴,착한어묵가게,5.0,30.0,0.29
휴게음식점,쇠퇴,강릉단오제,10.0,47.0,0.29
휴게음식점,쇠퇴,보드게임카페,9.0,41.0,0.3
휴게음식점,쇠퇴,요아정,15.0,58.0,0.32
휴게음식점,쇠퇴,팥붕슈붕,9.0,37.0,0.33
휴게음식점,쇠퇴,매머드,11.0,42.0,0.34
휴게음식점,쇠퇴,미당,25.0,77.0,0.37
휴게음식점,쇠퇴,플러스,14.0,44.0,0.39
휴게음식점,쇠퇴,cake,10.0,33.0,0.39
휴게음식점,쇠퇴,감성커피,11.0,33.0,0.42
휴게음식점,쇠퇴,요거트월드,18.0,45.0,0.46
휴게음식점,쇠퇴,블루샥,8.0,23.0,0.46
휴게음식점,쇠퇴,메고지고,22.0,52.0,0.47
휴게음식점,쇠퇴,감동푸드,79.0,161.0,0.51
제과점,부상,Bakery,22.0,8.0,2.08
제과점,부상,베이커리,158.0,79.0,1.94
제과점,부상,주식회사,61.0,37.0,1.57
제과점,부상,케이크,27.0,19.0,1.33
제과점,부상,카페,52.0,40.0,1.27
제과점,부상,치플레,26.0,21.0,1.19
제과점,부상,뵈르카페,17.0,14.0,1.16
제과점,부상,cake,17.0,15.0,1.1
제과점,부상,한시적,138.0,134.0,1.03
제과점,부상,제빵소,16.0,16.0,1.0
제과점,부상,브레드,16.0,16.0,1.0
제과점,부상,파리바게뜨,54.0,67.0,0.82
제과점,부상,베이커리팩토리,12.0,20.0,0.68
제과점,부상,뚜레쥬르,29.0,62.0,0.51
제과점,부상,화이트리에,5.0,32.0,0.27
제과점,부상,언밸런스,0.0,33.0,0.13
제과점,쇠퇴,언밸런스,0.0,33.0,0.13
제과점,쇠퇴,화이트리에,5.0,32.0,0.27
제과점,쇠퇴,뚜레쥬르,29.0,62.0,0.51
제과점,쇠퇴,베이커리팩토리,12.0,20.0,0.68
제과점,쇠퇴,파리바게뜨,54.0,67.0,0.82
제과점,쇠퇴,브레드,16.0,16.0,1.0
제과점,쇠퇴,제빵소,16.0,16.0,1.0
제과점,쇠퇴,한시적,138.0,134.0,1.03
제과점,쇠퇴,cake,17.0,15.0,1.1
제과점,쇠퇴,뵈르카페,17.0,14.0,1.16
제과점,쇠퇴,치플레,26.0,21.0,1.19
제과점,쇠퇴,카페,52.0,40.0,1.27
제과점,쇠퇴,케이크,27.0,19.0,1.33
제과점,쇠퇴,주식회사,61.0,37.0,1.57
제과점,쇠퇴,베이커리,158.0,79.0,1.94
제과점,쇠퇴,Bakery,22.0,8.0,2.08
체력단련장,부상,스튜디오,25.0,18.0,1.3
체력단련장,부상,피티,19.0,19.0,1.0
체력단련장,부상,트레이닝,26.0,26.0,1.0
체력단련장,부상,헬스,96.0,98.0,0.98
체력단련장,부상,PT,172.0,191.0,0.9
체력단련장,부상,필라테스,31.0,37.0,0.86
체력단련장,부상,피트니스,66.0,97.0,0.7
체력단련장,부상,주식회사,14.0,23.0,0.68
체력단련장,부상,GYM,28.0,45.0,0.66
체력단련장,부상,프리원핏,14.0,25.0,0.63
체력단련장,부상,호점,18.0,33.0,0.61
체력단련장,부상,휘트니스,23.0,42.0,0.6
체력단련장,부상,크로스핏,32.0,70.0,0.49
체력단련장,쇠퇴,크로스핏,32.0,70.0,0.49
체력단련장,쇠퇴,휘트니스,23.0,42.0,0.6
체력단련장,쇠퇴,호점,18.0,33.0,0.61
체력단련장,쇠퇴,프리원핏,14.0,25.0,0.63
체력단련장,쇠퇴,GYM,28.0,45.0,0.66
체력단련장,쇠퇴,주식회사,14.0,23.0,0.68
체력단련장,쇠퇴,피트니스,66.0,97.0,0.7
체력단련장,쇠퇴,필라테스,31.0,37.0,0.86
체력단련장,쇠퇴,PT,172.0,191.0,0.9
체력단련장,쇠퇴,헬스,96.0,98.0,0.98
체력단련장,쇠퇴,트레이닝,26.0,26.0,1.0
체력단련장,쇠퇴,피티,19.0,19.0,1.0
체력단련장,쇠퇴,스튜디오,25.0,18.0,1.3
미용업,부상,맨즈,27.0,6.0,2.91
미용업,부상,래쉬,43.0,15.0,2.4
미용업,부상,헤어스튜디오,27.0,10.0,2.13
미용업,부상,스튜디오,182.0,83.0,2.12
미용업,부상,전문,22.0,8.0,2.08
미용업,부상,스파,49.0,21.0,2.08
미용업,부상,ON,51.0,22.0,2.07
미용업,부상,염색방,30.0,12.0,2.06
미용업,부상,아뜰리에,28.0,12.0,1.94
미용업,부상,헤드스파,61.0,31.0,1.83
미용업,부상,studio,44.0,23.0,1.75
미용업,부상,맨즈헤어,76.0,43.0,1.69
미용업,부상,STUDIO,27.0,15.0,1.6
미용업,부상,눈썹,85.0,55.0,1.5
미용업,부상,온헤어,19.0,11.0,1.5
미용업,부상,속눈썹,138.0,104.0,1.31
미용업,부상,메이크업,58.0,44.0,1.29
미용업,부상,리안헤어,41.0,32.0,1.24
미용업,부상,HAIR,189.0,153.0,1.23
미용업,부상,헤어룸,17.0,13.0,1.22
미용업,부상,나이스가이,34.0,28.0,1.18
미용업,부상,테라피,49.0,41.0,1.17
미용업,부상,SALON,30.0,25.0,1.17
미용업,부상,헤어,576.0,498.0,1.16
미용업,부상,skin,18.0,15.0,1.15
미용업,부상,on,20.0,17.0,1.14
미용업,부상,NAIL,105.0,92.0,1.13
미용업,부상,붙임머리,80.0,70.0,1.13
미용업,부상,피부관리,31.0,27.0,1.12
미용업,부상,Salon,25.0,22.0,1.11
미용업,쇠퇴,에이바헤어,18.0,63.0,0.34
미용업,쇠퇴,예쁨,6.0,24.0,0.38
미용업,쇠퇴,the,10.0,25.0,0.5
미용업,쇠퇴,미장원,23.0,46.0,0.55
미용업,쇠퇴,슈가링왁싱,11.0,22.0,0.59
미용업,쇠퇴,네일도,11.0,22.0,0.59
미용업,쇠퇴,Beauty,45.0,79.0,0.6
미용업,쇠퇴,오늘,35.0,57.0,0.65
미용업,쇠퇴,오늘도,14.0,23.0,0.68
미용업,쇠퇴,뷰티샵,13.0,21.0,0.69
미용업,쇠퇴,BEAUTY,38.0,55.0,0.72
미용업,쇠퇴,태후사랑,28.0,40.0,0.73
미용업,쇠퇴,salon,25.0,36.0,0.73
미용업,쇠퇴,채움,12.0,18.0,0.74
미용업,쇠퇴,호점,49.0,68.0,0.74
미용업,쇠퇴,네일은,13.0,19.0,0.75
미용업,쇠퇴,THE,16.0,23.0,0.75
미용업,쇠퇴,피부,26.0,36.0,0.76
미용업,쇠퇴,염색,15.0,21.0,0.77
미용업,쇠퇴,헤어샵,32.0,43.0,0.77
미용업,쇠퇴,블루클럽,18.0,25.0,0.77
미용업,쇠퇴,제이,22.0,29.0,0.79
미용업,쇠퇴,살롱,59.0,75.0,0.8
미용업,쇠퇴,The,46.0,59.0,0.8
미용업,쇠퇴,브로우,42.0,53.0,0.81
미용업,쇠퇴,Hair,83.0,103.0,0.81
미용업,쇠퇴,바디,37.0,46.0,0.82
미용업,쇠퇴,본점,19.0,24.0,0.83
미용업,쇠퇴,네일,509.0,616.0,0.83
미용업,쇠퇴,올가드림뷰티,28.0,34.0,0.85
세탁업,부상,세탁,16.0,16.0,1.0
세탁업,쇠퇴,세탁,16.0,16.0,1.0
