업종,전전12M_개업,전전12M_폐업,전전12M_순증,전전12M_기초재고,전전12M_순증률,전전12M_폐업개업비,전전12M_단기개업,전전12M_실질개업,전전12M_실질폐업,전전12M_실질폐업개업비,직전12M_개업,직전12M_폐업,직전12M_순증,직전12M_기초재고,직전12M_순증률,직전12M_폐업개업비,직전12M_단기개업,직전12M_실질개업,직전12M_실질폐업,직전12M_실질폐업개업비,최근12M_개업,최근12M_폐업,최근12M_순증,최근12M_기초재고,최근12M_순증률,최근12M_폐업개업비,최근12M_단기개업,최근12M_실질개업,최근12M_실질폐업,최근12M_실질폐업개업비,현재영업중,개업증감률(최근vs직전),폐업증감률(최근vs직전),실질개업증감률(최근vs직전),실질폐업증감률(최근vs직전)
일반음식점,70224,71464,-1240,701166,-0.18,1.02,10353,59871,61528,1.03,64543,77038,-12495,699926,-1.79,1.19,13297,51246,63676,1.24,64329,75793,-11464,687431,-1.67,1.18,14764,49565,60768,1.23,675948,-0.3,-1.6,-3.3,-4.6
휴게음식점,33752,34509,-757,204889,-0.37,1.02,8128,25624,26520,1.03,33304,36886,-3582,204132,-1.75,1.11,10949,22355,25962,1.16,33761,35094,-1333,200550,-0.66,1.04,12520,21241,22313,1.05,199301,1.4,-4.9,-5.0,-14.1
제과점,3344,3412,-68,19714,-0.34,1.02,1191,2153,2251,1.05,3703,3546,157,19646,0.8,0.96,1442,2261,2119,0.94,4132,3651,481,19803,2.43,0.88,1477,2655,2127,0.8,20325,11.6,3.0,17.4,0.4
노래연습장,386,912,-526,28595,-1.84,2.36,1,385,911,2.37,319,1023,-704,28068,-2.51,3.21,1,318,1022,3.21,218,1003,-785,27364,-2.87,4.6,0,218,1003,4.6,26566,-31.7,-2.0,-31.4,-1.9
체력단련장,1796,513,1283,13993,9.17,0.29,2,1794,511,0.28,1711,564,1147,15269,7.51,0.33,3,1708,562,0.33,1257,736,521,16412,3.17,0.59,4,1253,731,0.58,16938,-26.5,30.5,-26.6,30.1
PC방,2438,1689,749,16185,4.63,0.69,48,2390,1642,0.69,2457,1583,874,16783,5.21,0.64,35,2422,1545,0.64,2733,1597,1136,17559,6.47,0.58,61,2672,1536,0.57,18678,11.2,0.9,10.3,-0.6
숙박업,976,647,329,29879,1.1,0.66,10,966,637,0.66,1023,596,427,30208,1.41,0.58,9,1014,587,0.58,1210,574,636,30635,2.08,0.47,3,1207,571,0.47,31279,18.3,-3.7,19.0,-2.7
미용업,19069,12944,6125,183137,3.34,0.68,196,18873,12752,0.68,17524,13738,3786,189262,2.0,0.78,194,17330,13541,0.78,16950,13505,3445,193048,1.78,0.8,179,16771,13315,0.79,196609,-3.3,-1.7,-3.2,-1.7
세탁업,351,1161,-810,20792,-3.9,3.31,11,340,1150,3.38,324,1082,-758,19982,-3.79,3.34,11,313,1073,3.43,318,943,-625,19224,-3.25,2.97,4,314,937,2.98,18590,-1.9,-12.8,0.3,-12.7
동물병원,270,136,134,5111,2.62,0.5,4,266,132,0.5,299,153,146,5245,2.78,0.51,0,299,153,0.51,252,134,118,5390,2.19,0.53,1,251,133,0.53,5512,-15.7,-12.4,-16.1,-13.1
동물미용업,1459,763,696,9350,7.44,0.52,4,1455,758,0.52,1376,708,668,10038,6.65,0.51,4,1372,704,0.51,1285,629,656,10705,6.13,0.49,3,1282,626,0.49,11379,-6.6,-11.2,-6.6,-11.1
동물위탁관리업,1020,648,372,5223,7.12,0.64,5,1015,643,0.63,853,619,234,5586,4.19,0.73,2,851,617,0.73,786,509,277,5820,4.76,0.65,5,781,504,0.65,6100,-7.9,-17.8,-8.2,-18.3
식품자동판매기업,4604,3898,706,38814,1.82,0.85,79,4525,3817,0.84,3861,4086,-225,39520,-0.57,1.06,57,3804,4025,1.06,3464,3720,-256,39295,-0.65,1.07,45,3419,3674,1.07,39035,-10.3,-9.0,-10.1,-8.7
체육도장업,823,463,360,15976,2.25,0.56,6,817,456,0.56,794,523,271,16332,1.66,0.66,2,792,521,0.66,844,651,193,16603,1.16,0.77,3,841,648,0.77,16795,6.3,24.5,6.2,24.4
