업종,분기,개업,폐업,순증
일반음식점,2023Q1,16993,14983,2010
일반음식점,2023Q2,20013,16211,3802
일반음식점,2023Q3,18232,15362,2870
일반음식점,2023Q4,18061,21304,-3243
일반음식점,2024Q1,15616,15521,95
일반음식점,2024Q2,19090,17831,1259
일반음식점,2024Q3,17457,16808,649
일반음식점,2024Q4,16694,23937,-7243
일반음식점,2025Q1,12968,16090,-3122
일반음식점,2025Q2,16769,18339,-1570
일반음식점,2025Q3,18112,18672,-560
일반음식점,2025Q4,16550,24716,-8166
일반음식점,2026Q1,13546,15234,-1688
일반음식점,2026Q2,17295,18145,-850
일반음식점,2026Q3,16938,17698,-760
휴게음식점,2023Q1,8022,7055,967
휴게음식점,2023Q2,9678,7786,1892
휴게음식점,2023Q3,9124,7119,2005
휴게음식점,2023Q4,8262,10747,-2485
휴게음식점,2024Q1,7732,7322,410
휴게음식점,2024Q2,9182,8491,691
휴게음식점,2024Q3,8576,7949,627
휴게음식점,2024Q4,8492,12116,-3624
휴게음식점,2025Q1,7237,7467,-230
휴게음식점,2025Q2,8809,8714,95
휴게음식점,2025Q3,8766,8589,177
휴게음식점,2025Q4,8357,11752,-3395
휴게음식점,2026Q1,7666,7129,537
휴게음식점,2026Q2,9110,8497,613
휴게음식점,2026Q3,8628,7716,912
제과점,2023Q1,685,671,14
제과점,2023Q2,787,756,31
제과점,2023Q3,713,696,17
제과점,2023Q4,803,997,-194
제과점,2024Q1,723,788,-65
제과점,2024Q2,909,859,50
제과점,2024Q3,909,768,141
제과점,2024Q4,935,1178,-243
제과점,2025Q1,793,697,96
제과점,2025Q2,951,837,114
제과점,2025Q3,1024,834,190
제과점,2025Q4,1092,1213,-121
제과점,2026Q1,915,750,165
제과점,2026Q2,1044,935,109
제과점,2026Q3,1081,753,328
노래연습장,2023Q1,119,248,-129
노래연습장,2023Q2,124,201,-77
노래연습장,2023Q3,124,215,-91
노래연습장,2023Q4,143,235,-92
노래연습장,2024Q1,72,203,-131
노래연습장,2024Q2,80,249,-169
노래연습장,2024Q3,91,225,-134
노래연습장,2024Q4,101,312,-211
노래연습장,2025Q1,73,246,-173
노래연습장,2025Q2,68,238,-170
노래연습장,2025Q3,77,227,-150
노래연습장,2025Q4,78,247,-169
노래연습장,2026Q1,56,216,-160
노래연습장,2026Q2,47,288,-241
노래연습장,2026Q3,37,252,-215
체력단련장,2023Q1,469,91,378
체력단련장,2023Q2,496,132,364
체력단련장,2023Q3,424,103,321
체력단련장,2023Q4,454,115,339
체력단련장,2024Q1,470,166,304
체력단련장,2024Q2,495,124,371
체력단련장,2024Q3,377,108,269
체력단련장,2024Q4,435,175,260
체력단련장,2025Q1,410,130,280
체력단련장,2025Q2,378,146,232
체력단련장,2025Q3,488,113,375
체력단련장,2025Q4,324,188,136
체력단련장,2026Q1,338,179,159
체력단련장,2026Q2,313,206,107
체력단련장,2026Q3,282,163,119
PC방,2023Q1,610,452,158
PC방,2023Q2,782,503,279
PC방,2023Q3,815,372,443
PC방,2023Q4,697,418,279
PC방,2024Q1,583,415,168
PC방,2024Q2,616,414,202
PC방,2024Q3,542,442,100
PC방,2024Q4,603,496,107
PC방,2025Q1,537,394,143
PC방,2025Q2,658,355,303
PC방,2025Q3,659,338,321
PC방,2025Q4,691,386,305
PC방,2026Q1,623,369,254
PC방,2026Q2,801,407,394
PC방,2026Q3,618,435,183
숙박업,2023Q1,208,189,19
숙박업,2023Q2,245,159,86
숙박업,2023Q3,251,150,101
숙박업,2023Q4,265,243,22
숙박업,2024Q1,215,158,57
숙박업,2024Q2,246,116,130
숙박업,2024Q3,250,130,120
숙박업,2024Q4,224,217,7
숙박업,2025Q1,193,149,44
숙박업,2025Q2,238,115,123
숙박업,2025Q3,368,115,253
숙박업,2025Q4,270,188,82
숙박업,2026Q1,257,134,123
숙박업,2026Q2,302,127,175
숙박업,2026Q3,381,125,256
미용업,2023Q1,5173,2960,2213
미용업,2023Q2,5201,3044,2157
미용업,2023Q3,4557,2704,1853
미용업,2023Q4,4342,3947,395
미용업,2024Q1,5318,3164,2154
미용업,2024Q2,5138,3138,2000
미용업,2024Q3,4271,2695,1576
미용업,2024Q4,4145,4325,-180
미용업,2025Q1,4550,3136,1414
미용업,2025Q2,4619,3243,1376
미용업,2025Q3,4210,3034,1176
미용업,2025Q4,3883,4382,-499
미용업,2026Q1,4597,3090,1507
미용업,2026Q2,4614,3222,1392
미용업,2026Q3,3856,2811,1045
세탁업,2023Q1,92,320,-228
세탁업,2023Q2,94,298,-204
세탁업,2023Q3,73,270,-197
세탁업,2023Q4,88,347,-259
세탁업,2024Q1,94,243,-149
세탁업,2024Q2,83,282,-199
세탁업,2024Q3,86,289,-203
세탁업,2024Q4,88,341,-253
세탁업,2025Q1,78,254,-176
세탁업,2025Q2,69,251,-182
세탁업,2025Q3,89,236,-147
세탁업,2025Q4,88,263,-175
세탁업,2026Q1,96,195,-99
세탁업,2026Q2,59,238,-179
세탁업,2026Q3,75,247,-172
동물병원,2023Q1,68,52,16
동물병원,2023Q2,84,39,45
동물병원,2023Q3,86,43,43
동물병원,2023Q4,59,46,13
동물병원,2024Q1,83,29,54
동물병원,2024Q2,76,38,38
동물병원,2024Q3,52,23,29
동물병원,2024Q4,73,51,22
동물병원,2025Q1,75,37,38
동물병원,2025Q2,82,35,47
동물병원,2025Q3,69,30,39
동물병원,2025Q4,59,37,22
동물병원,2026Q1,64,31,33
동물병원,2026Q2,65,31,34
동물병원,2026Q3,64,35,29
동물미용업,2023Q1,382,170,212
동물미용업,2023Q2,411,165,246
동물미용업,2023Q3,379,139,240
동물미용업,2023Q4,293,263,30
동물미용업,2024Q1,410,183,227
동물미용업,2024Q2,420,185,235
동물미용업,2024Q3,336,132,204
동물미용업,2024Q4,321,265,56
동물미용업,2025Q1,332,174,158
동물미용업,2025Q2,425,130,295
동물미용업,2025Q3,298,139,159
동물미용업,2025Q4,283,219,64
동물미용업,2026Q1,343,155,188
동물미용업,2026Q2,381,153,228
동물미용업,2026Q3,278,102,176
동물위탁관리업,2023Q1,214,124,90
동물위탁관리업,2023Q2,280,158,122
동물위탁관리업,2023Q3,275,110,165
동물위탁관리업,2023Q4,218,227,-9
동물위탁관리업,2024Q1,281,160,121
동물위탁관리업,2024Q2,276,157,119
동물위탁관리업,2024Q3,245,104,141
동물위탁관리업,2024Q4,231,239,-8
동물위탁관리업,2025Q1,183,130,53
동물위탁관리업,2025Q2,246,122,124
동물위탁관리업,2025Q3,193,128,65
동물위탁관리업,2025Q4,179,192,-13
동물위탁관리업,2026Q1,204,116,88
동물위탁관리업,2026Q2,231,126,105
동물위탁관리업,2026Q3,172,75,97
식품자동판매기업,2023Q1,1058,1167,-109
식품자동판매기업,2023Q2,1361,983,378
식품자동판매기업,2023Q3,1195,814,381
식품자동판매기업,2023Q4,1106,1156,-50
식품자동판매기업,2024Q1,1134,1107,27
식품자동판매기업,2024Q2,1189,904,285
식품자동판매기업,2024Q3,1175,731,444
식품자동판매기업,2024Q4,1044,1128,-84
식품자동판매기업,2025Q1,833,1096,-263
식품자동판매기업,2025Q2,991,994,-3
식품자동판매기업,2025Q3,993,868,125
식품자동판매기업,2025Q4,923,1152,-229
식품자동판매기업,2026Q1,830,1009,-179
식품자동판매기업,2026Q2,895,811,84
식품자동판매기업,2026Q3,816,748,68
체육도장업,2023Q1,260,145,115
체육도장업,2023Q2,199,137,62
체육도장업,2023Q3,209,87,122
체육도장업,2023Q4,226,117,109
체육도장업,2024Q1,255,130,125
체육도장업,2024Q2,152,126,26
체육도장업,2024Q3,190,90,100
체육도장업,2024Q4,196,142,54
체육도장업,2025Q1,241,131,110
체육도장업,2025Q2,187,135,52
체육도장업,2025Q3,170,115,55
체육도장업,2025Q4,220,159,61
체육도장업,2026Q1,268,179,89
체육도장업,2026Q2,186,195,-9
체육도장업,2026Q3,170,118,52
