업종,시도,전전12M_개업,전전12M_폐업,전전12M_순증,전전12M_기초재고,전전12M_순증률,전전12M_폐업개업비,전전12M_단기개업,전전12M_실질개업,전전12M_실질폐업,전전12M_실질폐업개업비,직전12M_개업,직전12M_폐업,직전12M_순증,직전12M_기초재고,직전12M_순증률,직전12M_폐업개업비,직전12M_단기개업,직전12M_실질개업,직전12M_실질폐업,직전12M_실질폐업개업비,최근12M_개업,최근12M_폐업,최근12M_순증,최근12M_기초재고,최근12M_순증률,최근12M_폐업개업비,최근12M_단기개업,최근12M_실질개업,최근12M_실질폐업,최근12M_실질폐업개업비,현재영업중,개업증감률(최근vs직전),폐업증감률(최근vs직전),실질개업증감률(최근vs직전),실질폐업증감률(최근vs직전)
일반음식점,강원,3030,2920,110,31729,0.35,0.96,927,2103,2020,0.96,3315,3462,-147,31839,-0.46,1.04,1415,1900,2014,1.06,3420,3479,-59,31692,-0.19,1.02,1514,1906,2000,1.05,31656,3.2,0.5,0.3,-0.7
일반음식점,경기,16867,16090,777,150316,0.52,0.95,1519,15348,14572,0.95,14655,17459,-2804,151093,-1.86,1.19,2007,12648,15476,1.22,14470,16832,-2362,148289,-1.59,1.16,2022,12448,14774,1.19,145907,-1.3,-3.6,-1.6,-4.5
일반음식점,경남,3779,3930,-151,50906,-0.3,1.04,497,3282,3438,1.05,3356,4093,-737,50755,-1.45,1.22,622,2734,3470,1.27,3437,4352,-915,50018,-1.83,1.27,857,2580,3503,1.36,49054,2.4,6.3,-5.6,1.0
일반음식점,경북,3827,3932,-105,42987,-0.24,1.03,1079,2748,2993,1.09,3614,4076,-462,42882,-1.08,1.13,1181,2433,2858,1.17,3555,3873,-318,42420,-0.75,1.09,1184,2371,2616,1.1,42092,-1.6,-5.0,-2.5,-8.5
일반음식점,대구,2818,3115,-297,31600,-0.94,1.11,342,2476,2774,1.12,2621,3373,-752,31303,-2.4,1.29,424,2197,2950,1.34,2616,3774,-1158,30551,-3.79,1.44,566,2050,3199,1.56,29388,-0.2,11.9,-6.7,8.4
일반음식점,대전,2145,2408,-263,20039,-1.31,1.12,563,1582,1882,1.19,2005,2399,-394,19776,-1.99,1.2,572,1433,1820,1.27,1895,2281,-386,19382,-1.99,1.2,471,1424,1791,1.26,18985,-5.5,-4.9,-0.6,-1.6
일반음식점,부산,3538,3694,-156,44742,-0.35,1.04,498,3040,3200,1.05,3156,4615,-1459,44586,-3.27,1.46,673,2483,3948,1.59,3210,4244,-1034,43127,-2.4,1.32,779,2431,3458,1.42,42081,1.7,-8.0,-2.1,-12.4
일반음식점,서울,15170,16160,-990,126132,-0.78,1.07,1711,13459,14451,1.07,13855,16766,-2911,125142,-2.33,1.21,2282,11573,14492,1.25,13502,15659,-2157,122231,-1.76,1.16,2557,10945,13090,1.2,120082,-2.5,-6.6,-5.4,-9.7
일반음식점,세종,530,544,-14,3952,-0.35,1.03,55,475,489,1.03,479,526,-47,3938,-1.19,1.1,54,425,474,1.12,415,485,-70,3891,-1.8,1.17,75,340,406,1.19,3825,-13.4,-7.8,-20.0,-14.3
일반음식점,울산,1401,1607,-206,15744,-1.31,1.15,266,1135,1350,1.19,1411,1666,-255,15538,-1.64,1.18,382,1029,1290,1.25,1316,1676,-360,15283,-2.36,1.27,390,926,1274,1.38,14951,-6.7,0.6,-10.0,-1.2
일반음식점,인천,3768,3571,197,33311,0.59,0.95,388,3380,3171,0.94,3371,4080,-709,33508,-2.12,1.21,488,2883,3596,1.25,3254,3949,-695,32799,-2.12,1.21,561,2693,3374,1.25,32107,-3.5,-3.2,-6.6,-6.2
일반음식점,전남광주,4298,4699,-401,48179,-0.83,1.09,820,3478,3894,1.12,3880,4834,-954,47778,-2.0,1.25,1050,2830,3831,1.35,4152,4942,-790,46824,-1.69,1.19,1303,2849,3607,1.27,46066,7.0,2.2,0.7,-5.8
일반음식점,전북,2107,2167,-60,26191,-0.23,1.03,537,1570,1707,1.09,2142,2456,-314,26131,-1.2,1.15,654,1488,1785,1.2,2191,2634,-443,25817,-1.72,1.2,791,1400,1804,1.29,25356,2.3,7.2,-5.9,1.1
일반음식점,제주,1222,1106,116,15817,0.73,0.91,97,1125,1006,0.89,1228,1278,-50,15933,-0.31,1.04,183,1045,1096,1.05,1278,1393,-115,15883,-0.72,1.09,257,1021,1147,1.12,15767,4.1,9.0,-2.3,4.7
일반음식점,충남,3106,2842,264,33356,0.79,0.92,534,2572,2367,0.92,2919,3122,-203,33620,-0.6,1.07,626,2293,2456,1.07,3038,3356,-318,33417,-0.95,1.1,707,2331,2636,1.13,33066,4.1,7.5,1.7,7.3
일반음식점,충북,2618,2679,-61,26165,-0.23,1.02,520,2098,2214,1.06,2536,2833,-297,26104,-1.14,1.12,684,1852,2120,1.14,2580,2864,-284,25807,-1.1,1.11,730,1850,2089,1.13,25565,1.7,1.1,-0.1,-1.5
휴게음식점,강원,1361,1236,125,7535,1.66,0.91,373,988,862,0.87,1261,1268,-7,7660,-0.09,1.01,389,872,871,1.0,1318,1252,66,7653,0.86,0.95,445,873,814,0.93,7763,4.5,-1.3,0.1,-6.5
휴게음식점,경기,8282,8268,14,47845,0.03,1.0,1751,6531,6516,1.0,8303,8838,-535,47859,-1.12,1.06,2527,5776,6346,1.1,8293,8649,-356,47324,-0.75,1.04,2899,5394,5708,1.06,46985,-0.1,-2.1,-6.6,-10.1
휴게음식점,경남,1939,2089,-150,14595,-1.03,1.08,400,1539,1669,1.08,1915,2030,-115,14445,-0.8,1.06,583,1332,1452,1.09,1931,2082,-151,14330,-1.05,1.08,646,1285,1407,1.09,14214,0.8,2.6,-3.5,-3.1
휴게음식점,경북,1653,1611,42,12490,0.34,0.97,346,1307,1273,0.97,1717,1794,-77,12532,-0.61,1.04,489,1228,1296,1.06,1687,1707,-20,12455,-0.16,1.01,573,1114,1129,1.01,12430,-1.7,-4.8,-9.3,-12.9
휴게음식점,대구,1514,1699,-185,9974,-1.85,1.12,301,1213,1399,1.15,1528,1892,-364,9789,-3.72,1.24,521,1007,1389,1.38,1486,1798,-312,9425,-3.31,1.21,574,912,1204,1.32,9121,-2.7,-5.0,-9.4,-13.3
휴게음식점,대전,1070,1105,-35,5375,-0.65,1.03,400,670,720,1.07,1041,1139,-98,5340,-1.84,1.09,468,573,676,1.18,963,1074,-111,5242,-2.12,1.12,439,524,614,1.17,5132,-7.5,-5.7,-8.6,-9.2
휴게음식점,부산,1951,2124,-173,12320,-1.4,1.09,535,1416,1606,1.13,1793,2556,-763,12147,-6.28,1.43,691,1102,1867,1.69,1960,2120,-160,11384,-1.41,1.08,830,1130,1286,1.14,11192,9.3,-17.1,2.5,-31.1
휴게음식점,서울,6742,7379,-637,38752,-1.64,1.09,1931,4811,5491,1.14,6978,7906,-928,38115,-2.43,1.13,2709,4269,5198,1.22,6988,7245,-257,37187,-0.69,1.04,3045,3943,4136,1.05,36932,0.1,-8.4,-7.6,-20.4
휴게음식점,세종,202,182,20,1292,1.55,0.9,29,173,152,0.88,194,225,-31,1312,-2.36,1.16,30,164,198,1.21,183,188,-5,1281,-0.39,1.03,21,162,164,1.01,1283,-5.7,-16.4,-1.2,-17.2
휴게음식점,울산,811,922,-111,4466,-2.49,1.14,265,546,658,1.21,823,942,-119,4355,-2.73,1.14,376,447,573,1.28,747,856,-109,4236,-2.57,1.15,372,375,479,1.28,4114,-9.2,-9.1,-16.1,-16.4
휴게음식점,인천,1736,1687,49,10181,0.48,0.97,246,1490,1437,0.96,1506,1804,-298,10230,-2.91,1.2,336,1170,1473,1.26,1493,1574,-81,9932,-0.82,1.05,378,1115,1191,1.07,9850,-0.9,-12.7,-4.7,-19.1
휴게음식점,전남광주,1986,1983,3,12127,0.02,1.0,499,1487,1486,1.0,1820,1881,-61,12130,-0.5,1.03,470,1350,1423,1.05,1973,1921,52,12069,0.43,0.97,624,1349,1285,0.95,12124,8.4,2.1,-0.1,-9.7
휴게음식점,전북,1382,1282,100,7818,1.28,0.93,491,891,856,0.96,1306,1388,-82,7918,-1.04,1.06,492,814,847,1.04,1348,1297,51,7836,0.65,0.96,583,765,682,0.89,7886,3.2,-6.6,-6.0,-19.5
휴게음식점,제주,633,606,27,5073,0.53,0.96,48,585,557,0.95,588,647,-59,5100,-1.16,1.1,90,498,561,1.13,599,626,-27,5041,-0.54,1.05,113,486,517,1.06,5016,1.9,-3.2,-2.4,-7.8
휴게음식점,충남,1351,1255,96,8587,1.12,0.93,249,1102,1013,0.92,1368,1330,38,8683,0.44,0.97,361,1007,963,0.96,1506,1437,69,8721,0.79,0.95,461,1045,956,0.91,8795,10.1,8.0,3.8,-0.7
휴게음식점,충북,1139,1081,58,6459,0.9,0.95,264,875,825,0.94,1163,1246,-83,6517,-1.27,1.07,417,746,829,1.11,1286,1268,18,6434,0.28,0.99,517,769,741,0.96,6464,10.6,1.8,3.1,-10.6
제과점,강원,80,77,3,672,0.45,0.96,17,63,61,0.97,104,91,13,675,1.93,0.88,21,83,71,0.86,150,114,36,688,5.23,0.76,61,89,51,0.57,732,44.2,25.3,7.2,-28.2
제과점,경기,732,733,-1,4458,-0.02,1.0,222,510,527,1.03,752,766,-14,4457,-0.31,1.02,240,512,517,1.01,871,762,109,4443,2.45,0.87,231,640,524,0.82,4565,15.8,-0.5,25.0,1.4
제과점,경남,146,127,19,1229,1.55,0.87,18,128,113,0.88,159,160,-1,1248,-0.08,1.01,31,128,125,0.98,177,148,29,1247,2.33,0.84,40,137,108,0.79,1279,11.3,-7.5,7.0,-13.6
제과점,경북,132,135,-3,1081,-0.28,1.02,53,79,87,1.1,167,155,12,1078,1.11,0.93,56,111,97,0.87,182,167,15,1090,1.38,0.92,83,99,86,0.87,1100,9.0,7.7,-10.8,-11.3
제과점,대구,287,281,6,1023,0.59,0.98,143,144,136,0.94,298,294,4,1029,0.39,0.99,172,126,120,0.95,222,246,-24,1033,-2.32,1.11,108,114,136,1.19,1009,-25.5,-16.3,-9.5,13.3
제과점,대전,185,182,3,565,0.53,0.98,111,74,73,0.99,209,174,35,568,6.16,0.83,123,86,65,0.76,201,155,46,603,7.63,0.77,86,115,52,0.45,654,-3.8,-10.9,33.7,-20.0
제과점,부산,169,191,-22,1230,-1.79,1.13,68,101,121,1.2,160,193,-33,1208,-2.73,1.21,64,96,137,1.43,229,208,21,1175,1.79,0.91,87,142,113,0.8,1199,43.1,7.8,47.9,-17.5
제과점,서울,935,968,-33,4094,-0.81,1.04,393,542,577,1.06,1010,931,79,4061,1.95,0.92,436,574,497,0.87,1044,917,127,4140,3.07,0.88,415,629,493,0.78,4275,3.4,-1.5,9.6,-0.8
제과점,세종,28,24,4,133,3.01,0.86,8,20,16,0.8,22,15,7,137,5.11,0.68,0,22,15,0.68,19,20,-1,144,-0.69,1.05,4,15,16,1.07,144,-13.6,33.3,-31.8,6.7
제과점,울산,56,67,-11,412,-2.67,1.2,13,43,54,1.26,43,56,-13,401,-3.24,1.3,14,29,42,1.45,60,61,-1,388,-0.26,1.02,19,41,43,1.05,383,39.5,8.9,41.4,2.4
제과점,인천,116,135,-19,929,-2.05,1.16,32,84,101,1.2,167,145,22,910,2.42,0.87,48,119,98,0.82,195,162,33,932,3.54,0.83,53,142,107,0.75,967,16.8,11.7,19.3,9.2
제과점,전남광주,141,156,-15,1217,-1.23,1.11,30,111,125,1.13,186,192,-6,1202,-0.5,1.03,72,114,124,1.09,275,250,25,1196,2.09,0.91,141,134,111,0.83,1216,47.8,30.2,17.5,-10.5
제과점,전북,61,76,-15,662,-2.27,1.25,19,42,67,1.6,62,81,-19,647,-2.94,1.31,24,38,47,1.24,83,76,7,628,1.11,0.92,14,69,62,0.9,639,33.9,-6.2,81.6,31.9
제과점,제주,58,63,-5,572,-0.87,1.09,5,53,58,1.09,72,51,21,567,3.7,0.71,3,69,48,0.7,92,58,34,588,5.78,0.63,8,84,50,0.6,622,27.8,13.7,21.7,4.2
제과점,충남,127,120,7,896,0.78,0.94,39,88,78,0.89,176,148,28,903,3.1,0.84,86,90,73,0.81,158,176,-18,931,-1.93,1.11,57,101,111,1.1,923,-10.2,18.9,12.2,52.1
제과점,충북,91,77,14,541,2.59,0.85,20,71,57,0.8,116,94,22,555,3.96,0.81,52,64,43,0.67,174,131,43,577,7.45,0.75,70,104,64,0.62,618,50.0,39.4,62.5,48.8
노래연습장,강원,15,24,-9,812,-1.11,1.6,0,15,24,1.6,10,27,-17,803,-2.12,2.7,0,10,27,2.7,10,34,-24,786,-3.05,3.4,0,10,34,3.4,760,0.0,25.9,0.0,25.9
노래연습장,경기,122,178,-56,6900,-0.81,1.46,1,121,177,1.46,99,227,-128,6844,-1.87,2.29,1,98,226,2.31,58,189,-131,6716,-1.95,3.26,0,58,189,3.26,6581,-41.4,-16.7,-40.8,-16.4
노래연습장,경남,18,72,-54,1581,-3.42,4.0,0,18,72,4.0,12,87,-75,1527,-4.91,7.25,0,12,87,7.25,13,66,-53,1452,-3.65,5.08,0,13,66,5.08,1398,8.3,-24.1,8.3,-24.1
노래연습장,경북,14,58,-44,1444,-3.05,4.14,0,14,58,4.14,12,49,-37,1400,-2.64,4.08,0,12,49,4.08,9,62,-53,1363,-3.89,6.89,0,9,62,6.89,1309,-25.0,26.5,-25.0,26.5
노래연습장,대구,15,54,-39,1530,-2.55,3.6,0,15,54,3.6,3,62,-59,1491,-3.96,20.67,0,3,62,20.67,4,59,-55,1432,-3.84,14.75,0,4,59,14.75,1376,33.3,-4.8,33.3,-4.8
노래연습장,대전,10,34,-24,1243,-1.93,3.4,0,10,34,3.4,8,32,-24,1219,-1.97,4.0,0,8,32,4.0,7,40,-33,1195,-2.76,5.71,0,7,40,5.71,1162,-12.5,25.0,-12.5,25.0
노래연습장,부산,13,72,-59,1479,-3.99,5.54,0,13,72,5.54,18,81,-63,1420,-4.44,4.5,0,18,81,4.5,18,75,-57,1357,-4.2,4.17,0,18,75,4.17,1300,0.0,-7.4,0.0,-7.4
노래연습장,서울,70,153,-83,5458,-1.52,2.19,0,70,153,2.19,65,161,-96,5374,-1.79,2.48,0,65,161,2.48,36,202,-166,5278,-3.15,5.61,0,36,202,5.61,5109,-44.6,25.5,-44.6,25.5
노래연습장,세종,7,4,3,144,2.08,0.57,0,7,4,0.57,7,7,0,147,0.0,1.0,0,7,7,1.0,4,6,-2,147,-1.36,1.5,0,4,6,1.5,145,-42.9,-14.3,-42.9,-14.3
노래연습장,울산,3,26,-23,686,-3.35,8.67,0,3,26,8.67,3,32,-29,663,-4.37,10.67,0,3,32,10.67,4,34,-30,634,-4.73,8.5,0,4,34,8.5,604,33.3,6.2,33.3,6.2
노래연습장,인천,23,47,-24,2168,-1.11,2.04,0,23,47,2.04,14,71,-57,2144,-2.66,5.07,0,14,71,5.07,13,66,-53,2087,-2.54,5.08,0,13,66,5.08,2034,-7.1,-7.0,-7.1,-7.0
노래연습장,전남광주,19,83,-64,1681,-3.81,4.37,0,19,83,4.37,19,75,-56,1617,-3.46,3.95,0,19,75,3.95,10,56,-46,1561,-2.95,5.6,0,10,56,5.6,1515,-47.4,-25.3,-47.4,-25.3
노래연습장,전북,11,27,-16,875,-1.83,2.45,0,11,27,2.45,8,26,-18,859,-2.1,3.25,0,8,26,3.25,7,29,-22,841,-2.62,4.14,0,7,29,4.14,819,-12.5,11.5,-12.5,11.5
노래연습장,제주,2,14,-12,314,-3.82,7.0,0,2,14,7.0,4,11,-7,302,-2.32,2.75,0,4,11,2.75,1,8,-7,295,-2.37,8.0,0,1,8,8.0,288,-75.0,-27.3,-75.0,-27.3
노래연습장,충남,27,28,-1,1202,-0.08,1.04,0,27,28,1.04,23,38,-15,1201,-1.25,1.65,0,23,38,1.65,10,38,-28,1186,-2.36,3.8,0,10,38,3.8,1158,-56.5,0.0,-56.5,0.0
노래연습장,충북,17,38,-21,1078,-1.95,2.24,0,17,38,2.24,14,37,-23,1057,-2.18,2.64,0,14,37,2.64,14,39,-25,1034,-2.42,2.79,0,14,39,2.79,1008,0.0,5.4,0.0,5.4
체력단련장,강원,36,20,16,348,4.6,0.56,1,35,19,0.54,39,11,28,364,7.69,0.28,0,39,11,0.28,26,16,10,391,2.56,0.62,0,26,16,0.62,401,-33.3,45.5,-33.3,45.5
체력단련장,경기,513,139,374,3395,11.02,0.27,0,513,139,0.27,492,164,328,3764,8.71,0.33,1,491,164,0.33,376,210,166,4092,4.06,0.56,2,374,207,0.55,4261,-23.6,28.0,-23.8,26.2
체력단련장,경남,74,33,41,785,5.22,0.45,0,74,33,0.45,55,32,23,826,2.78,0.58,0,55,32,0.58,59,40,19,849,2.24,0.68,0,59,40,0.68,870,7.3,25.0,7.3,25.0
체력단련장,경북,47,21,26,571,4.55,0.45,0,47,21,0.45,42,13,29,597,4.86,0.31,0,42,13,0.31,36,21,15,626,2.4,0.58,0,36,21,0.58,641,-14.3,61.5,-14.3,61.5
체력단련장,대구,90,14,76,606,12.54,0.16,0,90,14,0.16,73,21,52,682,7.62,0.29,1,72,20,0.28,48,30,18,734,2.45,0.62,0,48,30,0.62,754,-34.2,42.9,-33.3,50.0
체력단련장,대전,58,18,40,408,9.8,0.31,0,58,18,0.31,38,11,27,448,6.03,0.29,0,38,11,0.29,36,21,15,475,3.16,0.58,0,36,21,0.58,491,-5.3,90.9,-5.3,90.9
체력단련장,부산,112,50,62,1052,5.89,0.45,0,112,50,0.45,106,77,29,1114,2.6,0.73,0,106,77,0.73,83,65,18,1141,1.58,0.78,1,82,64,0.78,1158,-21.7,-15.6,-22.6,-16.9
체력단련장,서울,460,96,364,3566,10.21,0.21,0,460,96,0.21,517,113,404,3928,10.29,0.22,0,517,113,0.22,301,163,138,4332,3.19,0.54,0,301,163,0.54,4467,-41.8,44.2,-41.8,44.2
체력단련장,세종,21,4,17,72,23.61,0.19,0,21,4,0.19,9,1,8,89,8.99,0.11,0,9,1,0.11,14,6,8,97,8.25,0.43,0,14,6,0.43,106,55.6,500.0,55.6,500.0
체력단련장,울산,42,9,33,225,14.67,0.21,0,42,9,0.21,38,5,33,258,12.79,0.13,0,38,5,0.13,31,10,21,290,7.24,0.32,0,31,10,0.32,310,-18.4,100.0,-18.4,100.0
체력단련장,인천,95,30,65,759,8.56,0.32,0,95,30,0.32,98,29,69,824,8.37,0.3,0,98,29,0.3,63,36,27,893,3.02,0.57,0,63,36,0.57,920,-35.7,24.1,-35.7,24.1
체력단련장,전남광주,99,36,63,752,8.38,0.36,0,99,36,0.36,62,27,35,815,4.29,0.44,0,62,27,0.44,64,40,24,850,2.82,0.62,1,63,39,0.62,874,3.2,48.1,1.6,44.4
체력단련장,전북,34,6,28,374,7.49,0.18,0,34,6,0.18,29,11,18,402,4.48,0.38,0,29,11,0.38,29,17,12,420,2.86,0.59,0,29,17,0.59,432,0.0,54.5,0.0,54.5
체력단련장,제주,26,14,12,215,5.58,0.54,1,25,13,0.52,22,7,15,227,6.61,0.32,0,22,7,0.32,24,18,6,242,2.48,0.75,0,24,18,0.75,248,9.1,157.1,9.1,157.1
체력단련장,충남,49,8,41,453,9.05,0.16,0,49,8,0.16,51,22,29,494,5.87,0.43,0,51,22,0.43,39,23,16,523,3.06,0.59,0,39,23,0.59,540,-23.5,4.5,-23.5,4.5
체력단련장,충북,40,15,25,412,6.07,0.38,0,40,15,0.38,40,20,20,437,4.58,0.5,1,39,19,0.49,28,20,8,457,1.75,0.71,0,28,20,0.71,465,-30.0,0.0,-28.2,5.3
PC방,강원,116,117,-1,614,-0.16,1.01,16,100,100,1.0,92,84,8,608,1.32,0.91,6,86,79,0.92,135,111,24,610,3.93,0.82,26,109,85,0.78,628,46.7,32.1,26.7,7.6
PC방,경기,794,433,361,3556,10.15,0.55,12,782,423,0.54,823,443,380,3888,9.77,0.54,12,811,429,0.53,960,384,576,4244,13.57,0.4,7,953,376,0.39,4822,16.6,-13.3,17.5,-12.4
PC방,경남,127,85,42,640,6.56,0.67,1,126,84,0.67,136,101,35,667,5.25,0.74,5,131,96,0.73,149,93,56,696,8.05,0.62,5,144,88,0.61,749,9.6,-7.9,9.9,-8.3
PC방,경북,147,118,29,1118,2.59,0.8,3,144,114,0.79,162,110,52,1144,4.55,0.68,2,160,108,0.68,148,92,56,1193,4.69,0.62,2,146,90,0.62,1248,-8.6,-16.4,-8.8,-16.7
PC방,대구,59,69,-10,630,-1.59,1.17,1,58,68,1.17,67,64,3,618,0.49,0.96,0,67,64,0.96,90,62,28,619,4.52,0.69,2,88,61,0.69,645,34.3,-3.1,31.3,-4.7
PC방,대전,57,43,14,483,2.9,0.75,0,57,43,0.75,63,29,34,496,6.85,0.46,0,63,29,0.46,97,42,55,530,10.38,0.43,2,95,40,0.42,587,54.0,44.8,50.8,37.9
PC방,부산,27,56,-29,583,-4.97,2.07,1,26,55,2.12,24,26,-2,551,-0.36,1.08,0,24,26,1.08,26,37,-11,545,-2.02,1.42,0,26,37,1.42,535,8.3,42.3,8.3,42.3
PC방,서울,143,152,-9,2652,-0.34,1.06,2,141,150,1.06,133,141,-8,2639,-0.3,1.06,2,131,139,1.06,128,152,-24,2630,-0.91,1.19,2,126,150,1.19,2606,-3.8,7.8,-3.8,7.9
PC방,세종,5,7,-2,40,-5.0,1.4,0,5,7,1.4,7,4,3,38,7.89,0.57,0,7,4,0.57,13,5,8,40,20.0,0.38,0,13,5,0.38,48,85.7,25.0,85.7,25.0
PC방,울산,152,68,84,906,9.27,0.45,1,151,67,0.44,170,76,94,975,9.64,0.45,0,170,76,0.45,167,90,77,1057,7.28,0.54,1,166,89,0.54,1126,-1.8,18.4,-2.4,17.1
PC방,인천,144,100,44,789,5.58,0.69,2,142,99,0.7,178,83,95,824,11.53,0.47,1,177,81,0.46,206,101,105,913,11.5,0.49,4,202,97,0.48,1022,15.7,21.7,14.1,19.8
PC방,전남광주,141,184,-43,1450,-2.97,1.3,3,138,181,1.31,129,152,-23,1400,-1.64,1.18,2,127,150,1.18,144,107,37,1372,2.7,0.74,2,142,105,0.74,1408,11.6,-29.6,11.8,-30.0
PC방,전북,49,47,2,604,0.33,0.96,0,49,47,0.96,56,43,13,599,2.17,0.77,0,56,43,0.77,50,48,2,612,0.33,0.96,1,49,47,0.96,611,-10.7,11.6,-12.5,9.3
PC방,제주,47,18,29,271,10.7,0.38,0,47,18,0.38,40,27,13,294,4.42,0.68,1,39,26,0.67,47,20,27,305,8.85,0.43,0,47,20,0.43,331,17.5,-25.9,20.5,-23.1
PC방,충남,249,117,132,1028,12.84,0.47,3,246,114,0.46,217,123,94,1126,8.35,0.57,2,215,120,0.56,226,135,91,1197,7.6,0.6,3,223,132,0.59,1289,4.1,9.8,3.7,10.0
PC방,충북,181,75,106,821,12.91,0.41,3,178,72,0.4,160,77,83,916,9.06,0.48,2,158,75,0.47,147,118,29,996,2.91,0.8,4,143,114,0.8,1023,-8.1,53.2,-9.5,52.0
숙박업,강원,148,71,77,2820,2.73,0.48,2,146,69,0.47,144,63,81,2897,2.8,0.44,1,143,62,0.43,132,76,56,2978,1.88,0.58,0,132,76,0.58,3034,-8.3,20.6,-7.7,22.6
숙박업,경기,158,91,67,4510,1.49,0.58,1,157,90,0.57,205,107,98,4577,2.14,0.52,1,204,106,0.52,150,87,63,4675,1.35,0.58,1,149,86,0.58,4738,-26.8,-18.7,-27.0,-18.9
숙박업,경남,59,52,7,2923,0.24,0.88,2,57,50,0.88,40,62,-22,2930,-0.75,1.55,0,40,62,1.55,41,52,-11,2908,-0.38,1.27,0,41,52,1.27,2898,2.5,-16.1,2.5,-16.1
숙박업,경북,64,44,20,2538,0.79,0.69,3,61,41,0.67,68,36,32,2558,1.25,0.53,3,65,33,0.51,61,37,24,2590,0.93,0.61,1,60,36,0.6,2614,-10.3,2.8,-7.7,9.1
숙박업,대구,14,11,3,718,0.42,0.79,0,14,11,0.79,17,8,9,721,1.25,0.47,0,17,8,0.47,16,9,7,730,0.96,0.56,0,16,9,0.56,739,-5.9,12.5,-5.9,12.5
숙박업,대전,8,19,-11,583,-1.89,2.38,0,8,19,2.38,30,8,22,572,3.85,0.27,0,30,8,0.27,38,8,30,594,5.05,0.21,0,38,8,0.21,624,26.7,0.0,26.7,0.0
숙박업,부산,94,37,57,1991,2.86,0.39,0,94,37,0.39,108,46,62,2048,3.03,0.43,1,107,45,0.42,201,42,159,2110,7.54,0.21,1,200,41,0.2,2271,86.1,-8.7,86.9,-8.9
숙박업,서울,71,62,9,2474,0.36,0.87,0,71,62,0.87,85,48,37,2483,1.49,0.56,1,84,47,0.56,318,44,274,2520,10.87,0.14,0,318,44,0.14,2798,274.1,-8.3,278.6,-6.4
숙박업,세종,0,1,-1,84,-1.19,,0,0,1,,2,1,1,83,1.2,0.5,0,2,1,0.5,0,1,-1,84,-1.19,,0,0,1,,83,-100.0,0.0,-100.0,0.0
숙박업,울산,5,12,-7,645,-1.09,2.4,0,5,12,2.4,9,7,2,638,0.31,0.78,0,9,7,0.78,4,6,-2,640,-0.31,1.5,0,4,6,1.5,638,-55.6,-14.3,-55.6,-14.3
숙박업,인천,83,38,45,1342,3.35,0.46,0,83,38,0.46,74,41,33,1387,2.38,0.55,0,74,41,0.55,46,34,12,1420,0.85,0.74,0,46,34,0.74,1432,-37.8,-17.1,-37.8,-17.1
숙박업,전남광주,70,52,18,2824,0.64,0.74,0,70,52,0.74,67,54,13,2842,0.46,0.81,1,66,53,0.8,52,48,4,2855,0.14,0.92,0,52,48,0.92,2858,-22.4,-11.1,-21.2,-9.4
숙박업,전북,46,44,2,1516,0.13,0.96,0,46,44,0.96,32,40,-8,1518,-0.53,1.25,0,32,40,1.25,26,34,-8,1510,-0.53,1.31,0,26,34,1.31,1503,-18.8,-15.0,-18.8,-15.0
숙박업,제주,81,44,37,1458,2.54,0.54,0,81,44,0.54,61,36,25,1495,1.67,0.59,0,61,36,0.59,40,33,7,1520,0.46,0.82,0,40,33,0.82,1527,-34.4,-8.3,-34.4,-8.3
숙박업,충남,57,45,12,2375,0.51,0.79,2,55,43,0.78,52,30,22,2387,0.92,0.58,1,51,29,0.57,48,43,5,2409,0.21,0.9,0,48,43,0.9,2415,-7.7,43.3,-5.9,48.3
숙박업,충북,18,24,-6,1078,-0.56,1.33,0,18,24,1.33,29,9,20,1072,1.87,0.31,0,29,9,0.31,37,20,17,1092,1.56,0.54,0,37,20,0.54,1107,27.6,122.2,27.6,122.2
미용업,강원,481,298,183,5779,3.17,0.62,2,479,296,0.62,441,331,110,5962,1.85,0.75,2,439,329,0.75,429,305,124,6072,2.04,0.71,4,425,301,0.71,6199,-2.7,-7.9,-3.2,-8.5
미용업,경기,5216,3323,1893,43249,4.38,0.64,54,5162,3269,0.63,4810,3550,1260,45142,2.79,0.74,72,4738,3480,0.73,4559,3518,1041,46402,2.24,0.77,46,4513,3466,0.77,47487,-5.2,-0.9,-4.7,-0.4
미용업,경남,1150,783,367,12799,2.87,0.68,13,1137,770,0.68,1025,845,180,13166,1.37,0.82,9,1016,836,0.82,933,802,131,13346,0.98,0.86,8,925,793,0.86,13478,-9.0,-5.1,-9.0,-5.1
미용업,경북,728,452,276,9707,2.84,0.62,12,716,439,0.61,661,570,91,9983,0.91,0.86,7,654,563,0.86,610,517,93,10074,0.92,0.85,5,605,512,0.85,10167,-7.7,-9.3,-7.5,-9.1
미용업,대구,1038,691,347,10128,3.43,0.67,9,1029,681,0.66,891,720,171,10475,1.63,0.81,12,879,709,0.81,923,777,146,10646,1.37,0.84,8,915,768,0.84,10793,3.6,7.9,4.1,8.3
미용업,대전,621,437,184,5911,3.11,0.7,8,613,430,0.7,533,435,98,6095,1.61,0.82,8,525,426,0.81,543,429,114,6193,1.84,0.79,8,535,421,0.79,6312,1.9,-1.4,1.9,-1.2
미용업,부산,1309,941,368,12931,2.85,0.72,17,1292,924,0.72,1179,939,240,13299,1.8,0.8,12,1167,926,0.79,1107,951,156,13539,1.15,0.86,20,1087,932,0.86,13695,-6.1,1.3,-6.9,0.6
미용업,서울,3358,2543,815,31497,2.59,0.76,25,3333,2518,0.76,3221,2659,562,32312,1.74,0.83,21,3200,2637,0.82,3365,2669,696,32874,2.12,0.79,30,3335,2638,0.79,33595,4.5,0.4,4.2,0.0
미용업,세종,123,64,59,912,6.47,0.52,1,122,63,0.52,130,81,49,971,5.05,0.62,0,130,81,0.62,109,77,32,1020,3.14,0.71,0,109,77,0.71,1057,-16.2,-4.9,-16.2,-4.9
미용업,울산,464,319,145,4448,3.26,0.69,3,461,318,0.69,446,364,82,4593,1.79,0.82,3,443,359,0.81,386,293,93,4675,1.99,0.76,6,380,287,0.76,4766,-13.5,-19.5,-14.2,-20.1
미용업,인천,1208,777,431,9977,4.32,0.64,17,1191,761,0.64,1032,877,155,10408,1.49,0.85,9,1023,869,0.85,1070,810,260,10563,2.46,0.76,19,1051,789,0.75,10829,3.7,-7.6,2.7,-9.2
미용업,전남광주,1190,904,286,12836,2.23,0.76,8,1182,897,0.76,1111,905,206,13122,1.57,0.81,20,1091,884,0.81,966,780,186,13328,1.4,0.81,13,953,767,0.8,13517,-13.1,-13.8,-12.6,-13.2
미용업,전북,592,430,162,6904,2.35,0.73,7,585,424,0.72,549,429,120,7066,1.7,0.78,2,547,426,0.78,444,408,36,7186,0.5,0.92,2,442,406,0.92,7229,-19.1,-4.9,-19.2,-4.7
미용업,제주,258,157,101,2904,3.48,0.61,0,258,156,0.6,261,209,52,3005,1.73,0.8,0,261,209,0.8,252,233,19,3057,0.62,0.92,0,252,233,0.92,3083,-3.4,11.5,-3.4,11.5
미용업,충남,749,441,308,7237,4.26,0.59,11,738,431,0.58,717,437,280,7545,3.71,0.61,7,710,430,0.61,744,529,215,7825,2.75,0.71,5,739,523,0.71,8049,3.8,21.1,4.1,21.6
미용업,충북,584,384,200,5918,3.38,0.66,9,575,375,0.65,517,387,130,6118,2.12,0.75,10,507,377,0.74,510,407,103,6248,1.65,0.8,5,505,402,0.8,6353,-1.4,5.2,-0.4,6.6
세탁업,강원,19,42,-23,751,-3.06,2.21,2,17,40,2.35,13,33,-20,728,-2.75,2.54,2,11,31,2.82,16,38,-22,708,-3.11,2.38,1,15,37,2.47,686,23.1,15.2,36.4,19.4
세탁업,경기,109,279,-170,4449,-3.82,2.56,2,107,277,2.59,97,258,-161,4279,-3.76,2.66,0,97,258,2.66,108,205,-97,4118,-2.36,1.9,0,108,205,1.9,4024,11.3,-20.5,11.3,-20.5
세탁업,경남,15,53,-38,1144,-3.32,3.53,1,14,52,3.71,13,53,-40,1106,-3.62,4.08,2,11,51,4.64,18,52,-34,1066,-3.19,2.89,0,18,52,2.89,1030,38.5,-1.9,63.6,2.0
세탁업,경북,20,55,-35,1225,-2.86,2.75,0,20,55,2.75,10,54,-44,1190,-3.7,5.4,0,10,54,5.4,18,52,-34,1146,-2.97,2.89,0,18,52,2.89,1111,80.0,-3.7,80.0,-3.7
세탁업,대구,11,65,-54,1100,-4.91,5.91,3,8,62,7.75,8,61,-53,1046,-5.07,7.62,0,8,61,7.62,11,51,-40,993,-4.03,4.64,1,10,50,5.0,953,37.5,-16.4,25.0,-18.0
세탁업,대전,10,51,-41,712,-5.76,5.1,1,9,50,5.56,12,37,-25,671,-3.73,3.08,2,10,37,3.7,9,38,-29,646,-4.49,4.22,1,8,35,4.38,617,-25.0,2.7,-20.0,-5.4
세탁업,부산,17,98,-81,1370,-5.91,5.76,1,16,97,6.06,19,89,-70,1289,-5.43,4.68,2,17,87,5.12,19,53,-34,1219,-2.79,2.79,1,18,52,2.89,1183,0.0,-40.4,5.9,-40.2
세탁업,서울,46,227,-181,3739,-4.84,4.93,0,46,227,4.93,55,208,-153,3558,-4.3,3.78,0,55,208,3.78,44,192,-148,3405,-4.35,4.36,0,44,192,4.36,3255,-20.0,-7.7,-20.0,-7.7
세탁업,세종,3,6,-3,72,-4.17,2.0,0,3,6,2.0,2,2,0,69,0.0,1.0,0,2,2,1.0,0,1,-1,69,-1.45,,0,0,1,,68,-100.0,-50.0,-100.0,-50.0
세탁업,울산,2,27,-25,389,-6.43,13.5,1,1,26,26.0,5,22,-17,364,-4.67,4.4,1,4,21,5.25,4,9,-5,347,-1.44,2.25,0,4,9,2.25,342,-20.0,-59.1,0.0,-57.1
세탁업,인천,19,45,-26,1091,-2.38,2.37,0,19,45,2.37,19,56,-37,1065,-3.47,2.95,1,18,55,3.06,16,48,-32,1028,-3.11,3.0,0,16,48,3.0,994,-15.8,-14.3,-11.1,-12.7
세탁업,전남광주,23,80,-57,1761,-3.24,3.48,0,23,80,3.48,23,72,-49,1704,-2.88,3.13,0,23,72,3.13,16,77,-61,1655,-3.69,4.81,0,16,77,4.81,1591,-30.4,6.9,-30.4,6.9
세탁업,전북,16,34,-18,913,-1.97,2.12,0,16,34,2.12,16,49,-33,895,-3.69,3.06,0,16,49,3.06,9,33,-24,862,-2.78,3.67,0,9,33,3.67,837,-43.8,-32.7,-43.8,-32.7
세탁업,제주,6,25,-19,422,-4.5,4.17,0,6,25,4.17,5,10,-5,403,-1.24,2.0,0,5,10,2.0,6,16,-10,398,-2.51,2.67,0,6,16,2.67,388,20.0,60.0,20.0,60.0
세탁업,충남,16,35,-19,925,-2.05,2.19,0,16,35,2.19,9,36,-27,906,-2.98,4.0,1,8,35,4.38,14,42,-28,879,-3.19,3.0,0,14,42,3.0,851,55.6,16.7,75.0,20.0
세탁업,충북,19,39,-20,729,-2.74,2.05,0,19,39,2.05,18,42,-24,709,-3.39,2.33,0,18,42,2.33,10,36,-26,685,-3.8,3.6,0,10,36,3.6,660,-44.4,-14.3,-44.4,-14.3
동물병원,강원,15,7,8,152,5.26,0.47,0,15,7,0.47,13,4,9,160,5.62,0.31,0,13,4,0.31,5,5,0,169,0.0,1.0,0,5,5,1.0,169,-61.5,25.0,-61.5,25.0
동물병원,경기,64,24,40,1281,3.12,0.38,0,64,24,0.38,88,30,58,1321,4.39,0.34,0,88,30,0.34,69,32,37,1379,2.68,0.46,1,68,31,0.46,1416,-21.6,6.7,-22.7,3.3
동물병원,경남,17,16,1,356,0.28,0.94,1,16,15,0.94,11,9,2,357,0.56,0.82,0,11,9,0.82,14,7,7,359,1.95,0.5,0,14,7,0.5,366,27.3,-22.2,27.3,-22.2
동물병원,경북,14,9,5,353,1.42,0.64,1,13,8,0.62,13,7,6,358,1.68,0.54,0,13,7,0.54,15,10,5,364,1.37,0.67,0,15,10,0.67,369,15.4,42.9,15.4,42.9
동물병원,대구,9,7,2,204,0.98,0.78,0,9,7,0.78,12,4,8,206,3.88,0.33,0,12,4,0.33,10,7,3,214,1.4,0.7,0,10,7,0.7,217,-16.7,75.0,-16.7,75.0
동물병원,대전,7,1,6,113,5.31,0.14,0,7,1,0.14,5,5,0,119,0.0,1.0,0,5,5,1.0,4,1,3,118,2.54,0.25,0,4,1,0.25,121,-20.0,-80.0,-20.0,-80.0
동물병원,부산,11,7,4,281,1.42,0.64,0,11,7,0.64,6,8,-2,285,-0.7,1.33,0,6,8,1.33,8,6,2,283,0.71,0.75,0,8,6,0.75,285,33.3,-25.0,33.3,-25.0
동물병원,서울,46,26,20,919,2.18,0.57,1,45,25,0.56,59,34,25,939,2.66,0.58,0,59,34,0.58,42,16,26,964,2.7,0.38,0,42,16,0.38,993,-28.8,-52.9,-28.8,-52.9
동물병원,세종,3,0,3,32,9.38,0.0,0,3,0,0.0,1,1,0,35,0.0,1.0,0,1,1,1.0,1,2,-1,35,-2.86,2.0,0,1,2,2.0,34,0.0,100.0,0.0,100.0
동물병원,울산,5,1,4,74,5.41,0.2,0,5,1,0.2,0,0,0,78,0.0,,0,0,0,,4,1,3,78,3.85,0.25,0,4,1,0.25,81,,,,
동물병원,인천,13,3,10,237,4.22,0.23,1,12,2,0.17,12,9,3,247,1.21,0.75,0,12,9,0.75,17,4,13,250,5.2,0.24,0,17,4,0.24,263,41.7,-55.6,41.7,-55.6
동물병원,전남광주,31,15,16,338,4.73,0.48,0,31,15,0.48,24,12,12,354,3.39,0.5,0,24,12,0.5,22,17,5,366,1.37,0.77,0,22,17,0.77,371,-8.3,41.7,-8.3,41.7
동물병원,전북,9,8,1,225,0.44,0.89,0,9,8,0.89,8,11,-3,226,-1.33,1.38,0,8,11,1.38,10,9,1,223,0.45,0.9,0,10,9,0.9,225,25.0,-18.2,25.0,-18.2
동물병원,제주,1,4,-3,118,-2.54,4.0,0,1,4,4.0,6,5,1,115,0.87,0.83,0,6,5,0.83,5,4,1,116,0.86,0.8,0,5,4,0.8,117,-16.7,-20.0,-16.7,-20.0
동물병원,충남,16,6,10,267,3.75,0.38,0,16,6,0.38,31,10,21,277,7.58,0.32,0,31,10,0.32,11,11,0,298,0.0,1.0,0,11,11,1.0,298,-64.5,10.0,-64.5,10.0
동물병원,충북,9,2,7,161,4.35,0.22,0,9,2,0.22,10,4,6,168,3.57,0.4,0,10,4,0.4,15,2,13,174,7.47,0.13,0,15,2,0.13,187,50.0,-50.0,50.0,-50.0
동물미용업,강원,42,24,18,290,6.21,0.57,0,42,24,0.57,47,10,37,305,12.13,0.21,1,46,9,0.2,39,18,21,341,6.16,0.46,0,39,18,0.46,362,-17.0,80.0,-15.2,100.0
동물미용업,경기,445,253,192,2674,7.18,0.57,2,443,251,0.57,410,222,188,2862,6.57,0.54,1,409,221,0.54,388,187,201,3050,6.59,0.48,1,387,186,0.48,3253,-5.4,-15.8,-5.4,-15.8
동물미용업,경남,111,52,59,594,9.93,0.47,0,111,52,0.47,99,55,44,653,6.74,0.56,0,99,55,0.56,78,38,40,697,5.74,0.49,0,78,38,0.49,738,-21.2,-30.9,-21.2,-30.9
동물미용업,경북,56,22,34,407,8.35,0.39,0,56,22,0.39,53,19,34,441,7.71,0.36,0,53,19,0.36,51,29,22,475,4.63,0.57,0,51,29,0.57,497,-3.8,52.6,-3.8,52.6
동물미용업,대구,91,38,53,458,11.57,0.42,1,90,37,0.41,72,34,38,511,7.44,0.47,0,72,34,0.47,69,27,42,549,7.65,0.39,0,69,27,0.39,593,-4.2,-20.6,-4.2,-20.6
동물미용업,대전,44,20,24,280,8.57,0.45,0,44,20,0.45,40,26,14,304,4.61,0.65,0,40,26,0.65,37,12,25,318,7.86,0.32,0,37,12,0.32,344,-7.5,-53.8,-7.5,-53.8
동물미용업,부산,108,61,47,728,6.46,0.56,0,108,60,0.56,94,51,43,775,5.55,0.54,2,92,49,0.53,88,43,45,818,5.5,0.49,0,88,43,0.49,865,-6.4,-15.7,-4.3,-12.2
동물미용업,서울,170,110,60,1507,3.98,0.65,0,170,110,0.65,184,96,88,1567,5.62,0.52,0,184,96,0.52,176,77,99,1655,5.98,0.44,1,175,76,0.43,1755,-4.3,-19.8,-4.9,-20.8
동물미용업,세종,12,6,6,50,12.0,0.5,0,12,6,0.5,7,4,3,56,5.36,0.57,0,7,4,0.57,3,1,2,59,3.39,0.33,0,3,1,0.33,61,-57.1,-75.0,-57.1,-75.0
동물미용업,울산,28,13,15,230,6.52,0.46,0,28,13,0.46,36,17,19,245,7.76,0.47,0,36,17,0.47,26,17,9,264,3.41,0.65,0,26,17,0.65,274,-27.8,0.0,-27.8,0.0
동물미용업,인천,104,51,53,605,8.76,0.49,0,104,51,0.49,101,48,53,658,8.05,0.48,0,101,48,0.48,99,44,55,711,7.74,0.44,0,99,44,0.44,768,-2.0,-8.3,-2.0,-8.3
동물미용업,전남광주,95,53,42,555,7.57,0.56,0,95,53,0.56,70,56,14,597,2.35,0.8,0,70,56,0.8,77,52,25,611,4.09,0.68,0,77,52,0.68,638,10.0,-7.1,10.0,-7.1
동물미용업,전북,36,16,20,223,8.97,0.44,0,36,16,0.44,44,14,30,242,12.4,0.32,0,44,14,0.32,46,21,25,272,9.19,0.46,1,45,20,0.44,298,4.5,50.0,2.3,42.9
동물미용업,제주,11,15,-4,146,-2.74,1.36,0,11,15,1.36,16,9,7,142,4.93,0.56,0,16,9,0.56,13,18,-5,149,-3.36,1.38,0,13,18,1.38,143,-18.8,100.0,-18.8,100.0
동물미용업,충남,58,14,44,335,13.13,0.24,0,58,14,0.24,59,32,27,379,7.12,0.54,0,59,32,0.54,63,30,33,406,8.13,0.48,0,63,30,0.48,440,6.8,-6.2,6.8,-6.2
동물미용업,충북,48,15,33,268,12.31,0.31,1,47,14,0.3,44,15,29,301,9.63,0.34,0,44,15,0.34,32,15,17,330,5.15,0.47,0,32,15,0.47,350,-27.3,0.0,-27.3,0.0
동물위탁관리업,강원,34,25,9,187,4.81,0.74,0,34,25,0.74,37,12,25,194,12.89,0.32,0,37,12,0.32,28,21,7,219,3.2,0.75,0,28,21,0.75,226,-24.3,75.0,-24.3,75.0
동물위탁관리업,경기,319,234,85,1573,5.4,0.73,1,318,233,0.73,259,182,77,1655,4.65,0.7,1,258,181,0.7,247,162,85,1732,4.91,0.66,2,245,160,0.65,1818,-4.6,-11.0,-5.0,-11.6
동물위탁관리업,경남,67,40,27,280,9.64,0.6,1,66,39,0.59,50,37,13,307,4.23,0.74,0,50,37,0.74,41,24,17,320,5.31,0.59,1,40,23,0.57,338,-18.0,-35.1,-20.0,-37.8
동물위탁관리업,경북,43,17,26,281,9.25,0.4,0,43,17,0.4,41,21,20,307,6.51,0.51,0,41,21,0.51,33,20,13,327,3.98,0.61,1,32,19,0.59,341,-19.5,-4.8,-22.0,-9.5
동물위탁관리업,대구,63,36,27,246,10.98,0.57,0,63,36,0.57,37,30,7,273,2.56,0.81,0,37,30,0.81,48,21,27,280,9.64,0.44,0,48,21,0.44,307,29.7,-30.0,29.7,-30.0
동물위탁관리업,대전,30,12,18,143,12.59,0.4,0,30,12,0.4,31,21,10,160,6.25,0.68,0,31,21,0.68,22,12,10,170,5.88,0.55,0,22,12,0.55,180,-29.0,-42.9,-29.0,-42.9
동물위탁관리업,부산,69,47,22,399,5.51,0.68,0,69,47,0.68,55,48,7,420,1.67,0.87,0,55,48,0.87,60,36,24,427,5.62,0.6,1,59,35,0.59,450,9.1,-25.0,7.3,-27.1
동물위탁관리업,서울,120,78,42,728,5.77,0.65,3,117,75,0.64,109,70,39,770,5.06,0.64,0,109,70,0.64,95,61,34,809,4.2,0.64,0,95,61,0.64,843,-12.8,-12.9,-12.8,-12.9
동물위탁관리업,세종,6,0,6,23,26.09,0.0,0,6,0,0.0,3,4,-1,29,-3.45,1.33,0,3,4,1.33,3,0,3,28,10.71,0.0,0,3,0,0.0,31,0.0,-100.0,0.0,-100.0
동물위탁관리업,울산,24,13,11,130,8.46,0.54,0,24,13,0.54,28,22,6,141,4.26,0.79,1,27,21,0.78,13,11,2,147,1.36,0.85,0,13,11,0.85,150,-53.6,-50.0,-51.9,-47.6
동물위탁관리업,인천,68,45,23,303,7.59,0.66,0,68,45,0.66,63,51,12,326,3.68,0.81,0,63,51,0.81,57,28,29,338,8.58,0.49,0,57,28,0.49,366,-9.5,-45.1,-9.5,-45.1
동물위탁관리업,전남광주,59,45,14,300,4.67,0.76,0,59,45,0.76,42,45,-3,312,-0.96,1.07,0,42,45,1.07,44,38,6,309,1.94,0.86,0,44,38,0.86,316,4.8,-15.6,4.8,-15.6
동물위탁관리업,전북,33,7,26,129,20.16,0.21,0,33,7,0.21,12,14,-2,155,-1.29,1.17,0,12,14,1.17,18,17,1,153,0.65,0.94,0,18,17,0.94,153,50.0,21.4,50.0,21.4
동물위탁관리업,제주,17,18,-1,100,-1.0,1.06,0,17,18,1.06,19,8,11,99,11.11,0.42,0,19,8,0.42,14,17,-3,110,-2.73,1.21,0,14,17,1.21,107,-26.3,112.5,-26.3,112.5
동물위탁관리업,충남,38,15,23,234,9.83,0.39,0,38,15,0.39,35,38,-3,257,-1.17,1.09,0,35,38,1.09,38,28,10,254,3.94,0.74,0,38,28,0.74,264,8.6,-26.3,8.6,-26.3
동물위탁관리업,충북,30,16,14,167,8.38,0.53,0,30,16,0.53,32,16,16,181,8.84,0.5,0,32,16,0.5,25,13,12,197,6.09,0.52,0,25,13,0.52,210,-21.9,-18.8,-21.9,-18.8
식품자동판매기업,강원,146,143,3,1383,0.22,0.98,3,143,140,0.98,115,192,-77,1386,-5.56,1.67,3,112,189,1.69,108,153,-45,1309,-3.44,1.42,0,108,153,1.42,1263,-6.1,-20.3,-3.6,-19.0
식품자동판매기업,경기,1342,956,386,8434,4.58,0.71,24,1318,929,0.7,1019,915,104,8820,1.18,0.9,18,1001,896,0.9,885,901,-16,8924,-0.18,1.02,9,876,893,1.02,8914,-13.2,-1.5,-12.5,-0.3
식품자동판매기업,경남,272,275,-3,3291,-0.09,1.01,7,265,269,1.02,224,238,-14,3288,-0.43,1.06,3,221,235,1.06,224,275,-51,3274,-1.56,1.23,5,219,269,1.23,3220,0.0,15.5,-0.9,14.5
식품자동판매기업,경북,264,142,122,2838,4.3,0.54,3,261,140,0.54,231,174,57,2960,1.93,0.75,3,228,171,0.75,228,209,19,3017,0.63,0.92,0,228,208,0.91,3036,-1.3,20.1,0.0,21.6
식품자동판매기업,대구,162,216,-54,1503,-3.59,1.33,2,160,215,1.34,174,200,-26,1449,-1.79,1.15,4,170,195,1.15,147,149,-2,1423,-0.14,1.01,5,142,144,1.01,1420,-15.5,-25.5,-16.5,-26.2
식품자동판매기업,대전,159,124,35,1047,3.34,0.78,3,156,121,0.78,152,154,-2,1082,-0.18,1.01,5,147,149,1.01,124,127,-3,1080,-0.28,1.02,1,123,126,1.02,1079,-18.4,-17.5,-16.3,-15.4
식품자동판매기업,부산,257,286,-29,2659,-1.09,1.11,4,253,282,1.11,264,312,-48,2630,-1.83,1.18,8,256,304,1.19,208,277,-69,2582,-2.67,1.33,4,204,273,1.34,2514,-21.2,-11.2,-20.3,-10.2
식품자동판매기업,서울,690,548,142,5459,2.6,0.79,13,677,535,0.79,565,601,-36,5601,-0.64,1.06,5,560,595,1.06,457,521,-64,5565,-1.15,1.14,5,452,516,1.14,5492,-19.1,-13.3,-19.3,-13.3
식품자동판매기업,세종,34,35,-1,230,-0.43,1.03,1,33,34,1.03,28,20,8,229,3.49,0.71,0,28,20,0.71,29,13,16,237,6.75,0.45,0,29,13,0.45,253,3.6,-35.0,3.6,-35.0
식품자동판매기업,울산,91,112,-21,928,-2.26,1.23,2,89,110,1.24,75,106,-31,907,-3.42,1.41,0,75,106,1.41,82,111,-29,876,-3.31,1.35,0,82,111,1.35,849,9.3,4.7,9.3,4.7
식품자동판매기업,인천,279,253,26,1704,1.53,0.91,6,273,247,0.9,210,253,-43,1730,-2.49,1.2,1,209,252,1.21,222,230,-8,1687,-0.47,1.04,3,219,227,1.04,1679,5.7,-9.1,4.8,-9.9
식품자동판매기업,전남광주,225,299,-74,2971,-2.49,1.33,3,222,295,1.33,177,320,-143,2897,-4.94,1.81,2,175,317,1.81,157,280,-123,2754,-4.47,1.78,3,154,277,1.8,2629,-11.3,-12.5,-12.0,-12.6
식품자동판매기업,전북,133,119,14,1832,0.76,0.89,1,132,118,0.89,107,148,-41,1846,-2.22,1.38,0,107,148,1.38,131,106,25,1805,1.39,0.81,0,131,106,0.81,1830,22.4,-28.4,22.4,-28.4
식품자동판매기업,제주,60,54,6,799,0.75,0.9,0,60,54,0.9,50,141,-91,805,-11.3,2.82,1,49,140,2.86,35,55,-20,714,-2.8,1.57,0,35,55,1.57,694,-30.0,-61.0,-28.6,-60.7
식품자동판매기업,충남,288,162,126,2230,5.65,0.56,3,285,159,0.56,263,172,91,2356,3.86,0.65,2,261,170,0.65,212,180,32,2447,1.31,0.85,5,207,175,0.85,2479,-19.4,4.7,-20.7,2.9
식품자동판매기업,충북,202,174,28,1506,1.86,0.86,4,198,169,0.85,207,140,67,1534,4.37,0.68,2,205,138,0.67,215,133,82,1601,5.12,0.62,5,210,128,0.61,1684,3.9,-5.0,2.4,-7.2
체육도장업,강원,19,14,5,432,1.16,0.74,0,19,14,0.74,12,11,1,437,0.23,0.92,0,12,11,0.92,27,19,8,438,1.83,0.7,0,27,19,0.7,444,125.0,72.7,125.0,72.7
체육도장업,경기,301,133,168,4285,3.92,0.44,2,299,131,0.44,272,162,110,4452,2.47,0.6,0,272,162,0.6,281,203,78,4562,1.71,0.72,1,280,202,0.72,4638,3.3,25.3,2.9,24.7
체육도장업,경남,32,23,9,1072,0.84,0.72,0,32,23,0.72,22,33,-11,1081,-1.02,1.5,0,22,33,1.5,38,45,-7,1070,-0.65,1.18,0,38,45,1.18,1064,72.7,36.4,72.7,36.4
체육도장업,경북,30,13,17,837,2.03,0.43,0,30,13,0.43,34,14,20,854,2.34,0.41,0,34,14,0.41,29,28,1,874,0.11,0.97,0,29,28,0.97,874,-14.7,100.0,-14.7,100.0
체육도장업,대구,28,25,3,818,0.37,0.89,0,28,25,0.89,39,30,9,821,1.1,0.77,0,39,30,0.77,30,30,0,830,0.0,1.0,1,29,29,1.0,830,-23.1,0.0,-25.6,-3.3
체육도장업,대전,23,16,7,518,1.35,0.7,0,23,16,0.7,19,10,9,524,1.72,0.53,0,19,10,0.53,28,7,21,533,3.94,0.25,0,28,7,0.25,554,47.4,-30.0,47.4,-30.0
체육도장업,부산,37,30,7,981,0.71,0.81,1,36,29,0.81,44,48,-4,988,-0.4,1.09,0,44,48,1.09,56,42,14,984,1.42,0.75,1,55,41,0.75,999,27.3,-12.5,25.0,-14.6
체육도장업,서울,121,77,44,2488,1.77,0.64,1,120,76,0.63,126,64,62,2530,2.45,0.51,0,126,64,0.51,142,79,63,2592,2.43,0.56,0,142,79,0.56,2656,12.7,23.4,12.7,23.4
체육도장업,세종,12,9,3,146,2.05,0.75,0,12,9,0.75,14,2,12,149,8.05,0.14,1,13,1,0.08,13,5,8,161,4.97,0.38,0,13,5,0.38,168,-7.1,150.0,0.0,400.0
체육도장업,울산,19,10,9,355,2.54,0.53,2,17,8,0.47,22,17,5,364,1.37,0.77,0,22,17,0.77,15,10,5,369,1.36,0.67,0,15,10,0.67,375,-31.8,-41.2,-31.8,-41.2
체육도장업,인천,61,21,40,945,4.23,0.34,0,61,21,0.34,63,32,31,985,3.15,0.51,0,63,32,0.51,53,49,4,1016,0.39,0.92,0,53,49,0.92,1019,-15.9,53.1,-15.9,53.1
체육도장업,전남광주,47,31,16,1109,1.44,0.66,0,47,30,0.64,41,33,8,1125,0.71,0.8,0,41,33,0.8,44,58,-14,1133,-1.24,1.32,0,44,58,1.32,1120,7.3,75.8,7.3,75.8
체육도장업,전북,13,15,-2,640,-0.31,1.15,0,13,15,1.15,20,21,-1,638,-0.16,1.05,1,19,20,1.05,21,25,-4,637,-0.63,1.19,0,21,25,1.19,633,5.0,19.0,10.5,25.0
체육도장업,제주,25,11,14,200,7.0,0.44,0,25,11,0.44,8,6,2,214,0.93,0.75,0,8,6,0.75,17,8,9,216,4.17,0.47,0,17,8,0.47,225,112.5,33.3,112.5,33.3
체육도장업,충남,28,18,10,664,1.51,0.64,0,28,18,0.64,27,21,6,674,0.89,0.78,0,27,21,0.78,28,20,8,680,1.18,0.71,0,28,20,0.71,689,3.7,-4.8,3.7,-4.8
체육도장업,충북,27,17,10,486,2.06,0.63,0,27,17,0.63,31,19,12,496,2.42,0.61,0,31,19,0.61,22,23,-1,508,-0.2,1.05,0,22,23,1.05,507,-29.0,21.1,-29.0,21.1
