store,chart,genre,us_rank,name,developer,app_id,in_kr_any_chart
appstore,top-free,all,1,Muse from Meta,"Meta Platforms, Inc.",6760173601,False
appstore,top-free,all,2,Trump Accounts: Official App,U.S. Department of the Treasury,6767364919,False
appstore,top-paid,all,2,HotSchedules,HotSchedules,294934058,False
appstore,top-free,all,3,Vinted: Pre-loved marketplace,Vinted Limited,632064380,False
appstore,top-free,all,5,Amazon Prime Video,AMZN Mobile LLC,545519333,True
appstore,top-paid,all,5,TonalEnergy Tuner & Metronome,"TonalEnergy, Inc",497716362,False
appstore,top-free,all,6,McDonald's,McDonald's USA,922103212,False
appstore,top-free,all,7,TikTok Pro - Events,TikTok Ltd.,6741796873,False
appstore,top-paid,all,7,QuickBend: Conduit Bending,Bret Hardman,1010311475,False
appstore,top-paid,all,8,SkyView®,Terminal Eleven LLC,404990064,False
appstore,top-paid,all,9,2AM CAM,Aiden Magarian,6793744610,False
appstore,top-paid,all,10,Monash FODMAP Diet,Monash University,586149216,False
appstore,top-paid,all,11,Paprika Recipe Manager 3,Hindsight Labs LLC,1303222868,False
appstore,top-free,all,12,Kalshi: Trade Football & more,KalshiEX LLC,1632713844,False
appstore,top-paid,all,12,MilGPS,Cascode Labs Pty Ltd,405835358,False
appstore,top-free,all,13,PineDrama - Short Dramas,TikTok Ltd.,6754134922,False
appstore,top-paid,all,13,Goblin Tools,Skyhook,6449003064,False
appstore,top-paid,all,14,RadarScope,"Base Velocity, LLC",288419283,False
appstore,top-free,all,16,Freecash - Get Paid Real Money,Freecash - Get Paid Real Money,1673567402,True
appstore,top-paid,all,16,LiveATC Air Radio,Dave Pascoe,317809458,False
appstore,top-free,all,18,Be My Eyes,Be My Eyes,905177575,False
appstore,top-free,all,19,"TikTok - Videos, Shop & LIVE",TikTok Ltd.,835599320,False
appstore,top-paid,all,19,Solocator - GPS Field Camera,Civi Corp,582584117,False
appstore,top-paid,all,20,Threema. The Secure Messenger,Threema GmbH,578665578,False
appstore,top-free,all,21,APTV,"Suzhou Xiying Guangnian Technology Co., Ltd",1630403500,True
appstore,top-free,all,22,Depop - Buy & Sell Clothes,Depop Ltd,518684914,False
appstore,top-paid,all,22,PeakFinder,PeakFinder GmbH,357421934,False
appstore,top-free,all,23,Instagram,"Instagram, Inc.",389801252,True
appstore,top-paid,all,23,Moment Pro Camera II,Moment Inc.,6748837351,False
appstore,top-free,all,25,"Shop: Track, Pay, Discover",Shopify Inc.,1223471316,False
appstore,top-paid,all,25,imo video calls and chat HD,Baby Penguin,1400579543,False
appstore,top-paid,all,26,"FORScan Lite - for Ford, Mazda",Aleksei Savin,892347083,False
appstore,top-free,all,27,Walmart: Shopping & Savings,Walmart,338137227,False
appstore,top-paid,all,27,Tenuto,musictheory.net,459313476,False
appstore,top-free,all,28,Amazon Shopping,AMZN Mobile LLC,297606951,True
appstore,top-free,all,29,Microsoft Teams,Microsoft Corporation,1113153706,True
appstore,top-paid,all,29,Spirit Talker ®,Spotted Ghosts,1536762482,False
appstore,top-free,all,30,YouTube,Google,544007664,True
appstore,top-free,all,31,BlinkDrama - Short Dramas,Atlas Ventures Culture & Technology Limited,6768593043,True
appstore,top-paid,all,31,Things 3,Cultured Code GmbH & Co. KG,904237743,False
appstore,top-free,all,32,Microsoft Authenticator,Microsoft Corporation,983156458,True
appstore,top-paid,all,32,Pocket God,Bolt Creative,301387274,False
appstore,top-paid,all,33,Wipr 2,Kaylee Calderolla,1662217862,False
appstore,top-free,all,34,Google Chrome,Google,535886823,True
appstore,top-free,all,35,Shots: Photo & Video Generator,DeePix AI,6745820631,True
appstore,top-free,all,36,Capital One Mobile,Capital One,407558537,False
appstore,top-paid,all,36,Site Audit Pro,Veam Studios Ltd,430234732,False
appstore,top-free,all,37,"DoorDash: Food, Grocery, More","DoorDash, Inc.",719972451,False
appstore,top-paid,all,37,Prepware Aviation Maintenance,ASA,338893931,False
appstore,top-paid,all,38,Pedi STAT,James M Kempema MD PA,327963391,False
appstore,top-free,all,39,"PayPal - Pay, Send, Save","PayPal, Inc.",283646709,True
appstore,top-paid,all,39,Teach Your Monster to Read,Teach Your Monster,828392046,False
appstore,top-paid,all,40,ASCCP Management Guidelines,American Society for Colposcopy and Cervical Pathology Inc,1498550832,False
appstore,top-free,all,41,Microsoft Copilot,Microsoft Corporation,541164041,True
appstore,top-free,all,42,Koupon: Real Deals & Codes,Koupon Inc.,6472232952,False
appstore,top-paid,all,42,Air & Space Fitness Calculator,Patrick Smith,1569922923,False
appstore,top-free,all,44,Cash App,"Block, Inc.",711923939,False
appstore,top-paid,all,44,Stash - Rule Based Proxy,STASH NETWORKS LIMITED,1596063349,False
appstore,top-free,all,45,"Ticketmaster－Buy, Sell Tickets",Ticketmaster,500003565,False
appstore,top-paid,all,45,PhotoPills,PhotoPills S.L.,596026805,False
appstore,top-free,all,46,Grok AI,X Corp.,6670324846,True
appstore,top-paid,all,46,e-Sword LT: Bible Study to Go,Rick Meyers,634158738,False
appstore,top-free,all,47,Capital One Shopping: Save Now,"Wikibuy, LLC",1089294040,False
appstore,top-paid,all,47,Shot Tracer,Visual Vertigo Software Technologies GmbH,1140451547,False
appstore,top-free,all,48,"Whatnot: Shop, Sell, Connect",Whatnot Inc.,1488269261,False
appstore,top-paid,all,48,Stylebook,"left brain / right brain, LLC",335709058,False
appstore,top-free,all,49,Life360: Family Safety & GPS,Life360,384830320,True
appstore,top-paid,all,49,Ugly's Electrical References,Informed Publishing,1134770838,False
appstore,top-free,all,50,Venmo,Venmo,351727428,False
appstore_itunes,top-free,6000,2,Indeed Job Search,Indeed Inc.,309735670,False
appstore_itunes,top-free,6000,5,ADP Mobile Solutions,"ADP, Inc",444553167,False
appstore_itunes,top-free,6000,7,DoorDash - Dasher,"DoorDash, Inc.",1451754591,False
appstore_itunes,top-free,6000,8,UKG Pro,UKG INC.,6445849909,False
appstore_itunes,top-free,6000,9,Workday,Workday,316800034,False
appstore_itunes,top-free,6000,10,symplr Time and Scheduling,symplr software LLC,6781713817,False
appstore_itunes,top-free,6000,11,FedEx Mobile,FedEx,1010729050,False
appstore_itunes,top-free,6000,12,UPS,UPS,336377331,False
appstore_itunes,top-free,6000,13,Spark Driver,Walmart,1483998235,False
appstore_itunes,top-free,6000,14,Uber - Driver: Drive & Deliver,"Uber Technologies, Inc.",1131342792,False
appstore_itunes,top-free,6000,17,Amazon Flex,AMZN Mobile LLC,1454725763,False
appstore_itunes,top-free,6000,18,Informed Delivery® Mobile,United States Postal Service,6478885776,False
appstore_itunes,top-free,6000,21,Handshake: Jobs & AI work,Stryder Corp.,1220620171,False
appstore_itunes,top-free,6000,22,Paylocity,Paylocity,652438572,False
appstore_itunes,top-free,6000,24,Scanner App - Scan PDF & Docs,TAPSUITE YAZILIM HIZMETLERI ANONIM SIRKETI,1568660349,False
appstore_itunes,top-free,6000,25,Package Tracker - pkge Mobile,DARADDO APPS,1397865865,False
appstore_itunes,top-free,6000,26,ZipRecruiter Job Search,"ZipRecruiter, Inc.",541933937,False
appstore_itunes,top-free,6000,27,Square Point of Sale (POS),"Block, Inc.",335393788,False
appstore_itunes,top-free,6000,28,Instacart Shopper: Earn money,Maplebear Inc,1454056744,False
appstore_itunes,top-free,6000,29,Paycom,Paycom,1207929487,False
appstore_itunes,top-free,6000,32,Amazon A to Z,AMZN Mobile LLC,1413909063,False
appstore_itunes,top-free,6000,33,Shopify: Sell. Run a business.,Shopify Inc.,371294472,False
appstore_itunes,top-free,6000,34,Intune Company Portal,Microsoft Corporation,719171358,False
appstore_itunes,top-free,6000,36,Paychex Flex,"Paychex, Inc",527740152,False
appstore_itunes,top-free,6000,37,USPS Mobile®,United States Postal Service,339597578,False
appstore_itunes,top-free,6000,38,Instawork: Work when you want,Instawork,1123819773,False
appstore_itunes,top-free,6000,39,HHAeXchange+,"Homecare Software Solutions, LLC",1623129489,False
appstore_itunes,top-free,6000,40,HireVue for Candidates,"HireVue, Inc.",492573020,False
appstore_itunes,top-free,6000,41,Roadie Driver,Roadie Inc,1436325695,False
appstore_itunes,top-free,6000,42,QuickBooks Workforce,Intuit Inc.,864076487,False
appstore_itunes,top-free,6000,43,"Seller, a Facebook app","Meta Platforms, Inc.",6766382815,False
appstore_itunes,top-free,6000,44,Lyft Driver,"Lyft, Inc.",1203077485,False
appstore_itunes,top-free,6000,45,Thrift Savings Plan,Federal Retirement Thrift Investment Board,1622048851,False
appstore_itunes,top-free,6000,46,Cvent Events,Cvent,1491335576,False
appstore_itunes,top-free,6000,47,Trybe Creators,Trybe Tech Inc,6759299465,False
appstore_itunes,top-free,6000,48,Drive and Shop with Shipt,Shipt,976353472,False
appstore_itunes,top-free,6000,49,Connecteam Team Management App,"Connecteam, Inc",1121613912,False
appstore_itunes,top-free,6000,50,Homebase: Employee Scheduling,"Pioneer Works, Inc.",871544379,False
appstore_itunes,top-free,6002,6,Govee Home,Shenzhen Intellirocks Tech Co. Ltd.,1395696823,False
appstore_itunes,top-free,6002,8,My Verizon,Verizon Wireless,416023011,False
appstore_itunes,top-free,6002,9,TV Remote - Universal Control,EVOLLY.APP,1539090879,False
appstore_itunes,top-free,6002,10,AT&T,"AT&T Services, Inc.",309172177,False
appstore_itunes,top-free,6002,11,Xfinity,Comcast,1178765645,False
appstore_itunes,top-free,6002,12,My Spectrum,Charter Communications,942608209,False
appstore_itunes,top-free,6002,14,Blink Home Monitor,Immedia Semiconductor,1013961111,False
appstore_itunes,top-free,6002,15,Starlink,SpaceX,1537177988,False
appstore_itunes,top-free,6002,16,Authenticator ℠ App,BEGAMOB GLOBAL LIMITED,6754900760,False
appstore_itunes,top-free,6002,17,Opera Browser with VPN,Opera Norway AS,1411869974,False
appstore_itunes,top-free,6002,19,"DuckDuckGo, optional Duck.ai","DuckDuckGo, Inc.",663592361,False
appstore_itunes,top-free,6002,22,Universal TV Remote ·,KRAFTWERK 9 LTD,1439422220,False
appstore_itunes,top-free,6002,25,Happ - Proxy Utility,Flyfrog LLC,6504287215,False
appstore_itunes,top-free,6002,27,Firefox Fast & Private Browser,Mozilla,989804926,False
appstore_itunes,top-free,6002,29,Truecaller: Premium Caller ID,True Software Scandinavia AB,448142450,False
appstore_itunes,top-free,6002,32,Epic Games,Epic Games Inc.,6480077263,False
appstore_itunes,top-free,6002,33,Universal Remote TV Control ·,BEGAMOB GLOBAL LIMITED,1581765635,False
appstore_itunes,top-free,6002,34,Offender Locator: Find & Watch,Offender Locator Inc.,322664011,False
appstore_itunes,top-free,6002,35,AT&T ActiveArmor®,"AT&T Services, Inc.",1218465964,False
appstore_itunes,top-free,6002,36,PayRange,PayRange Inc.,845555232,False
appstore_itunes,top-free,6002,37,Facemoji AI Emoji Keyboard,NEXILEAP PRIVATE LIMITED,1103138272,False
appstore_itunes,top-free,6002,38,Brother Mobile Connect,"Brother Industries, LTD.",1516235668,False
appstore_itunes,top-free,6002,39,JumpJumpVPN: Fast & Secure,SOON BODYWERKZ AUTO PTE. LTD.,6451097052,False
appstore_itunes,top-free,6002,40,Screen Mirroring App: Smart TV,Desidari Holding Ltd.,6471257645,False
appstore_itunes,top-free,6002,41,Swipewipe: Photo Cleaner,MWM,1583884012,False
appstore_itunes,top-free,6002,42,Bambu Handy,上海轮廓科技有限公司,1625671285,False
appstore_itunes,top-free,6002,43,myCar: Car Widgets & Dashboard,DOFUapps,6755033589,False
appstore_itunes,top-free,6002,44,RentCafe Resident,"Yardi Systems, Inc.",541403633,False
appstore_itunes,top-free,6002,46,Remote for Samsung TV Smart,Controlla TV LTD.,6474010687,False
appstore_itunes,top-free,6002,47,Universal TV Remote™ Control,SEAMOBI TECH PTE LTD,6553976921,False
appstore_itunes,top-free,6002,48,Holy Bible Faith:Verse&Audio,Lichu Studio,6767523015,False
appstore_itunes,top-free,6002,49,VPN - Free VPN Potato ™,FREE VPN POTATO PTE. LTD.,1473774730,False
appstore_itunes,top-free,6002,50,Find Air - My Device Tracker,Air Apps Systems,1507917112,False
appstore_itunes,top-free,6005,6,Reco Social,"Reco Social, Inc.",6742024490,False
appstore_itunes,top-free,6005,8,GroupMe,Skype Communications S.a.r.l,392796698,False
appstore_itunes,top-free,6005,12,TextNow: Call + Text Unlimited,"TextNow, Inc.",314716233,False
appstore_itunes,top-free,6005,14,"Forum, a Facebook app","Meta Platforms, Inc.",6758308862,False
appstore_itunes,top-free,6005,15,Locket Widget,"Locket Labs, Inc.",1600525061,False
appstore_itunes,top-free,6005,16,Letterboxd,Letterboxd,1054271011,False
appstore_itunes,top-free,6005,17,"BIGO LIVE-Live Stream, Go Live",BIGO TECHNOLOGY PTE. LTD.,1077137248,False
appstore_itunes,top-free,6005,18,Valid - Compliment Classmates,"RevueAI, Inc",6755367062,False
appstore_itunes,top-free,6005,19,Text Free: Second Phone Number,"Pinger, Inc.",399355755,False
appstore_itunes,top-free,6005,21,Text Me - Phone Call + Texting,"TextMe, Inc.",514485964,False
appstore_itunes,top-free,6005,22,Zangi - Private Messenger,"Secret Phone, Inc",549493839,False
appstore_itunes,top-free,6005,23,Skool Communities,"Skool.com, Inc.",6447270545,False
appstore_itunes,top-free,6005,25,"Clapper: Video, Live, Chat",CLAPPER MEDIA GROUP INC.,1522122685,False
appstore_itunes,top-free,6005,26,MONOPOLY GO!Chat,"Scopely, Inc.",6747054496,False
appstore_itunes,top-free,6005,27,Yik Yak,"Yik Yak, Inc.",1573043816,False
appstore_itunes,top-free,6005,28,Wizz App - chat now,VLB,1452906710,False
appstore_itunes,top-free,6005,29,GettingOut,"Telmate, LLC",907226423,False
appstore_itunes,top-free,6005,30,Securus Mobile,SECURUS TECHNOLOGIES LLC,1059629706,False
appstore_itunes,top-free,6005,31,Upward Dating: Meet Singles,"Affinity Apps, LLC",1499137942,False
appstore_itunes,top-free,6005,32,Yubo: Chat Meet & Make Friends,Twelve APP,1038653883,False
appstore_itunes,top-free,6005,33,Facebook Creator Studio,"Meta Platforms, Inc.",6761864604,False
appstore_itunes,top-free,6005,34,LineLeap,LineLeap,960804043,False
appstore_itunes,top-free,6005,35,Grindr - Gay Dating & Chat,Grindr LLC,319881193,False
appstore_itunes,top-free,6005,36,BFF: Make friends & meet up,"Geneva Technologies, Inc.",1478573199,False
appstore_itunes,top-free,6005,37,GettingOut Visits,"Telmate, LLC",1342522622,False
appstore_itunes,top-free,6005,38,Sticker.ly - Sticker Maker,NAVER Z Corporation,1458740001,False
appstore_itunes,top-free,6005,40,Meetup: Social Events & Groups,Meetup LLC,375990038,False
appstore_itunes,top-free,6005,42,Widgetable: Besties & Couples,"Widgetable,Inc.",1641107226,False
appstore_itunes,top-free,6005,43,Talkatone: WiFi Text & Calls,"TALKATONE, INC.",397648381,False
appstore_itunes,top-free,6005,44,Taimi LGBTQ+ Dating & Chat App,Social Impact Inc.,1282966364,False
appstore_itunes,top-free,6005,45,Howbout: shared calendar,Howbout Ltd.,1477248221,False
appstore_itunes,top-free,6005,46,Plato: Fun Multiplayer Games,Plato Team Inc,1054747306,False
appstore_itunes,top-free,6005,47,ThingsBook,Naver U.Hub Inc.,6745533235,False
appstore_itunes,top-free,6005,48,BLK: Black Singles Dating App,"Affinity Apps, LLC",1253586891,False
appstore_itunes,top-free,6005,49,Hunch Dating App: Vibe & Meet,INKS TECHNOLOGY SERVICES PTE. LTD.,6444654663,False
appstore_itunes,top-free,6005,50,Rakuten Viber Messenger,Viber Media SARL.,382617920,False
appstore_itunes,top-free,6007,1,Muse from Meta,"Meta Platforms, Inc.",6760173601,False
appstore_itunes,top-free,6007,21,Yahoo Mail: Your Email & Inbox,Yahoo,577586159,False
appstore_itunes,top-free,6007,22,HP,HP Inc.,469284907,False
appstore_itunes,top-free,6007,24,Smart Home Manager,"AT&T Services, Inc.",1258654743,False
appstore_itunes,top-free,6007,27,VPN - Fast & Secure VPN ™,TOPAPPS TECH PTE LTD,1528940523,False
appstore_itunes,top-free,6007,29,Google Voice,Google,318698524,False
appstore_itunes,top-free,6007,31,BePresent: Screen Time Control,Screen Detox Inc,1644737181,False
appstore_itunes,top-free,6007,32,ID.me Authenticator,ID.me,1446335066,False
appstore_itunes,top-free,6007,33,Widgetsmith,"Cross Forward Consulting, LLC",1523682319,False
appstore_itunes,top-free,6007,34,PingID,Ping Identity Corporation,891247102,False
appstore_itunes,top-free,6007,36,Summary - AI Note Taker,Labhouse Mobile,6670175056,False
appstore_itunes,top-free,6007,37,Saturn Calendar,Saturn Technologies Inc.,1454483188,False
appstore_itunes,top-free,6007,39,Grammarly: AI Keyboard & Voice,Superhuman Platform Inc,1158877342,False
appstore_itunes,top-free,6007,40,Speechify – Text to Speech PDF,Speechify Inc.,1209815023,False
appstore_itunes,top-free,6007,42,Cloaked: Protect your privacy,"Cloaked, Inc.",1600487147,False
appstore_itunes,top-free,6007,43,FolioSpace Online Portal,"AppFolio, Inc.",1376350358,False
appstore_itunes,top-free,6007,44,Chatbot AI Assistant - Genie,APPNATION YAZILIM HIZMETLERI TICARET ANONIM SIRKETI,1658377526,False
appstore_itunes,top-free,6007,45,X-VPN: VPN Fast & Secure,LIGHTNINGLINK NETWORKS PTE. LTD.,1250312807,False
appstore_itunes,top-free,6007,46,Smart Printer App℠ for HP ·,AstraBridge Limited,6757393880,False
appstore_itunes,top-free,6007,48,Photo Recovery: Deleted Files,PB Studios OU,1482562954,False
appstore_itunes,top-free,6008,9,Cantina: AI Video & Characters,"Cantina, Inc",1018368216,False
appstore_itunes,top-free,6008,10,AI Video Generator - Vixel,FENIX MOBILE YAZILIM A.S.,6756965785,False
appstore_itunes,top-free,6008,12,KICK - Live Streaming,Kick Streaming,6446202561,False
appstore_itunes,top-free,6008,13,Twitch: Live Streaming,"Twitch Interactive, Inc.",460177396,False
appstore_itunes,top-free,6008,15,Momo: AI Photo & Video Maker,SCALEUP YAZILIM HIZMETLERI,1658822260,False
appstore_itunes,top-free,6008,21,PhotoCircle,"PhotoCircle, Inc.",517539894,False
appstore_itunes,top-free,6008,24,Amazon Photos: Photo & Video,AMZN Mobile LLC,621574163,False
appstore_itunes,top-free,6008,26,"FaceLab: Face Age, Hair Filter",Lyrebird Studio,1530776865,False
appstore_itunes,top-free,6008,27,Facetune: Photo & Video Editor,Lightricks Ltd.,1149994032,False
appstore_itunes,top-free,6008,28,Epson Smart Panel,Seiko Epson Corporation,1477796092,False
appstore_itunes,top-free,6008,29,Skylight App,Skylight Frame,1438779037,False
appstore_itunes,top-free,6008,32,WayShot:Aesthetic Photo Editor,Romangic Lab LLC,6749303003,False
appstore_itunes,top-free,6008,36,TikTok Studio,TikTok Ltd.,6478151677,False
appstore_itunes,top-free,6008,37,FreePrints – Print Photos,PlanetArt,518158653,False
appstore_itunes,top-free,6008,39,Captions: AI Edits Your Video,"Captions, LLC (US)",1541407007,False
appstore_itunes,top-free,6008,40,ism: Retro Camera & Vintage,MWM,1580668065,False
appstore_itunes,top-free,6008,42,Airbrush: Face Photo Editor,PIXOCIAL TECHNOLOGY (SINGAPORE) PTE. LTD.,998411110,False
appstore_itunes,top-free,6008,44,ReelMe: AI Photo & Video,TPC INVEST PTE.LTD,6745781406,False
appstore_itunes,top-free,6008,47,Retake AI Face & Selfie Editor,DEEP FLOW SOFTWARE SERVICES,6466298983,False
appstore_itunes,top-free,6008,48,PicCollage: Magic Photo Editor,Cardinal Blue,448639966,False
appstore_itunes,top-free,6008,50,VideoGPT - AI Video Generator,ElevenThirteen LLC,6451396274,False
appstore_itunes,top-free,6012,1,Be My Eyes,Be My Eyes,905177575,False
appstore_itunes,top-free,6012,3,T-Life,T-Mobile,1111876388,False
appstore_itunes,top-free,6012,4,Ring - Always Home,Ring.com,926252661,False
appstore_itunes,top-free,6012,5,Partiful: Party Invite Maker,Partiful,1662982304,False
appstore_itunes,top-free,6012,6,GoWish - Your Digital Wishlist,Onskeskyen ApS,1605170923,False
appstore_itunes,top-free,6012,8,Hinge Dating App: Match & Date,"Hinge, Inc.",595287172,False
appstore_itunes,top-free,6012,9,Amazon Alexa,AMZN Mobile LLC,944011620,False
appstore_itunes,top-free,6012,11,Zillow Real Estate & Rentals,Zillow.com,310738695,False
appstore_itunes,top-free,6012,12,KidHub by Unleashed Brands,Unleashed Services,6768380647,False
appstore_itunes,top-free,6012,13,Vagaro,Vagaro Inc,536110000,False
appstore_itunes,top-free,6012,14,Booksy for Customers,Booksy,723961236,False
appstore_itunes,top-free,6012,15,myQ Garage & Access Control,"The Chamberlain Group, Inc.",456282559,False
appstore_itunes,top-free,6012,16,Google Home,Google,680819774,False
appstore_itunes,top-free,6012,17,Toyota,"Toyota Motor Sales, U.S.A., Inc.",1455685357,False
appstore_itunes,top-free,6012,19,Tesla,"Tesla, Inc.",582007913,False
appstore_itunes,top-free,6012,20,PDF Scan,Xian Dayanshan Electronic Tech Limited,1631312180,False
appstore_itunes,top-free,6012,21,Anker eufy,Power Mobile Life LLC,1424956516,False
appstore_itunes,top-free,6012,22,Duet Dating App: Chat & Meet,WINK TECH LIMITED,1673723000,False
appstore_itunes,top-free,6012,23,eero wifi system,eero LLC,1023499075,False
appstore_itunes,top-free,6012,24,Bumble Dating App: Meet & Date,Bumble Holding Limited,930441707,False
appstore_itunes,top-free,6012,26,Square Go,"Block, Inc.",1623896123,False
appstore_itunes,top-free,6012,27,SmartLife: Smart Living,Volcano Technology Limited,1115101477,False
appstore_itunes,top-free,6012,28,VeSync,Vesync Technology Corporation,1289575311,False
appstore_itunes,top-free,6012,29,CHAI: Social AI Platform- Chat,Chai Research Corp.,1544750895,False
appstore_itunes,top-free,6012,31,AAA Mobile,American Automobile Association,310730297,False
appstore_itunes,top-free,6012,32,My Love - Relationship Counter,Bjoern Bartels,409609608,False
appstore_itunes,top-free,6012,33,Realtor.com Real Estate & Rent,"Move, Inc.",336698281,False
appstore_itunes,top-free,6012,34,Ford™,Ford Motor Co.,1095418609,False
appstore_itunes,top-free,6012,35,LotusLanternX,"shenzhen ELK Technology Co., Ltd.",1279356519,False
appstore_itunes,top-free,6012,36,Hark Pro,Hark Labs Inc.,6772362941,False
appstore_itunes,top-free,6012,37,Hily Dating App: Meet. Date.,Hily Corp.,1250946975,False
appstore_itunes,top-free,6012,38,Thumbtack: Home Service Pros,"Thumbtack, Inc.",852703300,False
appstore_itunes,top-free,6012,40,Tipsy Chat: Live Your Story,LIGHTSPEED INTELLIGENCE LTD,6572296119,False
appstore_itunes,top-free,6012,41,Giftful - Wishlist & Registry,Giftful LLC,1450175505,False
appstore_itunes,top-free,6012,42,Lemon8 - Lifestyle Community,TikTok Ltd.,1498607143,False
appstore_itunes,top-free,6012,43,"Blood Pressure Log, Heart Rate",NarrativeLab OU,1575719736,False
appstore_itunes,top-free,6012,44,Google Opinion Rewards,Google,1227019728,False
appstore_itunes,top-free,6012,45,Listful - Wishlist Maker,Listful LLC,6505107527,False
appstore_itunes,top-free,6012,46,Instant Cash Advance - Zora,TC FUNDING V DESIGNATED ACTIVITY COMPANY,6763320578,False
appstore_itunes,top-free,6012,47,The Official Wyze App,Wyze Labs,1288415553,False
appstore_itunes,top-free,6012,48,PURE: Open-Minded Dating App,Online Classifieds AG,690661663,False
appstore_itunes,top-free,6012,49,First Alert by Resideo,"Resideo Technologies, Inc.",6457097692,False
appstore_itunes,top-free,6012,50,myChevrolet,General Motors Company,398596699,False
appstore_itunes,top-free,6013,1,"Strava: Run, Bike, Walk","Strava, Inc.",426826309,False
appstore_itunes,top-free,6013,2,Planet Fitness,"Planet Fitness Holdings, LLC",399857015,False
appstore_itunes,top-free,6013,4,Yuka - Food & Cosmetic Scanner,Yuca,1092799236,False
appstore_itunes,top-free,6013,5,Scrambly: Earn Money Walking,Scrambly,6738506984,False
appstore_itunes,top-free,6013,6,Oura,Oura Health Oy,1043837948,False
appstore_itunes,top-free,6013,7,Stompers: Walking Step Counter,"Stompers, LLC",6477849675,False
appstore_itunes,top-free,6013,8,Cal AI - Calorie Tracker,Viral Development LLC,6480417616,False
appstore_itunes,top-free,6013,9,MyFitnessPal: Calorie Counter,"MyFitnessPal, Inc.",341232718,False
appstore_itunes,top-free,6013,10,New EōS Fitness,Fitness Alliance LLC,6759914925,False
appstore_itunes,top-free,6013,11,"AllTrails: Hike, Bike & Run","AllTrails, Inc.",405075943,False
appstore_itunes,top-free,6013,12,LADDER Strength Training Plans,"Ladder Technologies, Inc.",1502936453,False
appstore_itunes,top-free,6013,13,Finch: Self-Care Pet,Finch Care Public Benefit Corporation,1528595748,False
appstore_itunes,top-free,6013,14,Hatch Sleep,"Hatch Baby, Inc.",1158048301,False
appstore_itunes,top-free,6013,15,WeWard - Walking Rewards App,WEWARD,1454213029,False
appstore_itunes,top-free,6013,18,Cronometer: Calorie Counter,Cronometer Software Inc,1145935738,False
appstore_itunes,top-free,6013,19,Wayk: Alarm Clock to Wake Up,Dialed Labs Inc.,6758021281,False
appstore_itunes,top-free,6013,20,RISE: Sleep Tracker,Rise Science Inc,1453884781,False
appstore_itunes,top-free,6013,21,Crunch Fitness,Crunch Fitness,398210959,False
appstore_itunes,top-free,6013,22,Aetna Health,Aetna Inc.,1261033071,False
appstore_itunes,top-free,6013,23,"ClassPass: Fitness, Spa, Salon","ClassPass, LLC",912947244,False
appstore_itunes,top-free,6013,24,Hume Health,FitTrack Inc,1477782599,False
appstore_itunes,top-free,6013,25,StepUp Pedometer Step Counter,Pratik Stephen,979101825,False
appstore_itunes,top-free,6013,26,ARBloodPressure:Health record,NUMBER THREE TECH LIMITED,6478134595,False
appstore_itunes,top-free,6013,27,MenuFit - Healthy Eating Out,Kosco Digital LLC,6746144481,False
appstore_itunes,top-free,6013,28,Pocket Blood Pressure&BP log,FOR MORE WORTH TECH LIMITED,6463190065,False
appstore_itunes,top-free,6013,29,myCigna,Cigna Corporation,569266174,False
appstore_itunes,top-free,6013,30,Kaiser Permanente,Kaiser Permanente,493390354,False
appstore_itunes,top-free,6013,32,Google Health (Fitbit),Google,462638897,False
appstore_itunes,top-free,6013,33,Fitbod: Gym & Fitness Planner,Fitbod Inc.,1041517543,False
appstore_itunes,top-free,6013,35,Medbridge GO for Patients,MedBridge Education LLC,1089747982,False
appstore_itunes,top-free,6013,37,Mindbody: Fitness & Wellness,MINDBODY Inc.,689501356,False
appstore_itunes,top-free,6013,38,Blood Pressure App-BP Tracker,AKRURA PTE. LTD,6474598021,False
appstore_itunes,top-free,6013,39,Stardust Period Tracker,Stardust App LLC (New York),1495829322,False
appstore_itunes,top-free,6013,40,SleepSense: Sleep Tracker,Dualstar Entertainment Group,6791916451,False
appstore_itunes,top-free,6013,41,Period Tracker Period Calendar,ABISHKKING LIMITED.,896501514,False
appstore_itunes,top-free,6013,42,Calm,Calm.com,571800810,False
appstore_itunes,top-free,6013,43,Nourish: Eating Well Made Easy,Nourish Inc.,6448732070,False
appstore_itunes,top-free,6013,44,Heartica: Heart Rate Monitor,Faliane Ltd.,6742904990,False
appstore_itunes,top-free,6013,45,Calorie Counter - MyNetDiary,MyNetDiary Inc.,287529757,False
appstore_itunes,top-free,6013,46,Sweatcoin Walking Step Counter,Sweatco Ltd,971023427,False
appstore_itunes,top-free,6013,47,RENPHO Health,Joicom corporation,1543340610,False
appstore_itunes,top-free,6013,48,iCardiac: Heart Rate & Health,BEGAMOB GLOBAL LIMITED,6468660073,False
appstore_itunes,top-free,6013,49,Quick BloodPressure,Far Vision Ltd.,6758321524,False
appstore_itunes,top-free,6013,50,OMRON connect US/CAN/EMEA,"Omron Healthcare, Inc.",1166317885,False
appstore_itunes,top-free,6015,1,Trump Accounts: Official App,U.S. Department of the Treasury,6767364919,False
appstore_itunes,top-free,6015,2,Kalshi: Trade Football & more,KalshiEX LLC,1632713844,False
appstore_itunes,top-free,6015,3,Capital One Mobile,Capital One,407558537,False
appstore_itunes,top-free,6015,5,Cash App,"Block, Inc.",711923939,False
appstore_itunes,top-free,6015,6,Venmo,Venmo,351727428,False
appstore_itunes,top-free,6015,7,Chime® – Mobile Banking,"Chime Financial, Inc.",836215269,False
appstore_itunes,top-free,6015,8,OnePay – Mobile Banking,"One Finance, Inc.",1494523953,False
appstore_itunes,top-free,6015,9,Chase Mobile®: Bank & Invest,JPMorgan Chase & Co.,298867247,False
appstore_itunes,top-free,6015,10,Polymarket: Trade Live Sports,Polymarket,6648798962,False
appstore_itunes,top-free,6015,11,Klarna: Smarter everyday money,Klarna Bank AB,1115120118,False
appstore_itunes,top-free,6015,12,Progressive,Progressive Insurance,349731802,False
appstore_itunes,top-free,6015,13,Wells Fargo Mobile®,Wells Fargo,311548709,False
appstore_itunes,top-free,6015,14,Fidelity Investments,Fidelity Investments,348177453,False
appstore_itunes,top-free,6015,15,Rocket Money - Bills & Budgets,Rocket Money,1130616675,False
appstore_itunes,top-free,6015,16,State Farm®,State Farm Mutual Automobile Insurance Company,318142137,False
appstore_itunes,top-free,6015,17,Bank of America Mobile Banking,Bank of America,284847138,False
appstore_itunes,top-free,6015,18,GEICO Mobile - Car Insurance,GEICO,331763096,False
appstore_itunes,top-free,6015,19,Intuit Credit Karma,"Credit Karma, Inc.",519817714,False
appstore_itunes,top-free,6015,20,"SoFi: Bank, Invest & Crypto","Social Finance, LLC",1191985736,False
appstore_itunes,top-free,6015,21,Citi Mobile®,Citibank,301724680,False
appstore_itunes,top-free,6015,22,Experian®,Experian,1087101090,False
appstore_itunes,top-free,6015,23,Robinhood: Trading & Investing,"Robinhood Markets, Inc.",938003185,False
appstore_itunes,top-free,6015,24,"Dave: Credit, Cash & Money App","Dave, Inc",1193801909,False
appstore_itunes,top-free,6015,25,Amex,American Express,362348516,False
appstore_itunes,top-free,6015,26,MySynchrony,Synchrony Financial,1280992496,False
appstore_itunes,top-free,6015,27,Atlas - Rewards Credit Card,Exto Inc.,1617487581,False
appstore_itunes,top-free,6015,28,ebtEDGE NEW!,FIS,6751549725,False
appstore_itunes,top-free,6015,29,Tilt: Cash Advance & Credit,"Tilt Finance, Inc.",1136397354,False
appstore_itunes,top-free,6015,30,Empower ®,"Empower Retirement, LLC",1001257338,False
appstore_itunes,top-free,6015,31,Remitly: Send money & transfer,Remitly Inc,674258465,False
appstore_itunes,top-free,6015,32,Grant Cash Advance,Kikoff Inc.,6472350114,False
appstore_itunes,top-free,6015,33,Testerup: Test & Earn Rewards,aestimium GmbH,1241984225,False
appstore_itunes,top-free,6015,34,Coinbase: Buy Crypto & Stocks,"Coinbase, Inc.",886427730,False
appstore_itunes,top-free,6015,35,U.S. Bank Mobile Banking,U.S. Bancorp,458734623,False
appstore_itunes,top-free,6015,36,Cleo AI: Cash Advance & Budget,Cleo AI Ltd,1447274646,False
appstore_itunes,top-free,6015,37,Current - Mobile Banking,"Finco Services, Inc.",1077366211,False
appstore_itunes,top-free,6015,38,TradingView: Track All Markets,TradingView,1205990992,False
appstore_itunes,top-free,6015,39,Bilt Rewards,"Bilt Technologies, Inc.",1565576987,False
appstore_itunes,top-free,6015,40,"Zip - Buy Now, Pay Later","Zip Co US, Inc.",1425045070,False
appstore_itunes,top-free,6015,41,Credit One Bank Mobile,"Credit One Bank, N.A.",1128712763,False
appstore_itunes,top-free,6015,42,Rocco - Fast Cash Advance,Rocco Finance Inc.,6764022479,False
appstore_itunes,top-free,6015,43,Allstate® Mobile,Allstate Insurance Company,364376344,False
appstore_itunes,top-free,6015,44,NetBenefits,Fidelity Investments,640179084,False
appstore_itunes,top-free,6015,45,Taptap Send: Money Transfer,"Taptap Send, Inc.",1413346006,False
appstore_itunes,top-free,6015,46,Brigit: Cash Advance & Credit,Brigit Inc,1341884073,False
appstore_itunes,top-free,6015,47,Varo Bank: Online Banking,Varo Money inc,1517676784,False
appstore_itunes,top-free,6015,48,Lenme: Borrowing and Lending,Lenme Inc.,1409169287,False
appstore_itunes,top-free,6015,49,Klover - Instant Cash Advance,"Klover Holdings, Inc.",1471211372,False
appstore_itunes,top-free,6015,50,DailyPay On-Demand Pay,Daily Pay Inc.,1399085077,False
appstore_itunes,top-free,6016,2,TikTok Pro - Events,TikTok Ltd.,6741796873,False
appstore_itunes,top-free,6016,3,PineDrama - Short Dramas,TikTok Ltd.,6754134922,False
appstore_itunes,top-free,6016,5,"TikTok - Videos, Shop & LIVE",TikTok Ltd.,835599320,False
appstore_itunes,top-free,6016,7,"Ticketmaster－Buy, Sell Tickets",Ticketmaster,500003565,False
appstore_itunes,top-free,6016,8,Netflix Game Controller,"Netflix, Inc.",6447582581,False
appstore_itunes,top-free,6016,10,HBO Max: Stream Movies & TV,"WarnerMedia Global Digital Services, LLC",1666653815,False
appstore_itunes,top-free,6016,11,PLAYFUL REWARDS: Earn Rewards,Playful Rewards,1631584032,False
appstore_itunes,top-free,6016,15,Roku Remote (Official),ROKU INC,482066631,False
appstore_itunes,top-free,6016,16,VIZIO | WatchFree+,VIZIO,1054033219,False
appstore_itunes,top-free,6016,19,Tubi: Movies & Live TV,"Tubi, Inc",886445756,False
appstore_itunes,top-free,6016,20,Paramount+,CBS Interactive,530168168,False
appstore_itunes,top-free,6016,21,YouTube TV,Google,1193350206,False
appstore_itunes,top-free,6016,22,SeatGeek - Buy Event Tickets,"SeatGeek, Inc.",582790430,False
appstore_itunes,top-free,6016,23,Peacock TV: Stream TV & Movies,Peacock TV LLC,1508186374,False
appstore_itunes,top-free,6016,24,StubHub: Event Tickets,StubHub Inc.,366562751,False
appstore_itunes,top-free,6016,25,AXS Tickets,AXS,679805463,False
appstore_itunes,top-free,6016,26,Hulu: Stream TV shows & movies,"Hulu, LLC",376510438,False
appstore_itunes,top-free,6016,28,Soda Reels,STATION DEPART POINT,6758488784,False
appstore_itunes,top-free,6016,29,JustPlay: Earn Loyalty Rewards,Gimica GmbH,6444946155,False
appstore_itunes,top-free,6016,30,Eventbrite,Eventbrite,487922291,False
appstore_itunes,top-free,6016,32,Posh – Create & Find Events,Posh Group Inc.,1556928106,False
appstore_itunes,top-free,6016,35,"FOX One: Live News, Sports, TV","Fox Digital Services, LLC",6746049430,False
appstore_itunes,top-free,6016,37,TickPick: No Fee Tickets,TickPick,789844385,False
appstore_itunes,top-free,6016,38,Amazon Fire TV,AMZN Mobile LLC,947984433,False
appstore_itunes,top-free,6016,39,Fubo: Watch Live TV & Sports,fuboTV Inc.,905401434,False
appstore_itunes,top-free,6016,40,PlayStation App,PlayStation Mobile Inc.,410896080,False
appstore_itunes,top-free,6016,42,Pluto TV: Watch Free Movies/TV,Pluto.tv,751712884,False
appstore_itunes,top-free,6016,43,Gametime - Last Minute Tickets,Gametime United Inc.,630687854,False
appstore_itunes,top-free,6016,44,Pocket FM: Audio Dramas,Pocket FM Corp,1538433480,False
appstore_itunes,top-free,6016,45,Watch TBS,"Turner Broadcasting System, Inc.",462780547,False
appstore_itunes,top-free,6016,46,Drama: Watch Short Stories,Kuku Technologies Limited,6768240254,False
appstore_itunes,top-free,6016,48,OOC: The Playable Anime,New AI Entertainment Inc.,6761247061,False
appstore_itunes,top-free,6016,49,ShortMax - Short Dramas & TV,SHORTTV LIMITED,6464002625,False
appstore_itunes,top-free,6016,50,PolyBuzz: Chat with Characters,CLOUD WHALE INTERACTIVE TECHNOLOGY LLC.,6449190344,False
appstore_itunes,top-free,6017,2,Gauth: AI Study Companion,GAUTHTECH PTE. LTD.,1542571008,False
appstore_itunes,top-free,6017,3,BigFuture School,The College Board,6462904878,False
appstore_itunes,top-free,6017,6,ParentSquare,ParentSquare,908126679,False
appstore_itunes,top-free,6017,7,Imprint: Visual Micro Learning,"Polywise, Inc.",1482780647,False
appstore_itunes,top-free,6017,8,Canvas by Instructure,Instructure Inc.,480883488,False
appstore_itunes,top-free,6017,10,ClassDojo,"ClassDojo, Inc.",552602056,False
appstore_itunes,top-free,6017,11,PowerSchool Mobile,PowerSchool Group LLC,973741088,False
appstore_itunes,top-free,6017,12,Deepstash: Smarter Every Day!,"Brainstash, Inc",1445023295,False
appstore_itunes,top-free,6017,13,Gizmo: AI Tutor,Save All,1610516671,False
appstore_itunes,top-free,6017,14,Remind: School Communication,ParentSquare,522826277,False
appstore_itunes,top-free,6017,17,Kahoot! Play & Create Quizzes,Kahoot ASA,1131203560,False
appstore_itunes,top-free,6017,18,PictureThis - Plant Identifier,Glority Global Group Ltd.,1252497129,False
appstore_itunes,top-free,6017,19,LangLearn: AI English Tutor,AIFLAME TECHNOLOGY PTE. LTD.,6744358897,False
appstore_itunes,top-free,6017,20,Lingvano - Learn Sign Language,Lingvano GmbH,1547252782,False
appstore_itunes,top-free,6017,22,DMV Practice Test 2026 myDMV,Kain Suite Pte. Ltd.,1625234008,False
appstore_itunes,top-free,6017,23,Micro Learning - SmartyMe,ApexTech Ltd,6736654449,False
appstore_itunes,top-free,6017,24,Campus Student,"Infinite Campus, Inc.",1384542200,False
appstore_itunes,top-free,6017,25,Clever,Clever Inc.,1134186971,False
appstore_itunes,top-free,6017,26,brightwheel: Child Care App,"DSSV, Inc.",902823296,False
appstore_itunes,top-free,6017,27,Knowunity: AI Study & Homework,Knowunity GmbH,1484296272,False
appstore_itunes,top-free,6017,28,Common App,The Common Application,1533688509,False
appstore_itunes,top-free,6017,29,Ziggy: Learn ASL Sign Language,OneDegree Labs,6781227577,False
appstore_itunes,top-free,6017,30,ParentVUE (New),Edupoint Educational Systems,6504305881,False
appstore_itunes,top-free,6017,31,Elevate - Brain Training Games,The Mind Company,875063456,False
appstore_itunes,top-free,6017,32,Lingokids: Games & Shows,Monkimun Inc,1002043426,False
appstore_itunes,top-free,6017,33,Solvely - AI Study Tools,Aignite Inc.,6446930976,False
appstore_itunes,top-free,6017,34,SkyView® Lite,Terminal Eleven LLC,413936865,False
appstore_itunes,top-free,6017,35,Vocabulary - Learn words daily,Monkey Taps,1084540807,False
appstore_itunes,top-free,6017,36,ASL Bloom - Sign Language,SignLab AS,1631587710,False
appstore_itunes,top-free,6017,37,ABCmouse: Kids Learning Games,"Age of Learning, Inc.",6460300848,False
appstore_itunes,top-free,6017,38,Epic - Kids' Books & Reading,"Epic Creations, Inc.",719219382,False
appstore_itunes,top-free,6017,39,FaithStudy – Bible Study Guide,Forerunner Technology Limited (HK),6751494810,False
appstore_itunes,top-free,6017,41,Schoology,PowerSchool Group LLC,411766326,False
appstore_itunes,top-free,6017,42,"IXL - Math, English, & More",IXL Learning,693689912,False
appstore_itunes,top-free,6017,43,Skyward Mobile Access,Skyward Inc,502635374,False
appstore_itunes,top-free,6017,44,Impulse - Brain Training,GMRD Apps Limited,1451295827,False
appstore_itunes,top-free,6017,45,Zutobi: Permit & Driving Prep,Zutobi AB,1394069110,False
appstore_itunes,top-free,6017,46,Campus Parent,"Infinite Campus, Inc.",1384542785,False
appstore_itunes,top-free,6017,47,FAMILIES | TalkingPoints,TalkingPoints Corp,1320244591,False
appstore_itunes,top-free,6017,48,StudentVUE (New),Edupoint Educational Systems,6618112702,False
appstore_itunes,top-free,6017,49,Parrot: Learn Spanish Language,Parrot Learning Inc.,6736955121,False
appstore_itunes,top-free,6017,50,Simply Draw: Learn to Draw,Simply Ltd,1639875485,False
appstore_itunes,top-free,6024,1,Vinted: Pre-loved marketplace,Vinted Limited,632064380,False
appstore_itunes,top-free,6024,2,Depop - Buy & Sell Clothes,Depop Ltd,518684914,False
appstore_itunes,top-free,6024,3,"Shop: Track, Pay, Discover",Shopify Inc.,1223471316,False
appstore_itunes,top-free,6024,5,Walmart: Shopping & Savings,Walmart,338137227,False
appstore_itunes,top-free,6024,7,Koupon: Real Deals & Codes,Koupon Inc.,6472232952,False
appstore_itunes,top-free,6024,8,Capital One Shopping: Save Now,"Wikibuy, LLC",1089294040,False
appstore_itunes,top-free,6024,9,"Whatnot: Shop, Sell, Connect",Whatnot Inc.,1488269261,False
appstore_itunes,top-free,6024,10,DealSeek: Coupons & Discounts,DealSeek LLC,6745274862,False
appstore_itunes,top-free,6024,11,Rips by Triumph,Triumph Arcade,6751921248,False
appstore_itunes,top-free,6024,13,Quince: Luxury Essentials,Lastbrand Inc,6670251421,False
appstore_itunes,top-free,6024,14,Costco,Costco Wholesale Corporation,535509415,False
appstore_itunes,top-free,6024,16,Target: Shop. Style. Save.,Target,297430070,False
appstore_itunes,top-free,6024,17,eBay online shopping & selling,eBay Inc.,282614216,False
appstore_itunes,top-free,6024,18,"Affirm: Buy now, pay over time","Affirm, Inc.",967040652,False
appstore_itunes,top-free,6024,19,Fetch: Earn Rewards Every Day,"Fetch Rewards, LLC",1182474649,False
appstore_itunes,top-free,6024,20,Circle K,CircleK,1592397814,False
appstore_itunes,top-free,6024,22,Best Buy: Tech Deals & Savings,"Best Buy Co., Inc.",314855255,False
appstore_itunes,top-free,6024,23,Etsy: Shop from Real People,"Etsy, Inc.",477128284,False
appstore_itunes,top-free,6024,24,Wayfair – Shop All Things Home,Wayfair LLC,836767708,False
appstore_itunes,top-free,6024,25,Sam's Club Shopping & Delivery,Sam’s Club,382497397,False
appstore_itunes,top-free,6024,26,Walgreens,Walgreen Co.,335364882,False
appstore_itunes,top-free,6024,27,The Home Depot,"The Home Depot, Inc.",342527639,False
appstore_itunes,top-free,6024,28,KashKick: Get paid to have fun,Besitos,1667151711,False
appstore_itunes,top-free,6024,29,Ulta Beauty: Makeup & Skincare,"Ulta Salon, Cosmetics & Fragrance, Inc",561930308,False
appstore_itunes,top-free,6024,30,Dollar General-Digital Coupons,"Dolgencorp, LLC",561311442,False
appstore_itunes,top-free,6024,31,ALDI Grocery Pickup & Delivery,ALDI International Services GmbH & Co. oHG,429396645,False
appstore_itunes,top-free,6024,32,Afterpay: Pay over time,Afterpay,1401019110,False
appstore_itunes,top-free,6024,33,Lowe's Home Improvement,"Lowe's Companies, Inc.",457954781,False
appstore_itunes,top-free,6024,34,OfferUp Buy & Sell Marketplace,OfferUp Inc.,468996152,False
appstore_itunes,top-free,6024,35,GovAuctions.com - Shop Surplus,Auctions,6752552771,False
appstore_itunes,top-free,6024,36,Sephora US: Makeup & Skincare,"Sephora USA, Inc",393328150,False
appstore_itunes,top-free,6024,37,DHgate-Online Wholesale Stores,Digital Trading Science & Technology (Beijing) Co. Ltd.,905869418,False
appstore_itunes,top-free,6024,38,Bath & Body Works | B&BW,"Bath & Body Works Brand Management, Inc.",1256027729,False
appstore_itunes,top-free,6024,40,Family Dollar,Family Dollar,1196434600,False
appstore_itunes,top-free,6024,41,Fashion Nova: Trendy Shopping,Fashion Nova Inc.,1367363988,False
appstore_itunes,top-free,6024,42,CARFAX - New & Used Cars,"CARFAX, Inc.",479267592,False
appstore_itunes,top-free,6024,43,"Sezzle: Buy Now, Pay Later",Sezzle,1434922495,False
appstore_itunes,top-free,6024,44,Victoria's Secret—Bras & More,Victoria's Secret,336860594,False
appstore_itunes,top-free,6024,45,BJs Wholesale Club,BJ's Wholesale Club,1287596508,False
appstore_itunes,top-free,6024,46,Chewy - Pet Care & Pharmacy,"Chewy, Inc.",1149449468,False
appstore_itunes,top-free,6024,47,Groupon - Local Deals Near Me,"Groupon, Inc.",352683833,False
appstore_itunes,top-free,6024,48,Kohl's - Shopping & Discounts,Kohl’s,472014516,False
appstore_itunes,top-free,6024,49,Poshmark: Shop & Sell Fashion,"Poshmark, Inc.",470412147,False
appstore_itunes,top-free,6024,50,"Four | Buy Now, Pay Later","Four Technologies, Inc",1527063669,False
appstore_itunes,top-free,all,1,Muse from Meta,"Meta Platforms, Inc.",6760173601,False
appstore_itunes,top-free,all,2,Trump Accounts: Official App,U.S. Department of the Treasury,6767364919,False
appstore_itunes,top-free,all,3,Vinted: Pre-loved marketplace,Vinted Limited,632064380,False
appstore_itunes,top-grossing,all,3,"TikTok - Videos, Shop & LIVE",TikTok Ltd.,835599320,False
appstore_itunes,top-grossing,all,4,Peacock TV: Stream TV & Movies,Peacock TV LLC,1508186374,False
appstore_itunes,top-free,all,5,Amazon Prime Video,AMZN Mobile LLC,545519333,True
appstore_itunes,top-grossing,all,5,Snapchat,"Snap, Inc.",447188370,True
appstore_itunes,top-free,all,6,McDonald's,McDonald's USA,922103212,False
appstore_itunes,top-grossing,all,6,Paramount+,CBS Interactive,530168168,False
appstore_itunes,top-free,all,7,TikTok Pro - Events,TikTok Ltd.,6741796873,False
appstore_itunes,top-grossing,all,9,Crunchyroll,"Crunchyroll, LLC",329913454,True
appstore_itunes,top-grossing,all,10,MONOPOLY GO!,"Scopely, Inc.",1621328561,False
appstore_itunes,top-grossing,all,11,HBO Max: Stream Movies & TV,"WarnerMedia Global Digital Services, LLC",1666653815,False
appstore_itunes,top-free,all,12,Kalshi: Trade Football & more,KalshiEX LLC,1632713844,False
appstore_itunes,top-free,all,13,PineDrama - Short Dramas,TikTok Ltd.,6754134922,False
appstore_itunes,top-grossing,all,15,LinkedIn: Community & Network,LinkedIn Corporation,288429040,True
appstore_itunes,top-free,all,16,Freecash - Get Paid Real Money,Freecash - Get Paid Real Money,1673567402,True
appstore_itunes,top-free,all,18,Be My Eyes,Be My Eyes,905177575,False
appstore_itunes,top-free,all,19,"TikTok - Videos, Shop & LIVE",TikTok Ltd.,835599320,False
appstore_itunes,top-grossing,all,20,Gmail - Email by Google,Google,422689480,True
appstore_itunes,top-free,all,21,APTV,"Suzhou Xiying Guangnian Technology Co., Ltd",1630403500,True
appstore_itunes,top-grossing,all,21,Facebook,"Meta Platforms, Inc.",284882215,True
appstore_itunes,top-free,all,22,Depop - Buy & Sell Clothes,Depop Ltd,518684914,False
appstore_itunes,top-grossing,all,22,Candy Crush Saga,King,553834731,False
appstore_itunes,top-free,all,23,Instagram,"Instagram, Inc.",389801252,True
appstore_itunes,top-grossing,all,24,Life360: Family Safety & GPS,Life360,384830320,True
appstore_itunes,top-free,all,25,"Shop: Track, Pay, Discover",Shopify Inc.,1223471316,False
appstore_itunes,top-grossing,all,26,Amazon Prime Video,AMZN Mobile LLC,545519333,True
appstore_itunes,top-free,all,27,Walmart: Shopping & Savings,Walmart,338137227,False
appstore_itunes,top-grossing,all,27,Pandora: Music & Podcasts,"Pandora Media, LLC",284035177,False
appstore_itunes,top-free,all,28,Amazon Shopping,AMZN Mobile LLC,297606951,True
appstore_itunes,top-free,all,29,Microsoft Teams,Microsoft Corporation,1113153706,True
appstore_itunes,top-free,all,30,YouTube,Google,544007664,True
appstore_itunes,top-free,all,31,BlinkDrama - Short Dramas,Atlas Ventures Culture & Technology Limited,6768593043,True
appstore_itunes,top-free,all,32,Microsoft Authenticator,Microsoft Corporation,983156458,True
appstore_itunes,top-grossing,all,32,Audible: Audiobooks & Podcasts,"Audible, Inc.",379693831,False
appstore_itunes,top-free,all,34,Google Chrome,Google,535886823,True
appstore_itunes,top-grossing,all,34,Canva AI Photo & Video Editor,Canva,897446215,True
appstore_itunes,top-free,all,35,Shots: Photo & Video Generator,DeePix AI,6745820631,True
appstore_itunes,top-grossing,all,35,Hulu: Stream TV shows & movies,"Hulu, LLC",376510438,False
appstore_itunes,top-free,all,36,Capital One Mobile,Capital One,407558537,False
appstore_itunes,top-grossing,all,36,Grindr - Gay Dating & Chat,Grindr LLC,319881193,False
appstore_itunes,top-free,all,37,"DoorDash: Food, Grocery, More","DoorDash, Inc.",719972451,False
appstore_itunes,top-grossing,all,37,Dropbox: Cloud Storage Backup,"Dropbox, Inc.",327630330,True
appstore_itunes,top-grossing,all,38,onX Hunt: GPS Hunting Maps,"onXmaps, Inc.",672902340,False
appstore_itunes,top-free,all,39,"PayPal - Pay, Send, Save","PayPal, Inc.",283646709,True
appstore_itunes,top-grossing,all,39,Toon Blast,Peak Games,1176027022,False
appstore_itunes,top-grossing,all,40,NFL,NFL Enterprises LLC,389781154,False
appstore_itunes,top-free,all,41,Microsoft Copilot,Microsoft Corporation,541164041,True
appstore_itunes,top-grossing,all,41,X,X Corp.,333903271,True
appstore_itunes,top-free,all,42,Koupon: Real Deals & Codes,Koupon Inc.,6472232952,False
appstore_itunes,top-grossing,all,42,Twitch: Live Streaming,"Twitch Interactive, Inc.",460177396,False
appstore_itunes,top-grossing,all,43,Telegram Messenger,Telegram FZ-LLC,686449807,True
appstore_itunes,top-free,all,44,Cash App,"Block, Inc.",711923939,False
appstore_itunes,top-grossing,all,44,Last Z: Survival Shooter,Omnilojo Pte Ltd,6503272652,False
appstore_itunes,top-free,all,45,"Ticketmaster－Buy, Sell Tickets",Ticketmaster,500003565,False
appstore_itunes,top-grossing,all,45,"Discord - Talk, Play, Hang Out",Discord Inc.,985746746,True
appstore_itunes,top-free,all,46,Grok AI,X Corp.,6670324846,True
appstore_itunes,top-grossing,all,46,Hinge Dating App: Match & Date,"Hinge, Inc.",595287172,False
appstore_itunes,top-free,all,47,Capital One Shopping: Save Now,"Wikibuy, LLC",1089294040,False
appstore_itunes,top-grossing,all,47,NBA: Live Games & Scores,"NBA MEDIA VENTURES, LLC",484672289,False
appstore_itunes,top-free,all,48,"Whatnot: Shop, Sell, Connect",Whatnot Inc.,1488269261,False
appstore_itunes,top-free,all,49,Life360: Family Safety & GPS,Life360,384830320,True
appstore_itunes,top-free,all,50,Venmo,Venmo,351727428,False
appstore_itunes,top-grossing,all,50,MyFitnessPal: Calorie Counter,"MyFitnessPal, Inc.",341232718,False
gplay,top-free,APPLICATION,1,Muse from Meta,"Meta Platforms, Inc.",com.facebook.aura,False
gplay,top-paid,APPLICATION,1,HotSchedules,"Fourth Enterprises, LLC",com.tdr3.hs.android,False
gplay,top-grossing,APPLICATION,2,"TikTok - Videos, Shop & LIVE",TikTok Pte. Ltd.,com.zhiliaoapp.musically,False
gplay,top-paid,APPLICATION,2,Tasker,joaomgcd,net.dinglisch.android.taskerm,False
gplay,top-free,APPLICATION,3,TikTok Pro - Events,TikTok Pte. Ltd.,com.ss.android.ugc.tiktok.pro,False
gplay,top-paid,APPLICATION,3,FL Studio Mobile,Image-Line,com.imageline.FLM,False
gplay,top-grossing,APPLICATION,4,Amazon Shopping,Amazon Mobile LLC,com.amazon.mShop.android.shopping,True
gplay,top-paid,APPLICATION,4,TonalEnergy Tuner & Metronome,"TonalEnergy, Inc",com.sonosaurus.tonalenergytuner,False
gplay,top-free,APPLICATION,5,DealSeek: Coupons & Discounts,DealSeek LLC,com.dealseekorg.dealseek,False
gplay,top-free,APPLICATION,6,"TikTok - Videos, Shop & LIVE",TikTok Pte. Ltd.,com.zhiliaoapp.musically,False
gplay,top-grossing,APPLICATION,6,Peacock TV: Stream TV & Movies,Peacock TV LLC,com.peacocktv.peacockandroid,False
gplay,top-paid,APPLICATION,6,Goblin Tools,Skyhook Belgium,com.goblintools,False
gplay,top-free,APPLICATION,7,PineDrama - Short Dramas,TikTok Pte. Ltd.,com.ss.android.ttmd.video,False
gplay,top-grossing,APPLICATION,7,Crunchyroll: Anime Streaming,"Crunchyroll, LLC",com.crunchyroll.crunchyroid,False
gplay,top-paid,APPLICATION,7,Fallout Pip-Boy SE Watch Face,Facer Studios,com.facer.pipboy_se,False
gplay,top-free,APPLICATION,8,Vinted: Shop & sell pre-loved,Vinted,fr.vinted,False
gplay,top-grossing,APPLICATION,8,HBO Max: Stream TV & Movies,"WarnerMedia Global Digital Services, LLC",com.wbd.stream,False
gplay,top-paid,APPLICATION,8,Haunting Hours: Watch Face,Nataša Petek,com.natasadev.watchface.hauntinghours,False
gplay,top-free,APPLICATION,9,BlinkDrama: Short Dramas & TV,Atlas Ventures Culture & Technology Limited,com.blink.drama.player,False
gplay,top-grossing,APPLICATION,9,Paramount+,"CBS Interactive, Inc.",com.cbs.app,False
gplay,top-paid,APPLICATION,9,PER23 Digital Watch Face,PERSONA Watch Face,com.watchfacestudio.per023pro,False
gplay,top-free,APPLICATION,10,PDF Reader: Documents Master,Praya,com.pdfreader.master.utgerful,False
gplay,top-paid,APPLICATION,10,OneUI Widgets,JustNewDesigns,com.jndapp.oneui.widgets.pack,False
gplay,top-grossing,APPLICATION,11,Pocket FM: Audio Dramas,PocketFM,com.radio.pocketfm,False
gplay,top-paid,APPLICATION,11,Spirit Talker ®,Spotted: Ghosts,com.SpottedGhosts.SpiritTalker,False
gplay,top-free,APPLICATION,12,TikTok Lite - Faster TikTok,TikTok Pte. Ltd.,com.tiktok.lite.go,False
gplay,top-grossing,APPLICATION,12,Audible: Audiobooks & Podcasts,"Audible, Inc.",com.audible.application,False
gplay,top-paid,APPLICATION,12,PXPlay: Remote Play,GF Frame Technologies (Streaming Dev),psplay.grill.com,False
gplay,top-grossing,APPLICATION,13,Pandora - Music & Podcasts,Pandora,com.pandora.android,False
gplay,top-paid,APPLICATION,13,NewThing Widgets Pro,AppsLab Co.,com.appslab.nothing.widgetspro,False
gplay,top-free,APPLICATION,14,Nexus - AI Video Generator,DQL TechLab,ai.photogenerator.aivideo.aivideogenerator.aiart,False
gplay,top-paid,APPLICATION,14,AlfaOBD,AlfaOBD Autodiag,com.AlfaOBD.AlfaOBD,False
gplay,top-free,APPLICATION,15,Cash App,"Block, Inc.",com.squareup.cash,False
gplay,top-paid,APPLICATION,15,e-Sword: Bible Study to Go,Rick Meyers,net.esword.esword,False
gplay,top-grossing,APPLICATION,16,Life360: Family Safety & GPS,Life360,com.life360.android.safetymapd,False
gplay,top-paid,APPLICATION,16,MobileSheets,Zubersoft,com.zubersoft.mobilesheetspro,False
gplay,top-free,APPLICATION,17,Messenger,"Meta Platforms, Inc.",com.facebook.orca,False
gplay,top-paid,APPLICATION,17,BuzzKill Notification Manager,Sam Ruston,com.samruston.buzzkill,False
gplay,top-paid,APPLICATION,18,NFC Tools - Pro Edition,wakdev,com.wakdev.nfctools.pro,False
gplay,top-free,APPLICATION,19,McDonald's,"McDonalds USA, LLC",com.mcdonalds.app,False
gplay,top-grossing,APPLICATION,19,Twitch: Live Streaming,"Twitch Interactive, Inc.",tv.twitch.android.app,False
gplay,top-paid,APPLICATION,19,QuickBend: Conduit Bending,Bret H. Hardman,hardman.bret.quickbend.pro,False
gplay,top-free,APPLICATION,20,Kalshi: Trade Football & more,KalshiEX LLC,com.kalshi.mobile,False
gplay,top-grossing,APPLICATION,20,Amazon Kindle: Reading App,Amazon Mobile LLC,com.amazon.kindle,False
gplay,top-paid,APPLICATION,20,iTest Battery,Hugh Jeffreys,com.hughjeffreyssoftware.iTest_Battery,False
gplay,top-free,APPLICATION,21,CapCut - Video Editor,Bytedance Pte. Ltd.,com.lemon.lvoverseas,True
gplay,top-paid,APPLICATION,21,MCEqual - EQ for Android,corelogiclabs,com.nerdykidapps21.carequalizermc,False
gplay,top-free,APPLICATION,22,TextNow: Call + Text Unlimited,"TextNow, Inc.",com.enflick.android.TextNow,False
gplay,top-paid,APPLICATION,22,LiveATC for Android,LiveATC,net.liveatc.liveatc_app,False
gplay,top-grossing,APPLICATION,23,Hinge Dating App: Match & Date,"Hinge, Inc.",co.hinge.app,False
gplay,top-paid,APPLICATION,23,PER32 Ultra Hybrid Watch Face,PERSONA Watch Face,com.watchfacestudio.per32,False
gplay,top-free,APPLICATION,24,Snapchat,Snap Inc,com.snapchat.android,False
gplay,top-grossing,APPLICATION,24,onX Hunt: Offline Hunting Maps,onXmaps,onxmaps.hunt,False
gplay,top-paid,APPLICATION,24,Paper of Time - Watch Face,EK Watch Faces™,com.ekwatchfaces.paperoftime,False
gplay,top-free,APPLICATION,26,Walmart: Shopping & Savings,Walmart,com.walmart.android,False
gplay,top-grossing,APPLICATION,26,Snapchat,Snap Inc,com.snapchat.android,False
gplay,top-paid,APPLICATION,26,PER27 Digital Watch Face,PERSONA Watch Face,com.watchfacestudio.per27,False
gplay,top-paid,APPLICATION,27,Plezy: Media Server Client,edde746,com.edde746.plezy,False
gplay,top-free,APPLICATION,28,Tubi: Free Movies & Live TV,Tubi TV,com.tubitv,False
gplay,top-grossing,APPLICATION,28,Tipsy Chat: Live Your Story,krachdev,com.tipsyturbo.app,False
gplay,top-paid,APPLICATION,28,Monash University FODMAP diet,Monash University Low FODMAP diet team,com.monashuniversity.fodmap,False
gplay,top-paid,APPLICATION,29,Wagotabi: Learn Japanese,Wagotabi Ltd,com.WagotabiLimited.Wagotabi,False
gplay,top-free,APPLICATION,30,"PayPal - Pay, Send, Save",PayPal Mobile,com.paypal.android.p2pmobile,False
gplay,top-paid,APPLICATION,30,Solocator - GPS Field Camera,Civi Corp,com.solocator,False
gplay,top-free,APPLICATION,31,Microsoft Teams,Microsoft Corporation,com.microsoft.teams,True
gplay,top-grossing,APPLICATION,31,Facebook,"Meta Platforms, Inc.",com.facebook.katana,True
gplay,top-paid,APPLICATION,31,MD339 Digital watch face,Matteo Dini MD ® Watch Faces,com.watchfacestudio.md339,False
gplay,top-free,APPLICATION,32,TimeCue – Reminders & Alerts,Classified Prime LLc,com.reminder.alert.timecue,False
gplay,top-paid,APPLICATION,32,Glass Widgets,AppsLab Co.,com.appslab.glass.widgets,False
gplay,top-free,APPLICATION,33,Easy Homescreen,Homescreen Apps,easy.launcher,False
gplay,top-grossing,APPLICATION,33,Fandango: Movies & Series,Fandango Media,air.com.vudu.air.DownloaderTablet,False
gplay,top-paid,APPLICATION,33,OnePro (Dark) - Icon Pack,Eatos,com.eatos.onedarkpro,False
gplay,top-free,APPLICATION,34,StoryReel: Drama Shorts & TV,Equinox Enterprises‌ Technology Limited,com.storyreel.tv.android,False
gplay,top-grossing,APPLICATION,34,Prime Video,Amazon Mobile LLC,com.amazon.avod.thirdpartyclient,False
gplay,top-paid,APPLICATION,34,Compass,Fatih Balsoy,com.balsoy.fatih.compass,False
gplay,top-free,APPLICATION,35,FreeDrama: Short Drama & Reels,Kuku Technologies Limited,com.drama.free,False
gplay,top-grossing,APPLICATION,35,Grindr - Gay Dating & Chat,Grindr LLC,com.grindrapp.android,False
gplay,top-paid,APPLICATION,35,SkyView® Explore the Universe,Terminal Eleven LLC,com.t11.skyview,False
gplay,top-free,APPLICATION,36,Microsoft Authenticator,Microsoft Corporation,com.azure.authenticator,True
gplay,top-grossing,APPLICATION,36,NFL,NFL Enterprises LLC,com.gotv.nflgamecenter.us.lite,False
gplay,top-paid,APPLICATION,36,Nixie Digital - Wear OS Face,Inspire Watch,ae.A.A10,False
gplay,top-free,APPLICATION,37,Indeed Job Search,Indeed Jobs,com.indeed.android.jobsearch,True
gplay,top-paid,APPLICATION,37,MilGPS PRO,Military App,com.milgpspro.jsps,False
gplay,top-paid,APPLICATION,38,ReadEra Premium – ebook reader,READERA LLC,org.readera.premium,False
gplay,top-free,APPLICATION,39,"Shop: Track, Pay, Discover",Shopify Inc.,com.shopify.arrive,False
gplay,top-grossing,APPLICATION,39,Paramount+,"CBS Interactive, Inc.",com.cbs.ott,False
gplay,top-paid,APPLICATION,39,Koala Sampler,elf audio,com.elf.koalasampler,False
gplay,top-free,APPLICATION,40,T-Life,T-Mobile USA,com.tmobile.tuesdays,False
gplay,top-paid,APPLICATION,40,Threema. The Secure Messenger,Threema AG,ch.threema.app,False
gplay,top-grossing,APPLICATION,41,Wyze - Never Wonder,Wyze Labs Inc.,com.hualai,False
gplay,top-paid,APPLICATION,41,MD307 Digital watch face,Matteo Dini MD ® Watch Faces,com.watchfacestudio.md307digital,False
gplay,top-free,APPLICATION,42,Amazon Shopping,Amazon Mobile LLC,com.amazon.mShop.android.shopping,True
gplay,top-paid,APPLICATION,42,RE68 - Digital Neon Runner,RECREATIVE Watch Faces,com.A0Re.recreative68,False
gplay,top-free,APPLICATION,43,"Whatnot: Shop, Sell, Connect",Whatnot Inc.,com.whatnot_mobile,False
gplay,top-paid,APPLICATION,43,Beacon Game Launcher,NERDS TAKE OVER,com.radikal.gamelauncher,False
gplay,top-free,APPLICATION,44,Life360: Family Safety & GPS,Life360,com.life360.android.safetymapd,False
gplay,top-grossing,APPLICATION,44,Adobe Acrobat Reader: Edit PDF,Adobe,com.adobe.reader,True
gplay,top-paid,APPLICATION,44,MINIMAA: Minimalist Launcher,Bract Studio,com.minimaa.minimal.detox.launcher,False
gplay,top-paid,APPLICATION,45,Easy Voice Recorder Pro,Digipom,com.digipom.easyvoicerecorder.pro,False
gplay,top-grossing,APPLICATION,46,Sling: Live TV + Freestream,Sling TV,com.sling,False
gplay,top-paid,APPLICATION,46,MD326 3D Modern Watch Face,Matteo Dini MD ® Watch Faces,com.watchfacestudio.md326,False
gplay,top-free,APPLICATION,47,"FOX One: Live News, Sports, TV","Fox Digital Services, LLC",com.fox.foxone,False
gplay,top-grossing,APPLICATION,47,"Apple TV: Shows, Movies & More",Apple,com.apple.atve.androidtv.appletv,False
gplay,top-paid,APPLICATION,47,Knot IQ: 3D Knot Tying,The Bear Essentials Outdoors Co. LTD.,com.bearessentials.knotIQ,False
gplay,top-free,APPLICATION,48,Venmo,PayPal Mobile,com.venmo,False
gplay,top-paid,APPLICATION,48,Panda Mouse Pro,Panda Gaming Studio,com.panda.mouse,False
gplay,top-free,APPLICATION,49,Cleanup: Phone Storage Cleaner,Deep Flow Apps,com.storage.androidcleaner,True
gplay,top-grossing,APPLICATION,49,Cleanup: Phone Storage Cleaner,Deep Flow Apps,com.storage.androidcleaner,True
gplay,top-paid,APPLICATION,49,Open Headunit,André Rinas,com.andrerinas.headunitrevived,False
gplay,top-grossing,APPLICATION,50,Norton360 Antivirus & Security,NortonMobile,com.symantec.mobilesecurity,False
gplay,top-paid,APPLICATION,50,Fossify Thank You,Fossify,org.fossify.thankyou,False
gplay,top-free,BUSINESS,5,DoorDash - Dasher,DoorDash,com.doordash.driverapp,False
gplay,top-free,BUSINESS,6,ADP Mobile Solutions,"ADP, INC.",com.adpmobile.android,False
gplay,top-free,BUSINESS,7,Informed Delivery® Mobile,United States Postal Service®,com.usps.id45833,False
gplay,top-free,BUSINESS,8,Workday,"Workday, Inc.",com.workday.workdroidapp,False
gplay,top-free,BUSINESS,10,UKG Pro,"UKG, Inc.",com.ukg.oneapp,False
gplay,top-free,BUSINESS,11,Spark Driver,Walmart,com.walmart.sparkdriver,False
gplay,top-free,BUSINESS,12,Amazon Flex,Amazon Mobile LLC,com.amazon.flex.rabbit,False
gplay,top-free,BUSINESS,13,Shiftsmart - Find Work,Shiftsmart,com.shiftsmart.workerapp,False
gplay,top-free,BUSINESS,14,UPS,UPS,com.ups.mobile.android,False
gplay,top-free,BUSINESS,16,FedEx Mobile,FedEx,com.fedex.ida.android,False
gplay,top-free,BUSINESS,17,Duo Mobile,"Cisco Systems, Inc.",com.duosecurity.duomobile,False
gplay,top-free,BUSINESS,19,Job Search by ZipRecruiter,"ZipRecruiter, Inc.",com.ziprecruiter.android.release,False
gplay,top-free,BUSINESS,20,Paylocity,Paylocity,com.paylocity.paylocitymobile,False
gplay,top-free,BUSINESS,21,HHAeXchange+,Homecare Software Solutions LLC,com.hhaexchange.uma,False
gplay,top-free,BUSINESS,23,Bandana Job Search,Bandana,com.bandana.bandana,False
gplay,top-free,BUSINESS,25,Gocrypto: Crypto Trading,Gocrypto: Crypto Trading & Investment Simulator,academy.gocrypto.trading,False
gplay,top-free,BUSINESS,26,Square Point of Sale: Payment,"Block, Inc.",com.squareup,False
gplay,top-free,BUSINESS,27,USPS MOBILE®,United States Postal Service®,com.usps.app,False
gplay,top-free,BUSINESS,28,Shopify: Sell. Run a business.,Shopify Inc.,com.shopify.mobile,False
gplay,top-free,BUSINESS,29,MyWalmart,Walmart,com.walmart.squiggly,False
gplay,top-free,BUSINESS,30,Invoice Maker - Invoice Fly,Labhouse Mobile,io.labhouse.invoicesapp,False
gplay,top-free,BUSINESS,31,Roadie Driver,"Roadie, Inc.",com.roadie.drive.android.app,False
gplay,top-free,BUSINESS,33,Instawork: Be your own boss,Instawork,com.instaworkmobile,False
gplay,top-free,BUSINESS,34,Permission Guard,VY Technology Services,com.protect.permission.appmanage.guard,False
gplay,top-free,BUSINESS,35,Meta Business Suite,"Meta Platforms, Inc.",com.facebook.pages.app,False
gplay,top-free,BUSINESS,36,Dayforce,Dayforce,com.dayforce.mobile,False
gplay,top-free,BUSINESS,37,Cryptoguru: Trading Simulator,Crypto Guru Trading Academy and Simulator,one.cryptoguru.cryptotradingacademy,False
gplay,top-free,BUSINESS,38,Handshake: Jobs & AI work,Handshake (Stryder Corp.),com.joinhandshake.student,False
gplay,top-free,BUSINESS,39,Amazon A to Z,Amazon Mobile LLC,com.amazon.atozm,False
gplay,top-free,BUSINESS,40,Workvivo,Workvivo,com.workvivo.android,False
gplay,top-free,BUSINESS,41,Paychex Flex,"Paychex, Inc",net.itx.paychex,False
gplay,top-free,BUSINESS,42,UKG Ready,"UKG, Inc.",com.kronos.workforceready,False
gplay,top-free,BUSINESS,43,Public Storage,Public Storage Apps,com.publicstorage.officialapp,False
gplay,top-free,BUSINESS,44,Lyft Driver,"Lyft, Inc.",com.lyft.android.driver,False
gplay,top-free,BUSINESS,45,Connecteam Team Management App,Connecteam Inc.,com.connecteamco.Connecteam.app,False
gplay,top-free,BUSINESS,46,JobStack for Work | Daily Pay,TrueBlue®,org.peopleready.jobstack,False
gplay,top-free,BUSINESS,47,randstad: jobs for workers,randstad at work,exchange.ondemand.randstad.worker,False
gplay,top-free,BUSINESS,48,Grubhub for Drivers,Grubhub,com.grubhub.driver,False
gplay,top-free,BUSINESS,49,Maverik Rewards,"Maverik, Inc",com.maverik.rewards,False
gplay,top-free,BUSINESS,50,Package Tracker - pkge Mobile,DARADDO APPS LTD,net.pkge.pkge,False
gplay,top-free,EDUCATION,3,ABCmouse: Kids Learning Games,"Age of Learning, Inc.",com.aofl.abcmouse,False
gplay,top-free,EDUCATION,4,Gauth: AI Study Companion,GauthTech Pte. Ltd.,com.education.android.h.intelligence,False
gplay,top-free,EDUCATION,5,Deepstash: Smarter Every Day!,Deepstash,com.deepstash,False
gplay,top-free,EDUCATION,6,Linguza: AI English Tutor,NXL AI Solutions,com.nxl.aienglishtutor.ailearnlanguage.aichatbot,False
gplay,top-free,EDUCATION,7,ParentSquare,ParentSquare,com.parentsquare.psapp,False
gplay,top-free,EDUCATION,8,ClassDojo,ClassDojo,com.classdojo.android,False
gplay,top-free,EDUCATION,10,PBS KIDS Video,PBS KIDS,org.pbskids.video,False
gplay,top-free,EDUCATION,11,Fluza: AI Language Tutor,Vit Corp.,com.learnlanguage.speaklanguage.ailanguagechat,False
gplay,top-free,EDUCATION,12,Canvas By Instructure,Instructure,com.instructure.candroid,False
gplay,top-free,EDUCATION,14,Star Gazer - Astronomy Sky Map,LeoStudio Global Ltd.,skyview.star.map.stargazing,False
gplay,top-free,EDUCATION,16,Epic: Kids' Books & Reading,Epic Kids Inc.,com.getepic.Epic,False
gplay,top-free,EDUCATION,17,Lurnia: AI Language Tutor,Astronex,com.ailanguageassistant.languagetutor.learnlanguages,False
gplay,top-free,EDUCATION,18,PictureThis - Plant Identifier,Glority Global Group Ltd.,cn.danatech.xingseus,False
gplay,top-free,EDUCATION,19,Lingokids: Games & Shows,"Lingokids - Games, Shows & Songs for Kids",es.monkimun.lingokids,False
gplay,top-free,EDUCATION,20,Buddy.ai: Kids Learning Games,AI Buddy Inc.,ai.mybuddy.talkingflashcards_new,False
gplay,top-free,EDUCATION,21,IXL,IXL Learning,com.ixl.ixlmath,False
gplay,top-free,EDUCATION,22,WhatsApp Messenger,Zyventa Solution,com.zyventa.typerush,False
gplay,top-free,EDUCATION,23,Kahoot! Play & Create Quizzes,Kahoot!,no.mobitroll.kahoot.android,False
gplay,top-free,EDUCATION,24,Learn to Read: Reading.com,Teaching.com,teaching_com.reading_com,False
gplay,top-free,EDUCATION,25,BetterSpeak: AI Language Tutor,HubX,hubx.speak.now,False
gplay,top-free,EDUCATION,27,Lingtutor: AI English,MTD TECHNOLOGY COMPANY LIMITED,com.lingtutor.language.learn,False
gplay,top-free,EDUCATION,28,Imprint: Learn Visually,Polywise,com.polywise.lucid,False
gplay,top-free,EDUCATION,29,Simply Draw: Learn to Draw,Simply Ltd,com.hellosimply.simplydraw,False
gplay,top-free,EDUCATION,31,Remind: School Communication,Remind101,com.remind101,False
gplay,top-free,EDUCATION,32,PAW Patrol Academy,Play Piknik,com.originatorkids.paw,False
gplay,top-free,EDUCATION,33,BigFuture® School,Collegeboard,org.collegeboard.pivot,False
gplay,top-free,EDUCATION,34,Hilingo: Learn & Speak English,Pera Soft,com.perasoft.languageai,False
gplay,top-free,EDUCATION,35,Lingvano: Sign Language - ASL,Lingvano,com.lingvano.app,False
gplay,top-free,EDUCATION,36,DMV Permit Practice Test 2026,Astraler,com.astralerstudio.mydmv.android,False
gplay,top-free,EDUCATION,37,Khan Academy Kids,Khan Academy,org.khankids.android,False
gplay,top-free,EDUCATION,40,ActiVote: Voting & Politics,ActiVote Inc,net.activote.app,False
gplay,top-free,EDUCATION,41,Calculator,Prometheus Interactive LLC,apps.r.calculator,False
gplay,top-free,EDUCATION,42,brightwheel: Childcare App,brightwheel,co.kidcasa.app,False
gplay,top-free,EDUCATION,43,FAMILIES | TalkingPoints,TalkingPoints,org.talkingpoints.parents,False
gplay,top-free,EDUCATION,44,EngLearn Speak: AI Tutor,DQL TechLab,lingospeak.english.learnlanguage.speak,False
gplay,top-free,EDUCATION,45,Finelo: Master Trading,Finelo Limited,io.zimran.finelo,False
gplay,top-free,EDUCATION,46,Elyra: AI English Coach,Astronex AI,com.englishcoach.ai,False
gplay,top-free,EDUCATION,47,LangLearn: Language learning,mqcoder,com.langlearn.speak,False
gplay,top-free,EDUCATION,48,DMV Practice Test: Permit 2026,BrainSoft Apps,com.brainsoft.dmv.permit.driving.test,False
gplay,top-free,EDUCATION,49,English to Spanish Translator,Let's Roll Apps,com.english.spanishtranslator.traductor,False
gplay,top-free,EDUCATION,50,Language Learning: Pingo AI,"Pingo AI, Inc.",com.picoai.languageapp.android,False
gplay,top-free,FINANCE,1,Cash App,"Block, Inc.",com.squareup.cash,False
gplay,top-free,FINANCE,2,Kalshi: Trade Football & more,KalshiEX LLC,com.kalshi.mobile,False
gplay,top-free,FINANCE,4,"PayPal - Pay, Send, Save",PayPal Mobile,com.paypal.android.p2pmobile,False
gplay,top-free,FINANCE,5,Venmo,PayPal Mobile,com.venmo,False
gplay,top-free,FINANCE,6,OnePay – Mobile Banking,"ONE Finance, Inc.",com.onefinance.one,False
gplay,top-free,FINANCE,7,Chime® – Fee-Free Banking,Chime,com.onedebit.chime,False
gplay,top-free,FINANCE,8,Capital One Mobile,"Capital One Services, LLC",com.konylabs.capitalone,False
gplay,top-free,FINANCE,9,Trump Accounts: Official App,Department of the Treasury,gov.trumpaccounts.goldeneagle,False
gplay,top-free,FINANCE,10,Google Wallet,Google LLC,com.google.android.apps.walletnfcrel,False
gplay,top-free,FINANCE,11,ebtEDGE NEW!,Fidelity Information Services LLC,com.fis.ebt.nch,False
gplay,top-free,FINANCE,12,Chase Mobile,JPMorgan Chase,com.chase.sig.android,False
gplay,top-free,FINANCE,13,Progressive,Progressive Insurance,com.phonevalley.progressive,False
gplay,top-free,FINANCE,14,Propel EBT & SNAP Benefits,Propel Inc,com.propel.ebenefits,False
gplay,top-free,FINANCE,15,Testerup: Test & Earn Rewards,aestimium GmbH,de.empfohlen,False
gplay,top-free,FINANCE,16,Polymarket,Polymarket,com.polymarket.android,False
gplay,top-free,FINANCE,17,Wells Fargo Mobile®,Wells Fargo Mobile,com.wf.wellsfargomobile,False
gplay,top-free,FINANCE,18,"Dave: Credit, Cash & Money App",Dave Operating LLC,com.dave,False
gplay,top-free,FINANCE,19,Grant Cash Advance,Kikoff Inc.,com.kikoff.theseus,False
gplay,top-free,FINANCE,20,Bank of America Mobile Banking,Bank of America,com.infonow.bofa,False
gplay,top-free,FINANCE,21,"SoFi: Bank, Invest & Crypto","Social Finance, LLC",com.sofi.mobile,False
gplay,top-free,FINANCE,22,Klarna: Smarter everyday money,Klarna Bank AB (publ),com.myklarnamobile,False
gplay,top-free,FINANCE,23,State Farm®,State Farm Insurance,com.statefarm.pocketagent,False
gplay,top-free,FINANCE,24,Atlas - Rewards Credit Card,Exto Inc.,com.exto.arrow,False
gplay,top-free,FINANCE,25,PayMe - Claim Your Money,Prove It,com.kinetic.payme.app,False
gplay,top-free,FINANCE,26,Cleo AI: Cash Advance & Money,Cleo AI,com.meetcleo.cleo,False
gplay,top-free,FINANCE,27,MySynchrony,Synchrony,com.syf.mysynchrony,False
gplay,top-free,FINANCE,28,Remitly: Send Money & Transfer,Remitly,com.remitly.androidapp,False
gplay,top-free,FINANCE,29,Rocket Money - Bills & Budgets,Rocket Money - Bills & Budgets,com.truebill,False
gplay,top-free,FINANCE,30,Varo Bank: Online Banking,"Varo Bank, N.A.",com.varomoney.bank,False
gplay,top-free,FINANCE,31,Brigit: Cash Advance & Credit,Brigit,com.hellobrigit.Brigit,False
gplay,top-free,FINANCE,32,GEICO Mobile - Car Insurance,GEICO Insurance,com.geico.mobile,False
gplay,top-free,FINANCE,33,Intuit Credit Karma,"Credit Karma, LLC",com.creditkarma.mobile,False
gplay,top-free,FINANCE,34,Tilt: Cash Advance & Credit,Tilt Finance,finance.empower,False
gplay,top-free,FINANCE,35,Citi Mobile®,Citibank N.A.,com.citi.citimobile,False
gplay,top-free,FINANCE,36,Current - Mobile Banking,Current,com.current.app,False
gplay,top-free,FINANCE,37,Cash Advance Now - Bear Loan,EPUTSTG QUALITY,com.bear.loan.online.easy,False
gplay,top-free,FINANCE,38,Robinhood: Trading & Investing,Robinhood,com.robinhood.android,False
gplay,top-free,FINANCE,39,MoneyLion: Cash Advance App,MoneyLion Inc.,com.moneylion,False
gplay,top-free,FINANCE,40,Fidelity Investments,Fidelity Investments,com.fidelity.android,False
gplay,top-free,FINANCE,41,Klover - Instant Cash Advance,Klover Holdings,com.klovercredit.android_app,False
gplay,top-free,FINANCE,42,Bright: Loans & Credit Builder,Bright Money,com.brightcapital.app,False
gplay,top-free,FINANCE,43,Kikoff: Build Credit Quickly,Kikoff Inc.,com.kikoff,False
gplay,top-free,FINANCE,44,FloatMe: Fast Cash Advance App,FloatMe,io.floatme.floatmeapp,False
gplay,top-free,FINANCE,45,Coinbase: Buy Crypto & Stocks,Coinbase Inc,com.coinbase.android,False
gplay,top-free,FINANCE,46,Credit One Bank Mobile,"Credit One Bank, N.A.",com.creditonebank.mobile,False
gplay,top-free,FINANCE,47,U.S. Bank Mobile Banking,U.S. Bank Mobile,com.usbank.mobilebanking,False
gplay,top-free,FINANCE,48,Allstate Mobile,The Allstate Corporation,com.allstate.view,False
gplay,top-free,FINANCE,49,Experian®,Experian,com.experian.android,False
gplay,top-free,FINANCE,50,DailyPay On-Demand Pay,DailyPay Inc,com.DailyPay.DailyPay,False
gplay,top-free,HEALTH_AND_FITNESS,2,Planet Fitness,Planet Fitness,com.planetfitness,False
gplay,top-free,HEALTH_AND_FITNESS,3,healow,eClinicalWorks LLC,com.ecw.healow,False
gplay,top-free,HEALTH_AND_FITNESS,4,Health Care - Sound,HealthCare Fitness calorie mental for Android App,com.health.care.sleep.sound.pulse.heartbeat,False
gplay,top-free,HEALTH_AND_FITNESS,5,AI Health Tracker: BP & Blood,Superstring Tools,com.aihealthtracker.bpblood,False
gplay,top-free,HEALTH_AND_FITNESS,6,Blood Sugar & BP Tracker,Oxylab Studio,com.blood.sugar.pressure.monitor.app,False
gplay,top-free,HEALTH_AND_FITNESS,7,Finch: Self-Care Pet,Finch Care Public Benefit Corporation,com.finch.finch,False
gplay,top-free,HEALTH_AND_FITNESS,8,Step Tracker Launcher,AtomApplications,com.stepcounter.pedometer.steptracker.fitness.android,False
gplay,top-free,HEALTH_AND_FITNESS,9,Yuka - Food & Cosmetic Scanner,Yuka App,io.yuka.android,False
gplay,top-free,HEALTH_AND_FITNESS,10,PulseSense – Health Tracker,80UGame,com.healthpulsesense.pro,False
gplay,top-free,HEALTH_AND_FITNESS,11,"Strava: Run, Bike, Walk",Strava Inc.,com.strava,False
gplay,top-free,HEALTH_AND_FITNESS,12,VitaTrack-Focus on Your Health,80UGame,com.vita.track.health,False
gplay,top-free,HEALTH_AND_FITNESS,13,BP Health Log,Admin Whisperer,com.andwhisperer.bp.healthlog,False
gplay,top-free,HEALTH_AND_FITNESS,15,Health Tracker: BP Monitor App,HealthTracker Apps,com.bloodpressure.health.healthtracker,False
gplay,top-free,HEALTH_AND_FITNESS,16,"AllTrails: Hike, Bike & Run","AllTrails, LLC",com.alltrails.alltrails,False
gplay,top-free,HEALTH_AND_FITNESS,17,Flo Ovulation & Period Tracker,Flo Health Inc.,org.iggymedia.periodtracker,False
gplay,top-free,HEALTH_AND_FITNESS,18,MyFitnessPal: Calorie Counter,"MyFitnessPal, Inc.",com.myfitnesspal.android,False
gplay,top-free,HEALTH_AND_FITNESS,19,Artera: Blood Pressure App Log,iKame Applications - Begamob Global,com.ikame.bloodpressure.heartrate.monitor,False
gplay,top-free,HEALTH_AND_FITNESS,20,Blood Sugar Care: BP Monitor,Q7Go Developer,bp.bloodapp.surga.bloodtracker.app,False
gplay,top-free,HEALTH_AND_FITNESS,21,Google Health (Fitbit),Google LLC,com.fitbit.FitbitMobile,False
gplay,top-free,HEALTH_AND_FITNESS,22,Home Workout for Women,PT POLEWALI DIGITAL,homeworkout.launcher.forwomen.keepfit,False
gplay,top-free,HEALTH_AND_FITNESS,23,Stompers: Step & Walk Counter,"Stompers, LLC",com.stompers,False
gplay,top-free,HEALTH_AND_FITNESS,24,Dexcom G7,Dexcom,com.dexcom.g7,False
gplay,top-free,HEALTH_AND_FITNESS,25,Chair Workout at Home,BLUEBASE,chairworkout.homeworkout.seniorsworkout.easy.loseweight,False
gplay,top-free,HEALTH_AND_FITNESS,26,Google Fit: Activity Tracking,Google LLC,com.google.android.apps.fitness,False
gplay,top-free,HEALTH_AND_FITNESS,27,Cronometer: Calorie Counter,Cronometer Software Inc.,com.cronometer.android.gold,False
gplay,top-free,HEALTH_AND_FITNESS,28,PenguPace: Rewards for Steps,Scrambly,com.pengupace,False
gplay,top-free,HEALTH_AND_FITNESS,29,WeWard - Walk & Earn Rewards,WeWard,com.weward,False
gplay,top-free,HEALTH_AND_FITNESS,30,myCigna,Cigna,com.cigna.mobile.mycigna,False
gplay,top-free,HEALTH_AND_FITNESS,31,VeryFit,Smart Wearable Devices,com.watch.life,False
gplay,top-free,HEALTH_AND_FITNESS,33,Hinge Health,"Hinge Health, Inc.",com.hingehealth.phoenix,False
gplay,top-free,HEALTH_AND_FITNESS,34,HerBody - Home Workout,AnlinYu,com.womenfitness.xbodybuilding.workoutspro,False
gplay,top-free,HEALTH_AND_FITNESS,36,"Calm - Sleep, Meditate, Relax","Calm.com, Inc.",com.calm.android,False
gplay,top-free,HEALTH_AND_FITNESS,37,Impulse - Brain Training Games,GMRD Apps Limited,gen.tech.impulse.android,False
gplay,top-free,HEALTH_AND_FITNESS,38,Crunch Fitness,Crunch Gym,com.ideawork.icrunch,False
gplay,top-free,HEALTH_AND_FITNESS,39,Clue: Period & Cycle Tracker,Clue Period Tracker by BioWink,com.clue.android,False
gplay,top-free,HEALTH_AND_FITNESS,40,Glucera: Blood Sugar Log,iKame Applications - Begamob Global,com.begamob.bloodsugar,False
gplay,top-free,HEALTH_AND_FITNESS,41,Fitbod: Workout & Gym Planner,Fitbod,com.fitbod.fitbod,False
gplay,top-free,HEALTH_AND_FITNESS,42,Medbridge GO for Patients,Medbridge,com.medbridgeed.hep.go,False
gplay,top-free,HEALTH_AND_FITNESS,43,StepUp Pedometer Step Counter,StepUp Inc,com.thestepupapp.stepup,False
gplay,top-free,HEALTH_AND_FITNESS,44,Heart Tracker - Pulse Care,EdenToolsHub,com.hearttracker.pulsecare.tools,False
gplay,top-free,HEALTH_AND_FITNESS,45,FitCloudPro,topstep,com.topstep.fitcloudpro,False
gplay,top-free,HEALTH_AND_FITNESS,47,iFIT Personal Trainer,iFit,com.ifit.atlasapp,False
gplay,top-free,HEALTH_AND_FITNESS,48,WatchPAT,Itamar Medical,com.itamarmedical.watchpat,False
gplay,top-free,HEALTH_AND_FITNESS,49,Brainova: IQ Test & Logic Game,FALCON GAME,com.fc.app.iq.brain.training.mind.games.logic.test.puzzle,False
gplay,top-free,HEALTH_AND_FITNESS,50,Kaiser Permanente,Kaiser Permanente,org.kp.m,False
gplay,top-free,LIFESTYLE,1,T-Life,T-Mobile USA,com.tmobile.tuesdays,False
gplay,top-free,LIFESTYLE,2,Life360: Family Safety & GPS,Life360,com.life360.android.safetymapd,False
gplay,top-free,LIFESTYLE,4,Nextdoor: Neighborhood Network,"Nextdoor, Inc.",com.nextdoor,False
gplay,top-free,LIFESTYLE,5,VYBS: Play & Earn Rewards,VYBS ENTERTAINMENT,co.vybs.app,False
gplay,top-free,LIFESTYLE,6,Ring - Always Home,Ring.com,com.ringapp,False
gplay,top-free,LIFESTYLE,7,KashKick: Get paid to have fun,Besitos Corporation LLC,com.kashkick.kashkickapp,False
gplay,top-free,LIFESTYLE,8,Playout: Earn Money,Loyalty Gaming,io.playout,False
gplay,top-free,LIFESTYLE,9,Amazon Alexa,Amazon Mobile LLC,com.amazon.dee.app,False
gplay,top-free,LIFESTYLE,10,Playful Rewards: Play & Earn,Playful Rewards,com.theoremreach.wizardbucks,False
gplay,top-free,LIFESTYLE,12,myQ Garage & Access Control,The Chamberlain Group LLC,com.chamberlain.android.liftmaster.myq,False
gplay,top-free,LIFESTYLE,14,eero wifi system,eero LLC,com.eero.android,False
gplay,top-free,LIFESTYLE,15,DailyGift: Earn Reward,DailyGift Team,com.habit.record.reward.tracker,False
gplay,top-free,LIFESTYLE,16,Hark Pro,Hark Labs Inc.,com.hark.android,False
gplay,top-free,LIFESTYLE,17,CashCow - Play & Earn Money,CashCow Play & Earn,com.cashcow.app,False
gplay,top-free,LIFESTYLE,18,myPurina – Pet Rewards & Care,Nestlé Purina Petcare,com.nestle.us.purina.fellowshipapp,False
gplay,top-free,LIFESTYLE,19,My Verizon,Verizon Consumer Group,com.vzw.hss.myverizon,False
gplay,top-free,LIFESTYLE,21,Ford™,Ford Motor Co.,com.ford.fordpass,False
gplay,top-free,LIFESTYLE,22,Vagaro,Vagaro Inc,com.vagaro,False
gplay,top-free,LIFESTYLE,23,SmartLife: Smart Living,Volcano Technology Limited,com.tuya.smartlife,False
gplay,top-free,LIFESTYLE,24,AAA Mobile,"American Automobile Association, Inc.",com.aaa.android.discounts,False
gplay,top-free,LIFESTYLE,26,LocalAll - Everything Local,Scoopz LLC,com.zests.ai,False
gplay,top-free,LIFESTYLE,27,Surveys On The Go: Earn Cash,"MFour Data Research, Inc.",com.sotg.surveys,False
gplay,top-free,LIFESTYLE,28,Swagbucks Play Games + Surveys,Prodege,com.prodege.swagbucksmobile,False
gplay,top-free,LIFESTYLE,29,Lumus: Psychic & Tarot Reading,Psychics,com.astrology.psychics,False
gplay,top-free,LIFESTYLE,30,Lemon8 - Lifestyle Community,TikTok Pte. Ltd.,com.bd.nproject,False
gplay,top-free,LIFESTYLE,31,Astrotalk - Talk to Astrologer,Astrology & Horoscope,com.astrotalk,False
gplay,top-free,LIFESTYLE,32,"Tuya: Smart Life, Smart Living",Tuya Smart Inc.,com.tuya.smart,False
gplay,top-free,LIFESTYLE,33,DeepFind AI Search Agent,"Orbit Intelligence, Inc.",com.deepfind.app,False
gplay,top-free,LIFESTYLE,34,"WeMuslim: Muslim, Prayer&Qibla",Metaverse Technology FZ-LLC,com.moovetechhk.athan,False
gplay,top-free,LIFESTYLE,35,Publix,Publix Super Markets Inc.,com.publix.main,False
gplay,top-free,LIFESTYLE,36,RentCafe Resident,Yardi Systems,com.yardi.systems.rentcafe.resident,False
gplay,top-free,LIFESTYLE,37,Eureka: Earn money for surveys,SocialLoop,com.eureka.android,False
gplay,top-free,LIFESTYLE,38,Sheetz Food Delivery & Rewards,Sheetz Inc.,com.ust.sheetzretapp,False
gplay,top-free,LIFESTYLE,39,Wyze - Never Wonder,Wyze Labs Inc.,com.hualai,False
gplay,top-free,LIFESTYLE,40,Tesla,"Tesla, Inc.",com.teslamotors.tesla,False
gplay,top-free,LIFESTYLE,41,ATLAS:EARTH: Collect Places,"Atlas Reality, Inc.",ci.atlasearth.client,False
gplay,top-free,LIFESTYLE,42,Anker eufy,Anker,com.oceanwing.battery.cam,False
gplay,top-free,LIFESTYLE,43,SmartThings,"Samsung Electronics Co.,  Ltd.",com.samsung.android.oneconnect,False
gplay,top-free,LIFESTYLE,44,Daily Horoscope Launcher,AtomApplications,com.horoscopedaily.astrology.zodiac.horoscope.android,False
gplay,top-free,LIFESTYLE,45,myChevrolet,General Motors (GM),com.gm.chevrolet.nomad.ownership,False
gplay,top-free,LIFESTYLE,46,Cash Giraffe: Real Money Games,Cash Giraffe,cashgiraffe.app,False
gplay,top-free,LIFESTYLE,47,BoostPlay: Real Money Games,BoostPlay,app.boostplay,False
gplay,top-free,LIFESTYLE,48,Home AI - AI Interior Design,HubX,interior.home.design.ai,False
gplay,top-free,LIFESTYLE,49,"Color Widgets, Theme: iWidgets",AI Photo Team,colorwidgets.ios.widget.topwidgets,False
gplay,top-free,LIFESTYLE,50,Survey Spin: Get paid cash!,SocialLoop,com.socialloop.surveyspin,False
gplay,top-free,PHOTOGRAPHY,1,PicFusion Lab,X PhotoKit,com.xphotokit.picfusionlab,False
gplay,top-free,PHOTOGRAPHY,6,AI Photo Magic Editor,Protean Studios,com.filtersai.photoeditorintelligent.smartstudio,False
gplay,top-free,PHOTOGRAPHY,7,AI Photo Lab: Generate & Edit,BaseGroup,com.photo.art.designer.studio,False
gplay,top-free,PHOTOGRAPHY,10,Artvilize: AI Video Generator,Astronex,com.aidance.videomaker.videogenerator,False
gplay,top-free,PHOTOGRAPHY,12,AI Photo Restore With Music,ATQ - AI Lab,com.aiphoto.photoenhance.photomusic.photoeditor,False
gplay,top-free,PHOTOGRAPHY,13,"Pose: AI Video Maker, AI Photo",SPARK DYNAMICS YAZILIM HIZMETLERI LIMITED SIRKETI,ai.photo.video.generator.foto.imagen.filter.animation.maker.picture.ia.trend,False
gplay,top-free,PHOTOGRAPHY,14,AI Face Aging - Photo Editor,Willson Studio,com.faceaging.camera.oldify.ageeditor,False
gplay,top-free,PHOTOGRAPHY,16,AI Photo - AI Video Generator,ZAppsolution,com.tomo.photo.editor.video.maker,False
gplay,top-free,PHOTOGRAPHY,17,Amazon Photos: Photo & Video,Amazon Mobile LLC,com.amazon.clouddrive.photos,False
gplay,top-free,PHOTOGRAPHY,21,AI Video - AI Video Generator,HubX,ai.video.generator,False
gplay,top-free,PHOTOGRAPHY,22,FreePrints,PlanetArt,com.photoaffections.freeprints,False
gplay,top-free,PHOTOGRAPHY,23,MistyPix: AI Image Generator,Vit Corp.,com.aivideogenrator.phototovideo.videogen,False
gplay,top-free,PHOTOGRAPHY,26,Native Camera,N8 Media,com.rawcam.app,False
gplay,top-free,PHOTOGRAPHY,28,MeShot: GPS Camera & Geo Stamp,HAWKS Technologies,com.cc.gpscamera.map.location.geotagphotos,False
gplay,top-free,PHOTOGRAPHY,29,Pix Editor: AI Photo Maker,Signature EXP,com.snaptune.ai.photoeditor.collagemaker,False
gplay,top-free,PHOTOGRAPHY,30,DanceHit: AI Dance Generator,ScaleUp,com.scaleup.dancehit.ai,False
gplay,top-free,PHOTOGRAPHY,33,AniDub Max,Veedily,com.animax.max,False
gplay,top-free,PHOTOGRAPHY,34,PhotoCircle,"PhotoCircle, Inc.",com.circle38.photocircle,False
gplay,top-free,PHOTOGRAPHY,37,Hype AI - AI Photo & Video,ORIGO Game,com.ai.hype,False
gplay,top-free,PHOTOGRAPHY,38,Time Warp Scan - Face Scan,Photo Collage & Grid - Foto Grid,timewarpscanner.facescan.timewarp.timewarpscan,False
gplay,top-free,PHOTOGRAPHY,40,Image Editor - Art AI Photo,Zeronebula Studio,com.aiphoto.editorai.imagevideo.creator,False
gplay,top-free,PHOTOGRAPHY,41,Beautix - AI Hair Changer,Growly,life.growly.beautix,False
gplay,top-free,PHOTOGRAPHY,42,"Facetune: Hair, Photo Editor",Lightricks Ltd.,com.lightricks.facetune.free,False
gplay,top-free,PHOTOGRAPHY,43,Emberly: AI Photo Generator,ATQ - AI Lab,com.aicouple.photogenerator.couplephoto,False
gplay,top-free,PHOTOGRAPHY,45,SCRL: Photo Collage Maker,Appostrophe AB,com.appostrophe.scrl,False
gplay,top-free,PHOTOGRAPHY,48,Mosa AI: Collage & AI Video,Mor Tosbaa Mobile,mosa.studio.ai.editor,False
gplay,top-free,PRODUCTIVITY,1,Muse from Meta,"Meta Platforms, Inc.",com.facebook.aura,False
gplay,top-free,PRODUCTIVITY,4,TimeCue – Reminders & Alerts,Classified Prime LLc,com.reminder.alert.timecue,False
gplay,top-free,PRODUCTIVITY,6,WakeBox,BLYTHEWOOD NY LLC,com.wake.box.ryan,False
gplay,top-free,PRODUCTIVITY,9,Deep Clean Elite,PDI Turbo,com.deepcleanelit.dcle,False
gplay,top-free,PRODUCTIVITY,11,"DuckDuckGo, optional Duck.ai",DuckDuckGo,com.duckduckgo.mobile.android,False
gplay,top-free,PRODUCTIVITY,13,Okta Verify,Okta Inc.,com.okta.android.auth,False
gplay,top-free,PRODUCTIVITY,16,"Notes, Notepad, To Do Launcher",AtomApplications,com.notes.todolist.notebook.checklist.notepad.android,False
gplay,top-free,PRODUCTIVITY,17,Settings Home,Utility Apps Home,com.eet.settings.launcher,False
gplay,top-free,PRODUCTIVITY,18,PDF Reader - All PDF Scanner,Dev Globeg,com.first.pdfreader,False
gplay,top-free,PRODUCTIVITY,20,"PDF Reader: PDF Editor, Viewer",AI Photo Simple,quickviewpdf.pdfreader.pdfeditor.pdfviewer.pdfsimple,False
gplay,top-free,PRODUCTIVITY,23,Microsoft Outlook,Microsoft Corporation,com.microsoft.office.outlook,False
gplay,top-free,PRODUCTIVITY,25,HP,HP Inc.,com.hp.printercontrol,False
gplay,top-free,PRODUCTIVITY,26,PDF Photos & PDF Reader,Journey of the Shield,com.qysga.pdfphoto.hrmn,False
gplay,top-free,PRODUCTIVITY,27,Xfinity,Comcast,com.xfinity.digitalhome,False
gplay,top-free,PRODUCTIVITY,29,Microsoft Copilot,Microsoft Corporation,com.microsoft.office.officehubrow,True
gplay,top-free,PRODUCTIVITY,31,PDF Pro : Reader&Editor,FENGMAIJI,com.adgeress.pdfpro.reader,False
gplay,top-free,PRODUCTIVITY,32,Smart Home Manager,"AT&T Services, Inc.",com.att.shm,False
gplay,top-free,PRODUCTIVITY,33,Google Keep - Notes and lists,Google LLC,com.google.android.keep,False
gplay,top-free,PRODUCTIVITY,34,All Files Viewer,Nullbyte Labs,com.allfiles.viewerer,False
gplay,top-free,PRODUCTIVITY,36,AT&T,"AT&T Services, Inc.",com.att.myWireless,False
gplay,top-free,PRODUCTIVITY,43,Dropbox: Secure Cloud Storage,"Dropbox, Inc.",com.dropbox.android,True
gplay,top-free,PRODUCTIVITY,44,AI PDF Reader & Scanner,Gushan Technology,com.aipdf.readerdoc.tgcb,False
gplay,top-free,PRODUCTIVITY,45,Google Tasks,Google LLC,com.google.android.apps.tasks,False
gplay,top-free,PRODUCTIVITY,47,DeepSeek - AI Assistant,DeepSeek,com.deepseek.chat,False
gplay,top-free,PRODUCTIVITY,48,Chatbot AI Assistant - Genie,APPNATION AS,co.appnation.geniechat,False
gplay,top-free,PRODUCTIVITY,49,Migoo - AI Team for Every Task,Developer Migoo - US,ai.migoo.app.marvelous,False
gplay,top-free,PRODUCTIVITY,50,2026 Calendar Launcher,AtomApplications,com.calendarlauncher.calendar.agenda.planner.schedule.events.android,False
gplay,top-free,SHOPPING,1,DealSeek: Coupons & Discounts,DealSeek LLC,com.dealseekorg.dealseek,False
gplay,top-free,SHOPPING,2,Vinted: Shop & sell pre-loved,Vinted,fr.vinted,False
gplay,top-free,SHOPPING,4,Walmart: Shopping & Savings,Walmart,com.walmart.android,False
gplay,top-free,SHOPPING,5,"Shop: Track, Pay, Discover",Shopify Inc.,com.shopify.arrive,False
gplay,top-free,SHOPPING,7,"Whatnot: Shop, Sell, Connect",Whatnot Inc.,com.whatnot_mobile,False
gplay,top-free,SHOPPING,9,Quince: Luxury Essentials,Quince,com.lastbrand.quince,False
gplay,top-free,SHOPPING,11,Depop - Buy & Sell Clothes,Depop,com.depop,False
gplay,top-free,SHOPPING,12,Fetch: Earn Rewards Every Day,Fetch Rewards,com.fetchrewards.fetchrewards.hop,False
gplay,top-free,SHOPPING,13,eBay online shopping & selling,eBay Mobile,com.ebay.mobile,False
gplay,top-free,SHOPPING,15,GoWish - Your Digital Wishlist,Ønskeskyen ApS,com.gowish.app,False
gplay,top-free,SHOPPING,16,Target: Shop. Style. Save.,Target Corporation,com.target.ui,False
gplay,top-free,SHOPPING,17,Rip Rush: Card Collector Arena,Emerald Myth Studio Limited,com.emeraldmyth.riprush.and,False
gplay,top-free,SHOPPING,18,Costco Wholesale,Costco Wholesale,com.costco.app.android,False
gplay,top-free,SHOPPING,19,Circle K,Circle K North America,com.circlek.gmap.na,False
gplay,top-free,SHOPPING,20,MintPull,Amber444,com.garooms.tcgpackcash.gp,False
gplay,top-free,SHOPPING,21,Etsy: Shop from Real People,"Etsy, Inc",com.etsy.android,False
gplay,top-free,SHOPPING,22,"Affirm: Buy now, pay over time","Affirm, Inc",com.affirm.central,False
gplay,top-free,SHOPPING,23,Best Buy: Shop tech deals,"Best Buy Co., Inc",com.bestbuy.android,False
gplay,top-free,SHOPPING,24,Dollar General-Digital Coupons,DOLLAR GENERAL CORPORATION,com.dollargeneral.android,False
gplay,top-free,SHOPPING,25,The Home Depot,"The Home Depot, Inc",com.thehomedepot,False
gplay,top-free,SHOPPING,26,GovAuctions.com - Shop Surplus,Auctions LLC,com.govauctions,False
gplay,top-free,SHOPPING,27,OfferUp Buy & Sell Marketplace,OfferUp Inc.,com.offerup,False
gplay,top-free,SHOPPING,28,Walgreens,Walgreens Co,com.usablenet.mobile.walgreen,False
gplay,top-free,SHOPPING,29,Sam's Club: Shopping & Savings,Sam's Club,com.rfi.sams.android,False
gplay,top-free,SHOPPING,30,Lowe's,"Lowe's Companies, Inc.",com.lowes.android,False
gplay,top-free,SHOPPING,31,"Sezzle: Buy Now, Pay Later",Sezzle Mobile,com.sezzle.sezzlemobile,False
gplay,top-free,SHOPPING,32,ALDI Grocery Pickup & Delivery,ALDI International Services SE & Co. oHG,de.apptiv.business.android.aldi_us,False
gplay,top-free,SHOPPING,33,Wishlist Maker - Listful,Listful,com.happywishlist.app,False
gplay,top-free,SHOPPING,34,Koupon: Real Deals & Codes,Koupon,com.kouponai,False
gplay,top-free,SHOPPING,35,Afterpay: Pay over time,Afterpay,com.afterpaymobile.us,False
gplay,top-free,SHOPPING,36,"Coupons, Promo Codes, Deals",Krazy Coupon Lady,com.thekrazycouponlady.kcl,False
gplay,top-free,SHOPPING,37,Capital One Shopping,capitaloneshopping.com,com.wikibuy.prod.main,False
gplay,top-free,SHOPPING,38,"Zip | Buy now, pay later","Zip, Co.",com.quadpay.quadpay,False
gplay,top-free,SHOPPING,39,Benjamin - Earn Cash Rewards,"Benjamin Capital Partners, Inc",com.benjaminone.client,False
gplay,top-free,SHOPPING,40,Love's Rewards,"Love's Travel Stops and Country Stores, Inc.",com.loves.finder,False
gplay,top-free,SHOPPING,41,Bath & Body Works,Bath & Body Works- Mobile,com.bathandbody.bbw,False
gplay,top-free,SHOPPING,42,Wayfair - Shop All Things Home,"Wayfair, LLC",com.wayfair.wayfair,False
gplay,top-free,SHOPPING,43,Instacart Shopper: Earn money,Instacart,com.instacart.shopper,False
gplay,top-free,SHOPPING,44,BJ's Wholesale Club,BJ's Wholesale Club,com.brandingbrand.reactnative.and.bjs,False
gplay,top-free,SHOPPING,45,Amazon Business: B2B Shopping,Amazon Mobile LLC,com.amazon.mShop.android.business.shopping,False
gplay,top-free,SHOPPING,46,Family Dollar,Family Dollar Stores,com.familydollar,False
gplay,top-free,SHOPPING,47,Chewy: Pet Shopping & Delivery,"Chewy, Inc.",com.chewy.android,False
gplay,top-free,SHOPPING,48,DHgate-online wholesale stores,dhgate.com,com.dhgate.buyermob,False
gplay,top-free,SHOPPING,49,Pogo: Earn Cash & Rewards,Pogo Technologies Inc,com.pogotech.pogocash,False
gplay,top-free,SHOPPING,50,Kroger,The Kroger Co.,com.kroger.mobile,False
gplay,top-free,TOOLS,1,PDF Reader: Documents Master,Praya,com.pdfreader.master.utgerful,False
gplay,top-free,TOOLS,4,Find My Phone by Clap Launcher,AtomApplications,com.find.phone.device.locate.lostphone.android,False
gplay,top-free,TOOLS,5,Volume Control Sound Launcher,AtomApplications,com.soundcontroller.loudspeaker.volume.manager.android,False
gplay,top-free,TOOLS,6,Ge Browser - Safe & Smart,Av sign international,com.web.tools.ge.browser,False
gplay,top-free,TOOLS,9,GPS Camera with Time Stamp,Wanda Gallery Studio,com.geotag.camera.location.mapgps,False
gplay,top-free,TOOLS,10,Cleaner: Junk Cleanup,HANFU GIRL,com.cleaner.junk.cleanup.arielgs,False
gplay,top-free,TOOLS,11,Quick Clean Plus,StarOnline,com.phcleanquickly.cleanplus,False
gplay,top-free,TOOLS,12,QR Code Scanner,Smart Choices Limited,com.pulseal.qrlarcs,False
gplay,top-free,TOOLS,14,PDF Master,Bang Jorghy Dev,com.pdf.tools.check.scanner,False
gplay,top-free,TOOLS,16,Norton360 Antivirus & Security,NortonMobile,com.symantec.mobilesecurity,False
gplay,top-free,TOOLS,17,Nora VPN – Fast & Secure VPN,Irma,com.nora.vpn,False
gplay,top-free,TOOLS,20,BP Care - Pressure & Sugar,Brainy Lab Studio,com.nexora.labs.bpcare,False
gplay,top-free,TOOLS,21,Recovery Photo Ultra,hk3072072,com.ultra.recovery.photo.video,False
gplay,top-free,TOOLS,23,Junk Eraser - Storage Manager,FRODO VENTURES LIMITED,com.junkeraser.clean,False
gplay,top-free,TOOLS,24,JumpJumpVPN: Fast & Secure,SOON BODYWERKZ,app.jumpjumpvpn.jumpjumpvpn,False
gplay,top-free,TOOLS,25,My Spectrum,Charter/Spectrum,com.brighthouse.mybhn,False
gplay,top-free,TOOLS,26,Clean Up Phone Storage: CleanX,TapSuite,com.xstudios.cleanx,False
gplay,top-free,TOOLS,27,Docu Reader - PDF Reader,Simplibook,com.doc.reader.pdf.docreader,False
gplay,top-free,TOOLS,28,Antivirus Flux,Leslies Gaming,com.againstvirus.flux,False
gplay,top-free,TOOLS,29,CastAll: TV Mirror & Stream,PureSoft Studio Inc,com.castall.tv.mirror.app,False
gplay,top-free,TOOLS,30,PDF Reader & File Recovery,GLOBAL MEDICAL LTD,com.recovery.photo.docyhgt,False
gplay,top-free,TOOLS,31,CleanLoom,BetterFly Games,com.cleanloom.com,False
gplay,top-free,TOOLS,32,Google’s Find Hub,Google LLC,com.google.android.apps.adm,False
gplay,top-free,TOOLS,33,Turbo Cleaner - Junk Clean,CN CodeHub,com.turbo.junk.clean,False
gplay,top-free,TOOLS,34,Max Cleaner,FWP Bigtime,com.bigtime.trash.cleaner,False
gplay,top-free,TOOLS,36,PDF Scanner - Reader,Al Fayrouz,com.tooldpf.readscan.tgycz,False
gplay,top-free,TOOLS,37,Phone Junk Files Clear,DingBAng,com.phone.junkclear.phoerg,False
gplay,top-free,TOOLS,39,Antivirus Expert: Junk Cleaner,Synastry Limited,com.apptiv.antt.g,False
gplay,top-free,TOOLS,40,Argo File Cleanup,"ZXISY CO., LIMITED",argo.file.cleanup,False
gplay,top-free,TOOLS,41,PDF Reader Pro - Editor,Kumpulan Ramuan Herbal,com.pdfpro.reader.plusybq,False
gplay,top-free,TOOLS,42,AntiVirus Clean Master-Cleaner,Blooming Techno,com.anti.cleaner.phoener,False
gplay,top-free,TOOLS,43,JunkRemover Launcher,QFD CONSULTANTNS ( PRIVATE ) LIMITED,com.mls.remover.junk,False
gplay,top-free,TOOLS,44,Guardio - Mobile Security,Guardio,io.guard.luna,False
gplay,top-free,TOOLS,45,CleanMas,BetterFly Games,com.clea.mas.pro,False
gplay,top-free,TOOLS,46,Downloader by AFTVnews,AFTVnews.com,com.esaba.downloader,False
gplay,top-free,TOOLS,47,CloverVPN - Fast & Unlimited,KANYRIDE,net.clovervpn.fast,False
gplay,top-free,TOOLS,49,QR Scanner & Barcode Reader,Start Up,com.bupavon.qrcode.reader.scanner.barcode.generator,False
gplay,top-free,TOOLS,50,DramaPlay - Trending Dramas,ZhiXiang Cloud Trading Limited,com.zhixiang.app.dramaplay,False
