store,country,chart,genre,rank,name,developer,primary_genre,release_date,within6m,app_id
appstore_itunes,kr,top-free,6000,16,토스 비즈니스,Viva Republica,비즈니스,2026-01-04,False,6755060860
appstore_itunes,kr,top-free,6000,31,대한민국 모바일 공무원증,행정안전부,비즈니스,2026-05-21,True,6754308730
appstore_itunes,kr,top-free,6000,45,트래블체크,Market Grid LP,비즈니스,2026-02-18,False,6758240860
appstore_itunes,kr,top-free,6000,52,건설e음,건설근로자공제회,비즈니스,2026-01-04,False,6742091315
appstore_itunes,kr,top-free,6000,53,캐치파트너센터,WADcorp,비즈니스,2026-08-17,True,6798510321
appstore_itunes,kr,top-free,6000,64,Viettel Tammi,Viettel Telecom,비즈니스,2026-05-05,True,6749427319
appstore_itunes,kr,top-free,6000,74,정부 네이버웍스 NAVER WORKS,NAVER Cloud Corp.,비즈니스,2026-04-28,True,6761600588
appstore_itunes,kr,top-free,6000,78,굿빌더 - 스마트한 건설 현장 인력 관리의 모든 것,"Saramin Co., Ltd.",비즈니스,2026-08-12,True,6752636164
appstore_itunes,kr,top-free,6000,81,공공 브리티웍스 통합인증 Brity SSO Agent,"SAMSUNG SDS Co.,LTD",비즈니스,2026-03-17,False,6758975669
appstore_itunes,kr,top-free,6000,89,공공 브리티웍스 메신저 Brity Messenger,"SAMSUNG SDS Co.,LTD",비즈니스,2026-03-23,False,6751482461
appstore_itunes,kr,top-free,6002,3,널스메이트 - 간호사를 위한 AI 업무 파트너,HyeonGyu Park,유틸리티,2026-08-30,True,6783877557
appstore_itunes,kr,top-free,6002,20,FoxPeek - 기기 사양 확인,"Xiamen Infinity Starway Technology Co., Ltd.",유틸리티,2026-07-27,True,6786934374
appstore_itunes,kr,top-free,6002,25,와이파이 렌즈,Taejin Kim,유틸리티,2026-09-28,True,6816278907
appstore_itunes,kr,top-free,6002,32,MWall: 4K Aesthetic Wallpaper,Missrainy Jiao,유틸리티,2025-11-11,False,6755022123
appstore_itunes,kr,top-free,6002,36,"한글 뷰어 - HWPX, HWP 뷰어, 편집",SUPERNOVA MEDIA JOINT STOCK COMPANY,유틸리티,2026-09-29,True,6808507107
appstore_itunes,kr,top-free,6002,40,경찰민원24,경찰청,유틸리티,2026-01-25,False,6757301677
appstore_itunes,kr,top-free,6002,65,PixelQR Scan,"Fuzhou Zhiyue Interactive Technology Co.,Ltd",유틸리티,2026-06-23,True,6781202801
appstore_itunes,kr,top-free,6002,70,CarTV - M3U IPTV 동영상,Lyntra Technology Ltd,Utilities,2026-08-16,True,6800211040
appstore_itunes,kr,top-free,6002,74,쏘키: 기계식 키보드 사운드 테마,Hyun Park,유틸리티,2026-08-27,True,6790016733
appstore_itunes,kr,top-free,6002,76,한획,NAMHEE BAEK,유틸리티,2026-10-01,True,6817243548
appstore_itunes,kr,top-free,6002,78,안전디딤돌,행정안전부,유틸리티,2026-02-11,False,6748367192
appstore_itunes,kr,top-free,6002,84,방송대 통합인증,Korea National Open University,유틸리티,2026-06-01,True,6762734464
appstore_itunes,kr,top-free,6002,91,알림함: 지난 알림 다시 보기,HAKJAE KIM,유틸리티,2026-09-29,True,6815765181
appstore_itunes,kr,top-free,6002,97,Clutter - 스크린샷 정리,hayoung jin,유틸리티,2026-08-26,True,6799858360
appstore_itunes,kr,top-free,6005,10,setlog,new chat,Social Networking,2025-12-24,False,6587576438
appstore_itunes,kr,top-free,6005,69,LiveOn 라이브온 - 실시간 영상통화,Woosin Park,소셜 네트워킹,2026-09-28,True,6790636254
appstore_itunes,kr,top-free,6005,80,그라운드시소,"Media N Art Co., Ltd.",소셜 네트워킹,2026-06-07,True,6763470920
appstore_itunes,kr,top-free,6005,83,감정적인 오렌지들,JOONHYEOK KWON,소셜 네트워킹,2026-07-07,True,6761249013
appstore_itunes,kr,top-free,6005,84,THE LEAD,Leadly Company Inc.,소셜 네트워킹,2026-06-09,True,6769988303
appstore_itunes,kr,top-free,6005,87,야화,주식회사 야화컴퍼니,소셜 네트워킹,2026-07-17,True,6789592621
appstore_itunes,kr,top-free,6005,95,"Instagram 앱, Instants","Instagram, Inc.",Social Networking,2026-05-12,True,6756442328
appstore_itunes,kr,top-free,6007,9,LockDay: 투두리스트 & 플래너,Dat Pham,생산성,2026-09-23,True,6812144044
appstore_itunes,kr,top-free,6007,21,AnySchedule - 올인원 캘린더 & 플래너,ReleCompany,생산성,2026-02-22,False,6759487521
appstore_itunes,kr,top-free,6007,41,Network & System Admin Toolkit,luis reynaldo cedeno manzanilla,생산성,2026-09-02,True,6806592855
appstore_itunes,kr,top-free,6007,47,SocialLite-Block Reels&Shorts,Sociallite LLC,Productivity,2026-01-29,False,6757661674
appstore_itunes,kr,top-free,6007,49,Grok Bot,X Corp.,Productivity,2026-08-11,True,6794501026
appstore_itunes,kr,top-free,6007,63,Focus Town: Study With Friends,Second Round Inc.,생산성,2026-02-06,False,6758457625
appstore_itunes,kr,top-free,6007,70,할일차곡 : 귀여운 투두 일정 공유 캘린더,Egg Toast Lab,생산성,2026-02-16,False,6758548648
appstore_itunes,kr,top-free,6007,75,PDF Reader: Edit & OCR Scan,Duc Duong Tran,생산성,2026-06-07,True,6774545766
appstore_itunes,kr,top-free,6007,78,ApexDrive – 안전한 파일 저장 보관함,Estate Koala Pty Ltd,생산성,2026-02-24,False,6758428217
appstore_itunes,kr,top-free,6007,96,공드림,yeongo noh,생산성,2026-06-28,True,6761681959
appstore_itunes,kr,top-free,6008,1,101cam - 필름 & 디지털 카메라,SNOW Corporation,Photo & Video,2026-07-10,True,6781998623
appstore_itunes,kr,top-free,6008,2,내가 당신을 사랑할 때 보이는 순간들: 빈티지 카메라앱,ironpig Inc.,사진 및 비디오,2026-06-29,True,6783366739
appstore_itunes,kr,top-free,6008,5,Dance AI - AI 비디오 생성기,DeePix AI,Photo & Video,2026-02-02,False,6758041184
appstore_itunes,kr,top-free,6008,7,네몽 - 카드뉴스 캐러셀,ohttne,사진 및 비디오,2026-10-07,True,6817196863
appstore_itunes,kr,top-free,6008,13,Highfield Video AI,Metro Air Service Inc.,사진 및 비디오,2026-08-04,True,6793780560
appstore_itunes,kr,top-free,6008,50,AI Video Generator - Pixaflow,HITDEV AI Teknoloji Anonim Şirketi,사진 및 비디오,2026-01-22,False,6755954009
appstore_itunes,kr,top-free,6008,51,PixVerse Lite,AIVORA PTE. LTD.,Photo & Video,2026-05-27,True,6767802142
appstore_itunes,kr,top-free,6008,54,MIU AI: Photo Video Generator,Ivan Chapisptryak,사진 및 비디오,2025-12-30,False,6756606000
appstore_itunes,kr,top-free,6008,66,N x N: 당신이 사랑한 순간들,Pepper Factory,사진 및 비디오,2026-05-05,True,6765649669
appstore_itunes,kr,top-free,6008,67,ReFrame: 듀얼카메라 브이로그,"DAMIEN, NATHANAEL ELLEDGE",사진 및 비디오,2026-04-01,False,6761393678
appstore_itunes,kr,top-free,6008,70,Timeline Visualize: 여행 지도 영상,Mert Can Kasapoglu,사진 및 비디오,2026-09-03,True,6804425289
appstore_itunes,kr,top-free,6008,71,카메라 SE,sangwoo song,사진 및 비디오,2026-06-03,True,6773551771
appstore_itunes,kr,top-free,6008,88,SorAI - 인공지능 영상 생성기,DES GRADNJE d.o.o.,Photo & Video,2026-07-16,True,6778837255
appstore_itunes,kr,top-free,6008,90,The Tens Camera,JISOO SEO,사진 및 비디오,2026-05-19,True,6770266422
appstore_itunes,kr,top-free,6008,96,"bake: AI 숏폼 만들기, 릴스·쇼츠·동영상·편집",Sooyeon Yeom,사진 및 비디오,2026-09-08,True,6781959351
appstore_itunes,kr,top-free,6012,22,금한돈 - 앱테크 돈버는앱 금적립,COMUP,라이프스타일,2025-12-11,False,6755669405
appstore_itunes,kr,top-free,6012,26,"위프 - 원하는 전개 그대로, AI채팅 (로맨스&BL)",bunkerkids,라이프스타일,2025-10-29,False,6753713932
appstore_itunes,kr,top-free,6012,43,나라사랑포털,군인공제회C&C,라이프스타일,2026-01-04,False,6755139735
appstore_itunes,kr,top-free,6012,55,김귀자 할머니 - 사주 캐릭터챗,kkeutnaeirurira,라이프스타일,2026-04-19,True,6761322235
appstore_itunes,kr,top-free,6012,80,복똑방 (동행복권 공식 앱),동행복권,라이프스타일,2026-01-19,False,6752271563
appstore_itunes,kr,top-free,6012,87,카공족,카공족,라이프스타일,2026-07-20,True,6771627299
appstore_itunes,kr,top-free,6012,98,장병e음,Ministry of National Defense - Republic of Korea,라이프스타일,2025-12-18,False,6744992032
appstore_itunes,kr,top-free,6013,20,석가머니 - 운 모으는 부처,(주)버그홀,건강 및 피트니스,2026-07-04,True,6778568911
appstore_itunes,kr,top-free,6013,38,"오늘도 - 돈 버는 건강 습관, 만보기",Hills Inc.,건강 및 피트니스,2026-05-17,True,6762535187
appstore_itunes,kr,top-free,6013,40,퍼플영-나만의 성형·시술 퍼플플랜,Purple Turf,건강 및 피트니스,2026-01-22,False,6757518944
appstore_itunes,kr,top-free,6013,41,"칼로그 - 다이어트 식단 체중 기록, AI 칼로리 계산",Gymwork Inc.,건강 및 피트니스,2026-01-20,False,6755748205
appstore_itunes,kr,top-free,6013,43,도그메이트 Ai,"GOTOX KOREA CO., LTD.",건강 및 피트니스,2026-08-05,True,6793348825
appstore_itunes,kr,top-free,6013,49,스포애니,"KDhealthcare Co., Ltd.",건강 및 피트니스,2026-01-12,False,6749523533
appstore_itunes,kr,top-free,6013,51,마블워크,thezooom,건강 및 피트니스,2026-07-22,True,6782898187
appstore_itunes,kr,top-free,6013,52,더 클라임 라이프,"Flash, Inc",건강 및 피트니스,2026-02-22,False,6754832827
appstore_itunes,kr,top-free,6013,56,메타힌트(METAHINT) AI 건강·피부분석리포트보상,MetaHint Global Inc,건강 및 피트니스,2026-07-13,True,6761977473
appstore_itunes,kr,top-free,6013,57,파노라: 실시간 스트레스 워치,BlueSignum Corp.,건강 및 피트니스,2026-02-17,False,6758551243
appstore_itunes,kr,top-free,6013,72,튼튼머니,Korea Sports Promotion Foundation,건강 및 피트니스,2026-03-29,False,6759998621
appstore_itunes,kr,top-free,6013,77,버닝챌린지 - 뉴마핏,"NeumaFIT Co.,ltd",건강 및 피트니스,2026-06-24,True,6778677981
appstore_itunes,kr,top-free,6013,82,포랜드 - 강아지 산책 영토 게임,onzenith,건강 및 피트니스,2026-07-24,True,6792218554
appstore_itunes,kr,top-free,6013,83,건강의신,Lemon Healthcare,건강 및 피트니스,2025-12-04,False,6752885853
appstore_itunes,kr,top-free,6013,89,스마트칩,SmartChip,건강 및 피트니스,2026-02-20,False,6759133379
appstore_itunes,kr,top-free,6015,1,"하나은행, 새로워진 하나원큐를 경험해 보세요",Hana Bank,금융,2026-02-18,False,6743190232
appstore_itunes,kr,top-free,6015,9,하나증권V-대표MTS(NEW),"Hana Securities Co., Ltd.",금융,2026-09-05,True,6755097570
appstore_itunes,kr,top-free,6015,56,머니차곡 : 똑똑한 가계부,Egg Toast Lab,금융,2026-07-09,True,6787290101
appstore_itunes,kr,top-free,6015,62,"노란우산, 사장님의 내일을 비추는 든든한 희망자산",중소기업중앙회,금융,2026-08-06,True,6767481611
appstore_itunes,kr,top-free,6015,69,MOUM (모음),Meritz,금융,2026-08-31,True,6752767497
appstore_itunes,kr,top-free,6015,95,제주 탐나는전,비즈플레이(주),금융,2025-12-09,False,6756000197
appstore_itunes,kr,top-free,6016,35,DramaBox Lite - 숏폼드라마 TV,STORYMATRIX PTE. LTD.,Entertainment,2026-01-09,False,6755754589
appstore_itunes,kr,top-free,6016,36,경주월드,Gyeongju World,엔터테인먼트,2025-12-31,False,6756393869
appstore_itunes,kr,top-free,6016,38,"노벨라플레이 - 여성향 드라마, 로맨스, 로판, BL",노벨라스튜디오,엔터테인먼트,2026-07-23,True,6781168884
appstore_itunes,kr,top-free,6016,40,ValoStore - 발로란트 상점,SEHYUN JUN,엔터테인먼트,2026-05-18,True,6761961323
appstore_itunes,kr,top-free,6016,42,Peekie: 미스터리 추리 게임,Intelli Future INC,엔터테인먼트,2026-08-06,True,6792978953
appstore_itunes,kr,top-free,6016,48,"멜로디 파티 - 언제 어디서든, 신나는 노래 놀이터","Staraltar Technology Co., Ltd.",엔터테인먼트,2025-11-09,False,6578442566
appstore_itunes,kr,top-free,6016,49,레진스낵 - 볼수록 맛있는 숏드라마,Lezhin Entertainment,엔터테인먼트,2026-02-02,False,6751880104
appstore_itunes,kr,top-free,6016,53,아임미리 - AI 사주·타로·멘탈 코칭,Gi Le Lim,엔터테인먼트,2026-04-17,True,6761462965
appstore_itunes,kr,top-free,6016,55,StoryReel: 숏폼 드라마·영화 스트리밍,Equinox Enterprises‌ Technology Limited,Entertainment,2026-04-08,False,6761538521
appstore_itunes,kr,top-free,6016,56,"프론티아 - AI 시네마틱 플레이, AI 채팅 프론티어","Deepgrov Co., Ltd",엔터테인먼트,2026-01-31,False,6748804238
appstore_itunes,kr,top-free,6016,61,HotDrama - 숏폼 드라마와 릴스,SKYWORK AI PTE LTD,엔터테인먼트,2026-04-22,True,6758563145
appstore_itunes,kr,top-free,6016,62,BlinkDrama - 틈새시간에 숏드라마,Atlas Ventures Culture & Technology Limited,Entertainment,2026-05-29,True,6768593043
appstore_itunes,kr,top-free,6016,64,红果短剧 - 海量热门短剧随心看,"Beijing Bimo Liuxiang Technology Co., Ltd.",엔터테인먼트,2026-04-27,True,6451407032
appstore_itunes,kr,top-free,6016,65,VibeShort: AI 숏드라마 & 시리즈,AGILE QUADRANT MEDIA LIMITED,Entertainment,2026-02-25,False,6758667154
appstore_itunes,kr,top-free,6016,66,Tapit - AI 게임 만들기,"VoyagerX, Inc.",엔터테인먼트,2026-09-03,True,6793421890
appstore_itunes,kr,top-free,6016,71,GHOST FESTIVAL,"THE KYEONGGI ILBO CO.,LTD",엔터테인먼트,2026-09-08,True,6798971288
appstore_itunes,kr,top-free,6016,73,픽쿠리 - 두근두근 쿠지·가챠 뽑기샵,dflex,엔터테인먼트,2026-07-30,True,6787594748
appstore_itunes,kr,top-free,6016,77,bilibili-弹幕动画高清视频,BILIBILI SINGAPORE PTE. LTD.,엔터테인먼트,2026-09-17,True,1517062289
appstore_itunes,kr,top-free,6016,79,포켓펫 - 손안에서 키우는 나만의 반려동물,EVE.AI,엔터테인먼트,2026-07-27,True,6791616317
appstore_itunes,kr,top-free,6016,80,엔진 시뮬레이터,Groundcode,엔터테인먼트,2026-09-28,True,6814764131
appstore_itunes,kr,top-free,6016,92,왁뿌볼 - 왁뿌볼/말랑이/키캡 ASMR 피젯 토이,Seonwook Kim,엔터테인먼트,2026-06-17,True,6780200289
appstore_itunes,kr,top-free,6016,95,ReelBox,"Guangxi Xianban Network Technology Co., LTD",엔터테인먼트,2026-08-29,True,6478804084
appstore_itunes,kr,top-free,6016,98,애니웨이,Hyunjun Hwang,엔터테인먼트,2026-03-11,False,6759558574
appstore_itunes,kr,top-free,6017,14,편입로그,Park Jun Ha,교육,2026-08-31,True,6801908178
appstore_itunes,kr,top-free,6017,15,유니브 AI - 강의 녹음·PDF 요약·퀴즈,"Singularity Co., Ltd.",교육,2025-11-25,False,6754797367
appstore_itunes,kr,top-free,6017,29,LearnKata,"LearnKata, Inc",교육,2026-08-02,True,6792461301
appstore_itunes,kr,top-free,6017,30,이로이로 일본어 공부 JLPT 단어장: 한자도 한 번에,Irolabs Inc.,교육,2026-01-07,False,6752556844
appstore_itunes,kr,top-free,6017,40,대한독립 - 역사 퀴즈 체험,Ten Softworks Inc.,교육,2026-08-13,True,6798221356
appstore_itunes,kr,top-free,6017,45,황소보카,Jae Hong Kim,교육,2026-09-28,True,6805842910
appstore_itunes,kr,top-free,6017,47,"싸다보카: 영어 공부, 영단어, 회화, 어원, 발음",MORPHY,교육,2025-12-29,False,6756231750
appstore_itunes,kr,top-free,6017,59,스터디우타,JeongOn Choi,교육,2026-10-07,True,6815548742
appstore_itunes,kr,top-free,6017,66,기니어스,JIMIN LEE,교육,2026-08-27,True,6802549336
appstore_itunes,kr,top-free,6017,70,알레프 키즈: 놀면서 배우는 영어회화,Aleph Lab,교육,2026-02-23,False,6755512755
appstore_itunes,kr,top-free,6017,82,랜딧(Landit): 영어회화·스픽·스피킹·표현·리스닝,Yewon Son,교육,2026-07-16,True,6787414201
appstore_itunes,kr,top-free,6017,83,한국자격증협회,Korea Certificate Association,교육,2026-02-20,False,6758323026
appstore_itunes,kr,top-free,6017,84,Tooter: AI 외국어 튜터,Viral Patterns LLC,교육,2026-05-14,True,6763938692
appstore_itunes,kr,top-free,6017,86,Langaku(란가쿠)-일본 만화로 배우는 일본어,Mantra Inc.,교육,2026-09-17,True,1575690768
appstore_itunes,kr,top-free,6017,93,이투스 PLAY ON,Etoos Education,교육,2026-08-09,True,6758927909
appstore_itunes,kr,top-free,6024,11,픽앤팝 - 내 손안의 가챠&쿠지샵,JoyToy,쇼핑,2025-10-30,False,6752372089
appstore_itunes,kr,top-free,6024,18,쇼포트 - AI 쇼핑비서,Levit Incorporation,쇼핑,2026-01-02,False,6757226599
appstore_itunes,kr,top-free,6024,35,사줘,SAZO,쇼핑,2026-05-13,True,6751567165
appstore_itunes,kr,top-free,6024,58,Ralph Lauren- 랄프 로렌 앱,Ralph Lauren Corporation,쇼핑,2026-05-18,True,6761515266
appstore_itunes,kr,top-free,6024,64,장신몰 - 장사의신이 만든 최저가 쇼핑몰,주식회사 장신컴퍼니글로벌,쇼핑,2026-08-03,True,6794205883
appstore_itunes,kr,top-free,6024,68,지금하는공구 - 인스타 공동구매 검색기,YECHAN KIM,쇼핑,2026-04-12,True,6761933137
appstore_itunes,kr,top-free,6024,73,다비치마켓 - 눈이 먼저 찾는 마켓,다비치안경체인,쇼핑,2026-03-19,False,6760438047
appstore_itunes,kr,top-free,6024,84,사이페이,JG LUNA,쇼핑,2026-06-29,True,6782810499
appstore,kr,top-free,all,2,"하나은행, 새로워진 하나원큐를 경험해 보세요",Hana Bank,금융,2026-02-18,False,6743190232
appstore_itunes,kr,top-free,all,2,"하나은행, 새로워진 하나원큐를 경험해 보세요",Hana Bank,금융,2026-02-18,False,6743190232
appstore,kr,top-free,all,5,101cam - 필름 & 디지털 카메라,SNOW Corporation,Photo & Video,2026-07-10,True,6781998623
appstore_itunes,kr,top-free,all,5,101cam - 필름 & 디지털 카메라,SNOW Corporation,Photo & Video,2026-07-10,True,6781998623
appstore,kr,top-free,all,6,내가 당신을 사랑할 때 보이는 순간들: 빈티지 카메라앱,ironpig Inc.,사진 및 비디오,2026-06-29,True,6783366739
appstore_itunes,kr,top-free,all,6,내가 당신을 사랑할 때 보이는 순간들: 빈티지 카메라앱,ironpig Inc.,사진 및 비디오,2026-06-29,True,6783366739
appstore,kr,top-free,all,59,하나증권V-대표MTS(NEW),"Hana Securities Co., Ltd.",금융,2026-09-05,True,6755097570
appstore_itunes,kr,top-free,all,59,하나증권V-대표MTS(NEW),"Hana Securities Co., Ltd.",금융,2026-09-05,True,6755097570
appstore,kr,top-free,all,64,Dance AI - AI 비디오 생성기,DeePix AI,Photo & Video,2026-02-02,False,6758041184
appstore_itunes,kr,top-free,all,64,Dance AI - AI 비디오 생성기,DeePix AI,Photo & Video,2026-02-02,False,6758041184
appstore,kr,top-free,all,66,널스메이트 - 간호사를 위한 AI 업무 파트너,HyeonGyu Park,유틸리티,2026-08-30,True,6783877557
appstore_itunes,kr,top-free,all,66,널스메이트 - 간호사를 위한 AI 업무 파트너,HyeonGyu Park,유틸리티,2026-08-30,True,6783877557
appstore,kr,top-free,all,76,타베로그 Tabelog - 일본 현지 맛집 찾기,"Kakaku.com, Inc.",음식 및 음료,2025-11-09,False,6752922875
appstore_itunes,kr,top-free,all,76,타베로그 Tabelog - 일본 현지 맛집 찾기,"Kakaku.com, Inc.",음식 및 음료,2025-11-09,False,6752922875
appstore,kr,top-free,all,85,픽앤팝 - 내 손안의 가챠&쿠지샵,JoyToy,쇼핑,2025-10-30,False,6752372089
appstore_itunes,kr,top-free,all,85,픽앤팝 - 내 손안의 가챠&쿠지샵,JoyToy,쇼핑,2025-10-30,False,6752372089
appstore,kr,top-free,all,93,네몽 - 카드뉴스 캐러셀,ohttne,사진 및 비디오,2026-10-07,True,6817196863
appstore_itunes,kr,top-free,all,93,네몽 - 카드뉴스 캐러셀,ohttne,사진 및 비디오,2026-10-07,True,6817196863
appstore_itunes,kr,top-grossing,all,9,도깨비의세계,Kakao Games Corp.,게임,2026-10-05,True,6758975161
appstore_itunes,kr,top-grossing,all,10,메이플 키우기,NEXON Company,게임,2025-11-05,False,6739616715
appstore_itunes,kr,top-grossing,all,18,쿠키런 키우기 - 쿠키런: 크럼블,Devsisters,게임,2026-07-29,True,6749251466
appstore_itunes,kr,top-grossing,all,23,제우스: 오만의 신,Com2uS Corp.,게임,2026-08-24,True,6504389641
appstore_itunes,kr,top-grossing,all,27,탑 로드,GAME SPARK PTE. LTD.,게임,2026-06-01,True,6767834940
appstore_itunes,kr,top-grossing,all,31,이클립스: 더 어웨이크닝,"Smilegate, Inc.",게임,2026-09-09,True,6745164499
appstore_itunes,kr,top-grossing,all,40,할리우드 머지,VoyagerOne,게임,2026-05-08,True,6755455500
appstore_itunes,kr,top-grossing,all,61,아쿠아랜드: 크레이지 서바이벌,Hong Kong Just Game Technology Limited,게임,2026-09-01,True,6780387121
appstore_itunes,kr,top-grossing,all,68,뚜까펫: 서바이벌,Farlight Games,게임,2026-08-27,True,6741567125
appstore_itunes,kr,top-grossing,all,69,"위프 - 원하는 전개 그대로, AI채팅 (로맨스&BL)",bunkerkids,라이프스타일,2025-10-29,False,6753713932
appstore_itunes,kr,top-grossing,all,72,소울 헌터 키우기 : 신규 서버 출시,"Ryong Game Co., Ltd",게임,2025-12-17,False,6754373623
appstore_itunes,kr,top-grossing,all,78,라스트 어사일럼: 페스트,WISENESS GAME ONLINE INTERNATIONAL LTD,게임,2026-03-02,False,6756989323
appstore_itunes,kr,top-grossing,all,80,후더덕 서바이벌,Joy Net Games,게임,2026-09-17,True,6793854765
appstore_itunes,kr,top-grossing,all,82,더 코지 플로리스트,RiftSky Games,게임,2026-05-07,True,6760822948
appstore_itunes,kr,top-grossing,all,93,드래곤빌리지3,Highbrow,게임,2026-05-27,True,6499562253
appstore_itunes,kr,top-grossing,all,99,열혈강호: 넥스트,"HONGKONG FAME CHAMPION TRADING CO., LIMITED",게임,2026-07-28,True,6762442041
appstore,kr,top-paid,all,2,올디 Oldi - Phone Camera,Sean Cho,,2026-03-20,False,6760838876
appstore,kr,top-paid,all,4,GIKA 기카 - 독보적인 올드폰 감성 카메라,Noahproject Inc.,,2025-12-01,False,6755822636
appstore,kr,top-paid,all,8,영뽀또 - 감성 구도 카메라,Seungyun Kim,,2026-06-26,True,6763737180
appstore,kr,top-paid,all,12,iY2K,SANGSANGLYEOG,,2026-08-21,True,6801799964
appstore,kr,top-paid,all,15,"DayGrid: 데일리스케줄, 하루 계획표",ho young moon,,2026-04-26,True,6762279908
appstore,kr,top-paid,all,18,Runa: RPG Maker & VN Player,Pham Tran Thai Bao,,2026-07-02,True,6779939767
appstore,kr,top-paid,all,22,해병PTSD알람,Dong Chul Lee,,2026-09-25,True,6815752402
appstore,kr,top-paid,all,26,해군PTSD알람,Dong Chul Lee,,2026-09-03,True,6803308114
appstore,kr,top-paid,all,28,play_music_theory,TALA RAE SCHLOSSBERG,,2026-08-19,True,6800616114
appstore,kr,top-paid,all,29,롤리즈: 감성 필름 카메라,마야크루,,2026-09-28,True,6805318319
appstore,kr,top-paid,all,39,하루테이프 - 빈티지 캠코더,soyoung park,,2026-07-28,True,6794555717
appstore,kr,top-paid,all,45,STICKERS - 손글씨 사진 꾸미기 스티커,DooHyun Jang,,2026-04-14,True,6762035374
appstore,kr,top-paid,all,55,AutoSnore: 코골이 녹음기,Tantsissa,,2025-11-02,False,6746705608
appstore,kr,top-paid,all,56,FitToCal - 운동 캘린더 동기화,Jungwoon Park,,2026-01-30,False,6757972468
appstore,kr,top-paid,all,57,RPGPlayer - An RPGMaker Player,Emir Han Temur,,2025-12-10,False,6754986970
appstore,kr,top-paid,all,58,Auday - All-Day Watch Recorder,航江 郭,,2026-10-01,True,6814210373
appstore,kr,top-paid,all,62,애드제로: 광고 없이 쾌적한 웹,SANGSANGLYEOG,,2026-07-30,True,6791538991
appstore,kr,top-paid,all,64,공군 PTSD 알람,SANGSANGLYEOG,,2026-09-21,True,6812858705
appstore,kr,top-paid,all,65,"텔레마케팅관리사 실기 | 기출, 공부",SUIN CHOI,,2026-07-25,True,6793096822
appstore,kr,top-paid,all,69,PrinTodo,yedam lim,,2026-06-21,True,6782047379
appstore,kr,top-paid,all,77,2Do: 투두리스트 & 할 일 관리,Beehive Innovations Services,,2026-09-06,True,1470214600
appstore,kr,top-paid,all,78,Alpin Quest PRO – Outdoor GPS,mustafa pistofoglu,,2026-03-23,False,6760764479
appstore,kr,top-paid,all,82,CherryFilm 패션 셀카 카메라,京 唐,,2026-04-28,True,6760637601
appstore,kr,top-paid,all,83,Cable Tray Bend Calc 2026,"Nanjing Yunxiaochuang Technology Co., Ltd",,2026-07-15,True,6789883283
appstore,kr,top-paid,all,84,NostalgicPod,Jesus manuel Curreri,,2026-10-05,True,6781631808
appstore,kr,top-paid,all,86,DayPic(데이픽) - 하루 기록 사진 일기장,노바링크,,2026-05-26,True,6770772768
appstore,kr,top-paid,all,91,"ZRcamera Pro, Snap",jaekeun park,,2026-08-14,True,6794272967
appstore,kr,top-paid,all,93,지구를 건너 - 디데이 위젯,ZIPPERS,,2026-09-29,True,6811855866
appstore,kr,top-paid,all,100,bluefie - 애니메틱한 색감 카메라앱,"ARTTIC CO., LTD.",,2025-10-09,False,6743655954
appstore_itunes,us,top-free,6000,10,symplr Time and Scheduling,symplr software LLC,Business,2026-09-14,True,6781713817
appstore_itunes,us,top-free,6000,43,"Seller, a Facebook app","Meta Platforms, Inc.",Business,2026-07-23,True,6766382815
appstore_itunes,us,top-free,6000,47,Trybe Creators,Trybe Tech Inc,Business,2026-03-24,False,6759299465
appstore_itunes,us,top-free,6000,61,Bandana Job Search,Bandana,Business,2026-03-03,False,6755500772
appstore_itunes,us,top-free,6000,98,LegalZoom,LegalZoom.com,Business,2026-08-14,True,6760735891
appstore_itunes,us,top-free,6002,16,Authenticator ℠ App,BEGAMOB GLOBAL LIMITED,Utilities,2025-11-19,False,6754900760
appstore_itunes,us,top-free,6002,18,CarTV - M3U IPTV Player & Cast,Lyntra Technology Ltd,Utilities,2026-08-16,True,6800211040
appstore_itunes,us,top-free,6002,32,Epic Games,Epic Games Inc.,Utilities,2025-11-18,False,6480077263
appstore_itunes,us,top-free,6002,43,myCar: Car Widgets & Dashboard,DOFUapps,Utilities,2025-11-20,False,6755033589
appstore_itunes,us,top-free,6002,48,Holy Bible Faith:Verse&Audio,Lichu Studio,Utilities,2026-05-21,True,6767523015
appstore_itunes,us,top-free,6002,55,VPN Unlimited・Proxy Master App,Phone Cleaner Tools,Utilities,2026-08-31,True,6795529595
appstore_itunes,us,top-free,6002,61,TV Remote Control · Universal,TrustOneApps L.L.C-FZ,Utilities,2026-01-15,False,6757016336
appstore_itunes,us,top-free,6002,64,Watcho — Por La Comunidad,ADRIAN URIEL HERNANDEZ,Utilities,2026-07-21,True,6785751665
appstore_itunes,us,top-free,6002,69,incy,LLC ITDEV,Utilities,2026-01-27,False,6756943388
appstore_itunes,us,top-free,6002,71,LocFind: GPS Family Tracker,Princess Limited,Utilities,2026-08-20,True,6794248220
appstore_itunes,us,top-free,6002,75,Authenticator© App,To Ngoc Mai,Utilities,2026-04-30,True,6763306820
appstore_itunes,us,top-free,6002,76,Zyra VPN,MUZA TECHNOLOGIES s.r.o.,Utilities,2026-07-08,True,6782164452
appstore_itunes,us,top-free,6002,91,frenzy - friends only,Fire Apps Ltd,Utilities,2025-12-12,False,6753807741
appstore_itunes,us,top-free,6002,92,Seekee: Ai Search & Ai Tools,"Seekee Verge Co., Ltd",Utilities,2026-06-25,True,6782837151
appstore_itunes,us,top-free,6002,96,Just ChatiX,Hari Om,Utilities,2025-10-22,False,6754266718
appstore_itunes,us,top-free,6002,98,QR Code Barcode Ai Reader,Quke Technology,Utilities,2026-04-07,False,6760985637
appstore_itunes,us,top-free,6002,100,OwnVPN,S.T. MOSTRA MEZE LIMITED,Utilities,2026-08-31,True,6803554471
appstore_itunes,us,top-free,6005,14,"Forum, a Facebook app","Meta Platforms, Inc.",Social Networking,2026-05-21,True,6758308862
appstore_itunes,us,top-free,6005,18,Valid - Compliment Classmates,"RevueAI, Inc",Social Networking,2025-12-11,False,6755367062
appstore_itunes,us,top-free,6005,24,"Instants, an Instagram app","Instagram, Inc.",Social Networking,2026-05-12,True,6756442328
appstore_itunes,us,top-free,6005,26,MONOPOLY GO!Chat,"Scopely, Inc.",Social Networking,2026-03-30,False,6747054496
appstore_itunes,us,top-free,6005,33,Facebook Creator Studio,"Meta Platforms, Inc.",Social Networking,2026-08-10,True,6761864604
appstore_itunes,us,top-free,6005,47,ThingsBook,Naver U.Hub Inc.,Social Networking,2026-01-25,False,6745533235
appstore_itunes,us,top-free,6005,64,GТL: Gеtting Оut Messaging,Telmate product INC.,Social Networking,2026-06-30,True,6783769467
appstore_itunes,us,top-free,6005,68,setlog - friends camera,new chat,Social Networking,2025-12-24,False,6587576438
appstore_itunes,us,top-free,6005,72,Vlogit: Vlogs With Friends,Vlogit,Social Networking,2026-06-15,True,6753156888
appstore_itunes,us,top-free,6005,73,Sea Soul,SUNRISEAI PTE. LTD.,Social Networking,2026-02-23,False,6758688589
appstore_itunes,us,top-free,6005,77,LINUX DO Community,"UASM, LLC",Social Networking,2026-10-02,True,6758321192
appstore_itunes,us,top-free,6005,82,Tato Talk,BackEndTech,Social Networking,2026-04-03,False,6761046869
appstore_itunes,us,top-free,6005,100,ClearTok: Repost Remover,Data-Traces LLC,Social Networking,2026-01-30,False,6758125008
appstore_itunes,us,top-free,6007,1,Muse from Meta,"Meta Platforms, Inc.",Productivity,2026-09-08,True,6760173601
appstore_itunes,us,top-free,6007,12,Grok Bot,X Corp.,Productivity,2026-08-11,True,6794501026
appstore_itunes,us,top-free,6007,46,Smart Printer App℠ for HP ·,AstraBridge Limited,Productivity,2026-01-20,False,6757393880
appstore_itunes,us,top-free,6007,50,SocialLite-Block Reels&Shorts,Sociallite LLC,Productivity,2026-01-29,False,6757661674
appstore_itunes,us,top-free,6007,51,Charge Win: Win Rewards,Sunnrise Lab,Productivity,2026-07-28,True,6791895084
appstore_itunes,us,top-free,6007,55,TranslateAll: Live Translator,Aurora Borealis Culture Media Limited,Productivity,2026-05-14,True,6768545062
appstore_itunes,us,top-free,6007,78,Office Word: Edit Document,BEGAMOB GLOBAL LIMITED,Productivity,2026-04-01,False,6759957263
appstore_itunes,us,top-free,6007,83,Dola AI: Smart Personal Helper,Constantinou Georgia,Productivity,2026-08-14,True,6796370885
appstore_itunes,us,top-free,6007,93,WasteConnect+,"Waste Connections, Inc.",Productivity,2026-07-14,True,6751504827
appstore_itunes,us,top-free,6008,10,AI Video Generator - Vixel,FENIX MOBILE YAZILIM A.S.,Photo & Video,2026-01-23,False,6756965785
appstore_itunes,us,top-free,6008,11,Dance AI - Video Generator,DeePix AI,Photo & Video,2026-02-02,False,6758041184
appstore_itunes,us,top-free,6008,19,PixVerse Lite,AIVORA PTE. LTD.,Photo & Video,2026-05-27,True,6767802142
appstore_itunes,us,top-free,6008,43,SorAI - AI Video Generator,DES GRADNJE d.o.o.,Photo & Video,2026-07-16,True,6778837255
appstore_itunes,us,top-free,6008,79,KICK - Go Live,Kick Streaming,Photo & Video,2025-12-15,False,6743709514
appstore_itunes,us,top-free,6008,95,101cam - Film & Digital Camera,SNOW Corporation,Photo & Video,2026-07-10,True,6781998623
appstore_itunes,us,top-free,6008,100,Face Magic - AI Photo Editor,App Studio Yazılım Hizmetleri LTD STI,Photo & Video,2026-05-26,True,6761524609
appstore_itunes,us,top-free,6012,12,KidHub by Unleashed Brands,Unleashed Services,Lifestyle,2026-06-01,True,6768380647
appstore_itunes,us,top-free,6012,36,Hark Pro,Hark Labs Inc.,Lifestyle,2026-09-30,True,6772362941
appstore_itunes,us,top-free,6012,46,Instant Cash Advance - Zora,TC FUNDING V DESIGNATED ACTIVITY COMPANY,Lifestyle,2026-06-09,True,6763320578
appstore_itunes,us,top-free,6012,76,Wello - Heart Health Monitor,Cozyverse,Lifestyle,2026-03-27,False,6760641376
appstore_itunes,us,top-free,6012,80,Glucera: Blood Sugar Tracker,BEGAMOB GLOBAL LIMITED,Lifestyle,2026-08-31,True,6796661353
appstore_itunes,us,top-free,6012,88,Contracted,Contracted AI,Lifestyle,2026-04-23,True,6761958634
appstore_itunes,us,top-free,6012,97,Gist - Life Well Lived,AppLovin Corp,Lifestyle,2026-05-03,True,6754110310
appstore_itunes,us,top-free,6013,10,New EōS Fitness,Fitness Alliance LLC,Health & Fitness,2026-05-03,True,6759914925
appstore_itunes,us,top-free,6013,19,Wayk: Alarm Clock to Wake Up,Dialed Labs Inc.,Health & Fitness,2026-02-03,False,6758021281
appstore_itunes,us,top-free,6013,40,SleepSense: Sleep Tracker,Dualstar Entertainment Group,Health & Fitness,2026-07-22,True,6791916451
appstore_itunes,us,top-free,6013,49,Quick BloodPressure,Far Vision Ltd.,Health & Fitness,2026-01-29,False,6758321524
appstore_itunes,us,top-free,6013,56,HealthPro: Blood Sugar,TickFlow,Health & Fitness,2026-03-25,False,6760378459
appstore_itunes,us,top-free,6013,82,PulseGuard Ai,DIAMOND WHEEL LIMITED,Health & Fitness,2025-10-17,False,6754058817
appstore_itunes,us,top-free,6013,84,FaceVital: Health Monitor,BEGAMOB GLOBAL LIMITED,Health & Fitness,2026-06-19,True,6773569672
appstore_itunes,us,top-free,6013,87,Grow Therapy,"Grow Care, Inc.",Health & Fitness,2025-10-16,False,6744416231
appstore_itunes,us,top-free,6015,1,Trump Accounts: Official App,U.S. Department of the Treasury,Finance,2026-05-27,True,6767364919
appstore_itunes,us,top-free,6015,28,ebtEDGE NEW!,FIS,Finance,2025-12-05,False,6751549725
appstore_itunes,us,top-free,6015,42,Rocco - Fast Cash Advance,Rocco Finance Inc.,Finance,2026-08-11,True,6764022479
appstore_itunes,us,top-free,6015,64,Centier Bank,Centier Bank,Finance,2026-10-05,True,6796064584
appstore_itunes,us,top-free,6015,86,Cherry: The Smarter Way to Pay,"Cherry Technologies, Inc.",Finance,2026-03-05,False,6759454662
appstore_itunes,us,top-free,6015,87,Willow® Mastercard®,First Savings Bank (SD),Finance,2026-10-06,True,6810362752
appstore_itunes,us,top-free,6015,95,250 Cash Advance: Borrow Money,Delfin Investment SIA,Finance,2026-09-11,True,6787952860
appstore_itunes,us,top-free,6016,2,TikTok Pro - Events,TikTok Ltd.,Entertainment,2026-06-03,True,6741796873
appstore_itunes,us,top-free,6016,3,PineDrama - Short Dramas,TikTok Ltd.,Entertainment,2025-12-23,False,6754134922
appstore_itunes,us,top-free,6016,6,BlinkDrama - Short Dramas,Atlas Ventures Culture & Technology Limited,Entertainment,2026-05-29,True,6768593043
appstore_itunes,us,top-free,6016,9,StoryReel: Drama Shorts & TV,Equinox Enterprises‌ Technology Limited,Entertainment,2026-04-08,False,6761538521
appstore_itunes,us,top-free,6016,27,VibeShort: AI Short Dramas,AGILE QUADRANT MEDIA LIMITED,Entertainment,2026-02-25,False,6758667154
appstore_itunes,us,top-free,6016,28,Soda Reels,STATION DEPART POINT,Entertainment,2026-02-17,False,6758488784
appstore_itunes,us,top-free,6016,46,Drama: Watch Short Stories,Kuku Technologies Limited,Entertainment,2026-06-14,True,6768240254
appstore_itunes,us,top-free,6016,48,OOC: The Playable Anime,New AI Entertainment Inc.,Entertainment,2026-04-15,True,6761247061
appstore_itunes,us,top-free,6016,59,Loopit - AI Playable Maker,"SeedLeap Intelligent Technology Co., Ltd.",Entertainment,2026-01-03,False,6755859360
appstore_itunes,us,top-free,6016,63,DramaBox Lite - Mini Drama TV,STORYMATRIX PTE. LTD.,Entertainment,2026-01-09,False,6755754589
appstore_itunes,us,top-free,6016,66,VYBS: Earn Rewards,VYBS Entertainment Technology ltd,Entertainment,2026-06-26,True,6784293036
appstore_itunes,us,top-free,6016,70,ShowMiRush,Riverblock International LLC,Entertainment,2026-09-14,True,6810663965
appstore_itunes,us,top-free,6016,75,SpeedCash: Play & Earn Rewards,Leaps Gaming LTD,Entertainment,2025-12-21,False,6752559330
appstore_itunes,us,top-free,6016,79,Whispy AI: Cozy Chat,NEXBASE TECH PTE. LTD.,Entertainment,2026-06-04,True,6770413766
appstore_itunes,us,top-free,6016,80,PuzzlePlay: Earn Cash,PUZZLEPLAY LIMITED,Entertainment,2026-07-20,True,6757589894
appstore_itunes,us,top-free,6016,85,HookDrama,Kin Ho CHIU,Entertainment,2026-03-31,False,6761250525
appstore_itunes,us,top-free,6016,93,Swerve: AI Chat & Stories,"MSPW Labs, Inc.",Entertainment,2025-11-16,False,6754301136
appstore_itunes,us,top-free,6016,96,Heyyyy: Stories that text back,heyyyyAI Inc.,Entertainment,2026-04-10,True,6761748236
appstore_itunes,us,top-free,6016,97,DramaLocal,SiHai,Entertainment,2026-01-29,False,6757374961
appstore_itunes,us,top-free,6016,99,ColdTrace: Cold Case Mystery,Saclic Studio,Entertainment,2026-05-31,True,6762513021
appstore_itunes,us,top-free,6017,29,Ziggy: Learn ASL Sign Language,OneDegree Labs,Education,2026-07-21,True,6781227577
appstore_itunes,us,top-free,6017,57,Abide-Daily Scripture Study,LEARNOVELTY TECH SDN. BHD.,Education,2025-11-12,False,6755150818
appstore_itunes,us,top-free,6017,59,MapTap.gg,MapTap Inc,Education,2025-11-18,False,6755205355
appstore_itunes,us,top-free,6017,74,GraceNotes – Gratitude Journal,Ai Browser,Education,2025-11-06,False,6749408774
appstore_itunes,us,top-free,6017,75,Pinu – Language Learning,LEAF BOAT TECHNOLOGY LIMITED,Education,2026-03-11,False,6758291757
appstore_itunes,us,top-free,6017,81,IQ Elevate - Brain Training,澳 董,Education,2026-04-02,False,6761459934
appstore_itunes,us,top-free,6017,82,Talko: Learn English with AI,Soly Limited,Education,2026-05-04,True,6762030901
appstore_itunes,us,top-free,6017,90,DMV: Practice Test before Exam,BENJAMIN PETER LOWRY,Education,2026-01-16,False,6757428581
appstore_itunes,us,top-free,6024,11,Rips by Triumph,Triumph Arcade,Shopping,2025-10-22,False,6751921248
appstore_itunes,us,top-free,6024,61,MintPull - Rip TCG Pocket,Arcane Answers Studio Limited,Shopping,2026-04-26,True,6762112073
appstore_itunes,us,top-free,6024,66,IcyBox,InfiniteEdge Inc.,Shopping,2026-03-07,False,6758816716
appstore_itunes,us,top-free,6024,75,Comfrt: Shop Cozy Clothing,COMFRT,Shopping,2025-11-25,False,6755090694
appstore_itunes,us,top-free,6024,82,Lidl Plus,Lidl Digital International GmbH & Co. KG,Shopping,2026-06-25,True,1238611143
appstore_itunes,us,top-free,6024,93,Package Tracker - TrackPack,EpicScale Inc,Shopping,2026-06-17,True,6762376278
appstore,us,top-free,all,1,Muse from Meta,"Meta Platforms, Inc.",Productivity,2026-09-08,True,6760173601
appstore_itunes,us,top-free,all,1,Muse from Meta,"Meta Platforms, Inc.",Productivity,2026-09-08,True,6760173601
appstore,us,top-free,all,2,Trump Accounts: Official App,U.S. Department of the Treasury,Finance,2026-05-27,True,6767364919
appstore_itunes,us,top-free,all,2,Trump Accounts: Official App,U.S. Department of the Treasury,Finance,2026-05-27,True,6767364919
appstore,us,top-free,all,7,TikTok Pro - Events,TikTok Ltd.,Entertainment,2026-06-03,True,6741796873
appstore_itunes,us,top-free,all,7,TikTok Pro - Events,TikTok Ltd.,Entertainment,2026-06-03,True,6741796873
appstore,us,top-free,all,13,PineDrama - Short Dramas,TikTok Ltd.,Entertainment,2025-12-23,False,6754134922
appstore_itunes,us,top-free,all,13,PineDrama - Short Dramas,TikTok Ltd.,Entertainment,2025-12-23,False,6754134922
appstore,us,top-free,all,31,BlinkDrama - Short Dramas,Atlas Ventures Culture & Technology Limited,Entertainment,2026-05-29,True,6768593043
appstore_itunes,us,top-free,all,31,BlinkDrama - Short Dramas,Atlas Ventures Culture & Technology Limited,Entertainment,2026-05-29,True,6768593043
appstore,us,top-free,all,63,Rips by Triumph,Triumph Arcade,Shopping,2025-10-22,False,6751921248
appstore_itunes,us,top-free,all,63,Rips by Triumph,Triumph Arcade,Shopping,2025-10-22,False,6751921248
appstore,us,top-free,all,66,EarthScope: GPS Map Camera,EINMOB LIMITED,Navigation,2026-07-08,True,6787098655
appstore_itunes,us,top-free,all,66,EarthScope: GPS Map Camera,EINMOB LIMITED,Navigation,2026-07-08,True,6787098655
appstore,us,top-free,all,67,StoryReel: Drama Shorts & TV,Equinox Enterprises‌ Technology Limited,Entertainment,2026-04-08,False,6761538521
appstore_itunes,us,top-free,all,67,StoryReel: Drama Shorts & TV,Equinox Enterprises‌ Technology Limited,Entertainment,2026-04-08,False,6761538521
appstore,us,top-free,all,82,Grok Bot,X Corp.,Productivity,2026-08-11,True,6794501026
appstore_itunes,us,top-free,all,82,Grok Bot,X Corp.,Productivity,2026-08-11,True,6794501026
appstore_itunes,us,top-grossing,all,61,Block Out! - Color Sort Puzzle,Grand Games A.Ş.,Games,2025-10-31,False,6752672568
appstore_itunes,us,top-grossing,all,63,Colony Flow!,ABI GLOBAL LTD.,Games,2026-06-13,True,6779167923
appstore_itunes,us,top-grossing,all,77,Jelly Busters: Puzzle Game,Moon Active,Games,2026-01-26,False,6756058501
appstore_itunes,us,top-grossing,all,100,Bus Traffic Fever!,"GOODROID,Inc.",Games,2026-03-13,False,6759763476
appstore,us,top-paid,all,6,play_music_theory,TALA RAE SCHLOSSBERG,,2026-08-19,True,6800616114
appstore,us,top-paid,all,9,2AM CAM,Aiden Magarian,,2026-08-27,True,6793744610
appstore,us,top-paid,all,23,Moment Pro Camera II,Moment Inc.,,2025-11-14,False,6748837351
appstore,us,top-paid,all,28,NostalgicPod,Jesus manuel Curreri,,2026-10-05,True,6781631808
appstore,us,top-paid,all,51,Wildwood: Follow the Crows,Wild In Art Ltd.,,2026-08-06,True,6786316806
appstore,us,top-paid,all,88,V2Box Pro - V2ray Client,Hexa Software,,2026-05-16,True,6756966178
appstore,us,top-paid,all,98,Plezy: Media Server Client,Edvard Wikhall,,2025-10-30,False,6754315964
