category,n,users_median,rating_mean,ai_share,new_1y
productivity/tools,121,55000.0,4.397452403543025,0.5371900826446281,17
productivity/workflow,103,100000.0,4.343889706547977,0.24271844660194175,8
productivity/education,44,300000.0,4.390716592510009,0.22727272727272727,1
make_chrome_yours/accessibility,44,400000.0,4.2495063203432615,0.06818181818181818,0
lifestyle/shopping,42,100000.0,4.616647325129027,0.09523809523809523,4
make_chrome_yours/functionality,42,100000.0,4.3235855439919675,0.11904761904761904,0
productivity/communication,37,100000.0,4.488118412329943,0.35135135135135137,3
make_chrome_yours/privacy,35,1000000.0,4.395838480156941,0.05714285714285714,2
lifestyle/fun,34,200000.0,4.262772922879034,0.0,0
lifestyle/social,33,100000.0,4.121799305389651,0.030303030303030304,0
lifestyle/entertainment,33,90000.0,4.2285351753137865,0.0,2
productivity/developer,32,600000.0,4.375633830747268,0.09375,0
lifestyle/art,32,35000.0,4.252436172666321,0.125,2
lifestyle/travel,32,2000.0,4.730832228719851,0.0625,8
lifestyle/news,32,8500.0,4.333902226068741,0.03125,2
lifestyle/household,32,1000.0,4.348985520103033,0.09375,9
lifestyle/games,32,100000.0,3.925734521367594,0.0,1
lifestyle/well_being,32,5000.0,4.5311996294703105,0.03125,3
