name,미국,중국,베트남,폴란드,일본,인도,대만,네덜란드,사우디아라비아
김 등 식용 해조류,20.5,-26.4,39.3,53.6,-25.9,-87.5,31.6,12.3,37.5
라면(그 밖의 파스타),9.9,24.2,-4.9,176.2,13.7,53.8,42.9,113.5,-5.3
리튬이온 2차전지,-25.3,-11.7,17.7,637.0,17.1,229.4,325.4,319.4,344.9
무기(자주포·로켓 등),-44.0,,,-50.1,,,,,
반도체(집적회로),303.5,285.5,183.8,-10.6,154.3,170.1,44.8,267.4,
변압기·전력변환기 전체,-2.9,-9.0,1.0,94.4,43.5,-43.4,19.7,11.6,-75.9
선박(여객·화물선),,,,,-83.8,,-93.2,-100.0,
소스·조미료(불닭소스·고추장 등),13.5,-14.9,-4.6,23.8,12.0,-2.4,22.6,70.5,46.8
승용차,1.2,-23.4,-35.4,6.7,53.4,167.2,64.8,5.5,-16.8
인삼,50.8,29.7,59.2,,197.2,-99.0,-22.9,-100.0,
전선·케이블,40.5,-5.2,12.4,-4.8,-3.7,-1.1,-78.5,-45.1,-26.3
전차·장갑차(K2·K9 등),-52.3,,,97.5,,,,-24.4,-100.0
초고압 변압기(1만kVA 초과),7.7,,17.2,,,,-100.0,,-100.0
탄약,27.7,,,52.1,,,,,939.1
화장품,45.2,18.7,18.8,25.1,13.9,25.1,-10.8,320.6,-1.7
