hs,name,group,corp,m,m_prev,m_ly,mom,yoy,q3,q3_ly,q3_yoy,ytd,ytd_ly,ytd_yoy
8542,반도체(집적회로),IT,"삼성전자, SK하이닉스",38235697.0,32724292.0,12615813.0,16.8,203.1,104524180.0,37159836.0,181.3,219953064.0,85346896.0,157.7
3304,화장품,소비재,"실리콘투, 아모레퍼시픽, 코스맥스, 한국콜마, 에이피알",1081342.0,1097193.0,701996.0,-1.4,54.0,3268879.0,2280255.0,43.4,7902856.0,6086499.0,29.8
190230,라면(그 밖의 파스타),K푸드,"삼양식품, 농심, 오뚜기",167311.0,161143.0,122701.0,3.8,36.4,503338.0,398441.0,26.3,1331354.0,1054559.0,26.2
2103,소스·조미료(불닭소스·고추장 등),K푸드,"삼양식품, CJ제일제당, 대상",35930.0,34825.0,30087.0,3.2,19.4,108987.0,98844.0,10.3,286902.0,276707.0,3.7
121221,김 등 식용 해조류,K푸드,"동원F&B, CJ제일제당(김 전문 상장사는 적음)",36322.0,37775.0,42657.0,-3.8,-14.9,145923.0,165801.0,-12.0,388887.0,429166.0,-9.4
121120,인삼,K푸드,KT&G(정관장),6820.0,3927.0,3343.0,73.7,104.0,15885.0,13060.0,21.6,30909.0,42094.0,-26.6
850423,초고압 변압기(1만kVA 초과),전력기기,"HD현대일렉트릭, 효성중공업, LS ELECTRIC",176335.0,120852.0,102704.0,45.9,71.7,366232.0,367781.0,-0.4,998923.0,850061.0,17.5
8504,변압기·전력변환기 전체,전력기기,"HD현대일렉트릭, 효성중공업, LS ELECTRIC, 산일전기",415634.0,399016.0,348392.0,4.2,19.3,1155281.0,1232837.0,-6.3,3009625.0,3068579.0,-1.9
8544,전선·케이블,전력기기,"LS, 대한전선, 가온전선",373683.0,449004.0,376536.0,-16.8,-0.8,1268428.0,1232818.0,2.9,3174775.0,3146684.0,0.9
8901,선박(여객·화물선),조선,"HD한국조선해양, 삼성중공업, 한화오션",1579468.0,3045258.0,2940607.0,-48.1,-46.3,7280271.0,7264837.0,0.2,19258035.0,17191353.0,12.0
8703,승용차,자동차,"현대차, 기아",3643314.0,5939270.0,5212758.0,-38.7,-30.1,15938604.0,16701066.0,-4.6,43585053.0,45628158.0,-4.5
850760,리튬이온 2차전지,2차전지,"LG에너지솔루션, 삼성SDI, SK이노베이션",304112.0,364078.0,290261.0,-16.5,4.8,1050870.0,981391.0,7.1,3054589.0,2696658.0,13.3
8710,전차·장갑차(K2·K9 등),방산,"현대로템, 한화에어로스페이스",103647.0,362400.0,37975.0,-71.4,172.9,955895.0,506773.0,88.6,1117958.0,1088408.0,2.7
9301,무기(자주포·로켓 등),방산,"한화에어로스페이스, LIG넥스원",39326.0,67526.0,22042.0,-41.8,78.4,134978.0,179156.0,-24.7,436781.0,656594.0,-33.5
9306,탄약,방산,풍산,239955.0,126875.0,30021.0,89.1,699.3,555327.0,404306.0,37.4,1279125.0,1028152.0,24.4
