hs,name,cnty,m,m_ly,m_prev,yoy,q3,q3_ly,q3_yoy,q3_diff,share_q3,item_q3_yoy,gap
8542,반도체(집적회로),중국,16053865.0,3674450.0,13422131.0,336.9,41057506.0,10649440.0,285.5,30408066.0,39.3,181.3,104.19999999999999
8901,선박(여객·화물선),마샬군도,517315.0,611705.0,865691.0,-15.4,2097299.0,988241.0,112.2,1109058.0,28.8,0.2,112.0
8703,승용차,독일,141222.0,164347.0,222285.0,-14.1,566058.0,427553.0,32.4,138505.0,3.6,-4.6,37.0
8544,전선·케이블,미국,136627.0,69590.0,145065.0,96.3,437800.0,311614.0,40.5,126186.0,34.5,2.9,37.6
3304,화장품,캐나다,100810.0,8916.0,18340.0,1030.7,141593.0,31633.0,347.6,109960.0,4.3,43.4,304.20000000000005
850760,리튬이온 2차전지,인도,39625.0,8517.0,40880.0,365.2,124575.0,37823.0,229.4,86752.0,11.9,7.1,222.3
9306,탄약,사우디아라비아,0.0,4737.0,39254.0,-100.0,91122.0,8769.0,939.1,82353.0,16.4,37.4,901.7
8504,변압기·전력변환기 전체,말레이시아,65220.0,1896.0,9811.0,3339.9,80879.0,10399.0,677.8,70480.0,7.0,-6.3,684.0999999999999
850423,초고압 변압기(1만kVA 초과),말레이시아,60540.0,0.0,6394.0,,66934.0,2797.0,2293.1,64137.0,18.3,-0.4,2293.5
190230,라면(그 밖의 파스타),네덜란드,14051.0,6165.0,9544.0,127.9,36149.0,16933.0,113.5,19216.0,7.2,26.3,87.2
8710,전차·장갑차(K2·K9 등),루마니아,0.0,101.0,13015.0,-100.0,13102.0,517.0,2434.2,12585.0,1.4,88.6,2345.6
121221,김 등 식용 해조류,러시아 연방,5403.0,7926.0,6806.0,-31.8,25682.0,19405.0,32.3,6277.0,17.6,-12.0,44.3
