date,biz_type,title,org,otype,amount,sw,id,금액(억),분야
20260424,일반용역,차세대 글로벌 SW·AI 인재 양성 해외연수『2026 크림슨 실리콘밸리 SW·AI 리더스 프로그램』운영 용역,고려대학교 세종캠퍼스,공공기관,135000000000.0,Y,R26BD00219081,1350.0,"AI(전체),정보시스템 구축·고도화"
20260918,물품,Imagine-AI GPU 및 패브릭 장비 세트,광주과학기술원,공공기관,28047184000.0,,R26BD00276581,280.5,AI(전체)
20260710,일반용역,국방 지능형 플랫폼 고도화 구축,한국지능정보사회진흥원,공공기관,21506770618.0,Y,R26BD00251139,215.1,"AI(전체),정보시스템 구축·고도화"
20260416,일반용역,지능형 무역투자 플랫폼 구축,대한무역투자진흥공사,공공기관,21092910000.0,Y,R26BD00214644,210.9,"AI(전체),정보시스템 구축·고도화"
20260519,일반용역,지능형 무역투자 플랫폼 구축,대한무역투자진흥공사,공공기관,21092910000.0,Y,R26BD00229411,210.9,"AI(전체),정보시스템 구축·고도화"
20260421,물품,인천공항 경비보안시스템 통신망 개선사업(2차),인천국제공항공사,공공기관,17579738570.0,,R26BD00216953,175.8,정보보호·보안
20260506,일반용역,2026년 클라우드 전환 및 업무서비스 개선 사업,건강보험심사평가원,공공기관,16116730414.0,Y,R26BD00223380,161.2,클라우드
20260713,물품,[한남대학교 산학협력단]2026-8호 국방 AI 인재양성 인프라 구축 및 운영,한남대학교 산학협력단,공공기관,14600000000.0,,R26BD00251330,146.0,AI(전체)
20260716,일반용역,[한남대학교 산학협력단]2026-8호 국방AX거점센터 국방AI 인재양성 인프라 구축 및 운영 사업,한남대학교 산학협력단,공공기관,14600000000.0,,R26BD00253387,146.0,AI(전체)
20260827,일반용역,NPU 기반 범정부 AI 서비스 구현,한국지능정보사회진흥원,공공기관,13408420416.0,Y,R26BD00268218,134.1,AI(전체)
20260819,일반용역,한국석유공사 AI 기반 구축 사업,한국석유공사,공공기관,13225835150.0,Y,R26BD00265225,132.3,AI(전체)
20260410,일반용역,AI 플랫폼(KEXIM AI) 구축,한국수출입은행,공공기관,13010000000.0,Y,R26BD00211424,130.1,AI(전체)
20260507,일반용역,클라우드기반 인터넷PC(DaaS) 서비스 사업자 선정,과학기술정보통신부 우정사업본부 우정정보관리원,중앙부처·소속,12730081210.0,Y,R26BD00223828,127.3,"클라우드,스마트기기·PC"
20260417,일반용역,사건기록용 고속복합기(개인정보비식별시스템 탑재)임차 사업,경찰청,중앙부처·소속,12703149600.0,Y,R26BD00215245,127.0,개인정보
20260430,일반용역,가톨릭대학교 PI기반 차세대(지능형) 통합정보시스템 구축,가톨릭대학교 성심교정,공공기관,11000000000.0,,R26BD00221892,110.0,"AI(전체),정보시스템 구축·고도화"
