분야,org,건수,금액억
AI(전체),한국지능정보사회진흥원,82,1234.6
AI(전체),한국수자원공사,42,190.8
AI(전체),한국과학기술정보연구원,32,74.3
AI(전체),한국생산기술연구원,32,23.4
AI(전체),한국인터넷진흥원,31,111.7
AI(전체),국방부 국군재정관리단,27,329.5
AI(전체),한국도로공사,23,149.6
AI(전체),(주)한국능률협회컨설팅,22,24.7
AI(전체),한국기술교육대학교,21,17.2
AI(전체),한국건설기술연구원,20,46.0
정보보호·보안,한국인터넷진흥원,68,180.9
정보보호·보안,인천국제공항공사,21,357.5
정보보호·보안,중소기업은행,20,51.5
정보보호·보안,국방부 국군재정관리단,15,60.8
정보보호·보안,사단법인 금융보안원,12,0.0
정보보호·보안,한전KDN(주),11,98.1
정보보호·보안,한국가스공사,11,77.6
정보보호·보안,경찰청,10,14.2
정보보호·보안,아주대학교 산학협력단,8,6.4
정보보호·보안,한국은행,7,46.6
