tag,2024,2025,2026,2025→2026(%p)
Hard Tech,2.4,2.7,5.9,3.2
Robotics,2.7,4.5,7.1,2.6
Deep Learning,0.7,0.2,2.0,1.8
Hardware,1.5,4.2,5.5,1.3
Insurance,1.9,1.1,2.3,1.2
Infrastructure,4.1,5.5,6.2,0.7
Manufacturing,2.7,3.5,3.7,0.2
AIOps,1.9,1.8,2.0,0.2
Automation,3.7,2.6,2.8,0.2
Reinforcement Learning,0.8,2.6,2.8,0.2
Fintech,6.9,4.4,4.3,-0.1
Enterprise Software,3.7,3.9,3.6,-0.3
Machine Learning,3.6,3.5,3.1,-0.4
Finance,3.2,2.3,1.9,-0.4
Industrial,1.5,2.1,1.7,-0.4
Healthcare,4.6,2.9,2.3,-0.6
Marketing,2.5,2.3,1.2,-1.1
Compliance,2.0,2.1,0.7,-1.4
Conversational AI,1.9,2.3,0.7,-1.6
Health Tech,2.7,2.7,1.1,-1.6
Education,1.2,2.3,0.3,-2.0
Productivity,4.1,3.2,1.1,-2.1
Analytics,3.2,2.7,0.5,-2.2
AI Assistant,6.6,4.4,2.1,-2.3
Open Source,3.1,4.0,1.5,-2.5
Sales,3.1,3.4,0.8,-2.6
Consumer,6.9,5.0,2.1,-2.9
Generative AI,8.8,5.5,1.6,-3.9
SaaS,14.7,10.8,6.2,-4.6
Developer Tools,13.6,12.1,7.1,-5.0
B2B,23.7,20.5,13.1,-7.4
AI,33.2,27.1,19.0,-8.1
Artificial Intelligence,35.3,32.4,22.1,-10.3
