ym,period,kind,name,usd_k
202508,01~10,P,전체,14646230.0
202508,01~10,P,반도체,3896567.0
202508,01~10,P,철강제품,863210.0
202508,01~10,P,승용차,948921.0
202508,01~10,P,석유제품,1208499.0
202508,01~10,P,무선통신기기,517507.0
202508,01~10,P,선박,1125793.0
202508,01~10,P,자동차부품,350911.0
202508,01~10,P,컴퓨터주변기기,245274.0
202508,01~10,P,정밀기기,222673.0
202508,01~10,P,가전제품,124222.0
202508,01~20,P,전체,35394043.0
202508,01~20,P,반도체,8712461.0
202508,01~20,P,철강제품,2180914.0
202508,01~20,P,승용차,2769818.0
202508,01~20,P,석유제품,2710881.0
202508,01~20,P,무선통신기기,995037.0
202508,01~20,P,선박,2313910.0
202508,01~20,P,자동차부품,996067.0
202508,01~20,P,컴퓨터주변기기,665826.0
202508,01~20,P,정밀기기,522878.0
202508,01~20,P,가전제품,317711.0
202508,01~31,P,전체,58259332.0
202508,01~31,P,반도체,15299467.0
202508,01~31,P,철강제품,3560149.0
202508,01~31,P,승용차,5212759.0
202508,01~31,P,석유제품,4173194.0
202508,01~31,P,무선통신기기,1588463.0
202508,01~31,P,선박,2978223.0
202508,01~31,P,자동차부품,1582444.0
202508,01~31,P,컴퓨터주변기기,1373278.0
202508,01~31,P,정밀기기,874037.0
202508,01~31,P,가전제품,514282.0
202509,01~10,P,전체,19154390.0
202509,01~10,P,반도체,4453532.0
202509,01~10,P,철강제품,1235279.0
202509,01~10,P,승용차,1552382.0
202509,01~10,P,석유제품,1191055.0
202509,01~10,P,무선통신기기,597549.0
202509,01~10,P,선박,896530.0
202509,01~10,P,자동차부품,655774.0
202509,01~10,P,컴퓨터주변기기,328598.0
202509,01~10,P,정밀기기,358328.0
202509,01~10,P,가전제품,198831.0
202509,01~20,P,전체,40050000.0
202509,01~20,P,반도체,9495449.0
202509,01~20,P,철강제품,2511412.0
202509,01~20,P,승용차,3418359.0
202509,01~20,P,석유제품,2714051.0
202509,01~20,P,무선통신기기,1250165.0
202509,01~20,P,선박,1501289.0
202509,01~20,P,자동차부품,1209270.0
202509,01~20,P,컴퓨터주변기기,810182.0
202509,01~20,P,정밀기기,683501.0
202509,01~20,P,가전제품,405054.0
202509,01~30,P,전체,65904118.0
202509,01~30,P,반도체,16793796.0
202509,01~30,P,철강제품,4010790.0
202509,01~30,P,승용차,6042273.0
202509,01~30,P,석유제품,4241471.0
202509,01~30,P,무선통신기기,1843236.0
202509,01~30,P,선박,2770339.0
202509,01~30,P,자동차부품,1826428.0
202509,01~30,P,컴퓨터주변기기,1451348.0
202509,01~30,P,정밀기기,1070757.0
202509,01~30,P,가전제품,628772.0
202510,01~10,P,전체,12925797.0
202510,01~10,P,반도체,4502158.0
202510,01~10,P,철강제품,726572.0
202510,01~10,P,승용차,664405.0
202510,01~10,P,석유제품,1207142.0
202510,01~10,P,무선통신기기,366146.0
202510,01~10,P,선박,787768.0
202510,01~10,P,자동차부품,260805.0
202510,01~10,P,컴퓨터주변기기,163100.0
202510,01~10,P,정밀기기,152855.0
202510,01~10,P,가전제품,89146.0
202510,01~20,P,전체,30003320.0
202510,01~20,P,반도체,8532873.0
202510,01~20,P,철강제품,1814795.0
202510,01~20,P,승용차,2383057.0
202510,01~20,P,석유제품,2346221.0
202510,01~20,P,무선통신기기,880195.0
202510,01~20,P,선박,1516205.0
202510,01~20,P,자동차부품,701779.0
202510,01~20,P,컴퓨터주변기기,464097.0
202510,01~20,P,정밀기기,416475.0
202510,01~20,P,가전제품,267555.0
202510,01~31,P,전체,59511578.0
202510,01~31,P,반도체,15861970.0
202510,01~31,P,철강제품,3497302.0
202510,01~31,P,승용차,5246367.0
202510,01~31,P,석유제품,3871514.0
202510,01~31,P,무선통신기기,1544872.0
202510,01~31,P,선박,4621065.0
202510,01~31,P,자동차부품,1432872.0
202510,01~31,P,컴퓨터주변기기,1133567.0
202510,01~31,P,정밀기기,845434.0
202510,01~31,P,가전제품,511663.0
202511,01~10,P,전체,15794269.0
202511,01~10,P,반도체,3857254.0
202511,01~10,P,철강제품,863811.0
202511,01~10,P,승용차,1541069.0
202511,01~10,P,석유제품,1002173.0
202511,01~10,P,무선통신기기,465312.0
202511,01~10,P,선박,655543.0
202511,01~10,P,자동차부품,421667.0
202511,01~10,P,컴퓨터주변기기,309735.0
202511,01~10,P,정밀기기,245204.0
202511,01~10,P,가전제품,147176.0
202511,01~20,P,전체,38419340.0
202511,01~20,P,반도체,9752081.0
202511,01~20,P,철강제품,2249573.0
202511,01~20,P,승용차,3803397.0
202511,01~20,P,석유제품,2150055.0
202511,01~20,P,무선통신기기,1022831.0
202511,01~20,P,선박,1158010.0
202511,01~20,P,자동차부품,1043984.0
202511,01~20,P,컴퓨터주변기기,851386.0
202511,01~20,P,정밀기기,614705.0
202511,01~20,P,가전제품,338673.0
202511,01~30,P,전체,60752618.0
202511,01~30,P,반도체,17442597.0
202511,01~30,P,철강제품,3480452.0
202511,01~30,P,승용차,6043663.0
202511,01~30,P,석유제품,3313953.0
202511,01~30,P,무선통신기기,1538658.0
202511,01~30,P,선박,1726991.0
202511,01~30,P,자동차부품,1477229.0
202511,01~30,P,컴퓨터주변기기,1530127.0
202511,01~30,P,정밀기기,925587.0
202511,01~30,P,가전제품,495173.0
202512,01~10,P,전체,20539795.0
202512,01~10,P,반도체,5271795.0
202512,01~10,P,철강제품,1198581.0
202512,01~10,P,승용차,1358660.0
202512,01~10,P,석유제품,1489405.0
202512,01~10,P,무선통신기기,632941.0
202512,01~10,P,선박,562190.0
202512,01~10,P,자동차부품,575305.0
202512,01~10,P,컴퓨터주변기기,481667.0
202512,01~10,P,정밀기기,361743.0
202512,01~10,P,가전제품,184333.0
202512,01~20,P,전체,42971602.0
202512,01~20,P,반도체,11645487.0
202512,01~20,P,철강제품,2572088.0
202512,01~20,P,승용차,3250935.0
202512,01~20,P,석유제품,2593436.0
202512,01~20,P,무선통신기기,1211443.0
202512,01~20,P,선박,1460197.0
202512,01~20,P,자동차부품,1176743.0
202512,01~20,P,컴퓨터주변기기,1203954.0
202512,01~20,P,정밀기기,756296.0
202512,01~20,P,가전제품,399382.0
202512,01~31,P,전체,69513624.0
202512,01~31,P,반도체,20917832.0
202512,01~31,P,철강제품,4021349.0
202512,01~31,P,승용차,5587815.0
202512,01~31,P,석유제품,4216318.0
202512,01~31,P,무선통신기기,1636225.0
202512,01~31,P,선박,2890840.0
202512,01~31,P,자동차부품,1730319.0
202512,01~31,P,컴퓨터주변기기,2179775.0
202512,01~31,P,정밀기기,1079049.0
202512,01~31,P,가전제품,557783.0
202601,01~10,P,전체,15573451.0
202601,01~10,P,반도체,4636494.0
202601,01~10,P,철강제품,977304.0
202601,01~10,P,승용차,1017252.0
202601,01~10,P,석유제품,1020393.0
202601,01~10,P,무선통신기기,450083.0
202601,01~10,P,선박,918516.0
202601,01~10,P,자동차부품,381921.0
202601,01~10,P,컴퓨터주변기기,256207.0
202601,01~10,P,정밀기기,239476.0
202601,01~10,P,가전제품,99953.0
202601,01~20,P,전체,36347334.0
202601,01~20,P,반도체,10731563.0
202601,01~20,P,철강제품,2416424.0
202601,01~20,P,승용차,2862929.0
202601,01~20,P,석유제품,2486005.0
202601,01~20,P,무선통신기기,1044513.0
202601,01~20,P,선박,1324470.0
202601,01~20,P,자동차부품,869108.0
202601,01~20,P,컴퓨터주변기기,640814.0
202601,01~20,P,정밀기기,524092.0
202601,01~20,P,가전제품,277167.0
202601,01~31,P,전체,65843637.0
202601,01~31,P,반도체,20687770.0
202601,01~31,P,철강제품,4072166.0
202601,01~31,P,승용차,5743614.0
202601,01~31,P,석유제품,3796655.0
202601,01~31,P,무선통신기기,1913420.0
202601,01~31,P,선박,2360600.0
202601,01~31,P,자동차부품,1541595.0
202601,01~31,P,컴퓨터주변기기,1696075.0
202601,01~31,P,정밀기기,884600.0
202601,01~31,P,가전제품,560989.0
202602,01~10,P,전체,21405437.0
202602,01~10,P,반도체,6728639.0
202602,01~10,P,철강제품,1226133.0
202602,01~10,P,승용차,1347331.0
202602,01~10,P,석유제품,1562550.0
202602,01~10,P,무선통신기기,570604.0
202602,01~10,P,선박,665638.0
202602,01~10,P,자동차부품,519797.0
202602,01~10,P,컴퓨터주변기기,462055.0
202602,01~10,P,정밀기기,293592.0
202602,01~10,P,가전제품,202602.0
202602,01~20,P,전체,43694567.0
202602,01~20,P,반도체,15110747.0
202602,01~20,P,철강제품,2532152.0
202602,01~20,P,승용차,2643458.0
202602,01~20,P,석유제품,3124380.0
202602,01~20,P,무선통신기기,1030904.0
202602,01~20,P,선박,1301485.0
202602,01~20,P,자동차부품,971233.0
202602,01~20,P,컴퓨터주변기기,1345285.0
202602,01~20,P,정밀기기,525756.0
202602,01~20,P,가전제품,372661.0
202602,01~28,P,전체,67644342.0
202602,01~28,P,반도체,25254092.0
202602,01~28,P,철강제품,3678573.0
202602,01~28,P,승용차,4503105.0
202602,01~28,P,석유제품,4134731.0
202602,01~28,P,무선통신기기,1403770.0
202602,01~28,P,선박,2145152.0
202602,01~28,P,자동차부품,1368173.0
202602,01~28,P,컴퓨터주변기기,2734202.0
202602,01~28,P,정밀기기,774109.0
202602,01~28,P,가전제품,526282.0
202603,01~10,P,전체,22047961.0
202603,01~10,P,반도체,7588184.0
202603,01~10,P,철강제품,1088776.0
202603,01~10,P,승용차,1371448.0
202603,01~10,P,석유제품,1978728.0
202603,01~10,P,무선통신기기,454119.0
202603,01~10,P,선박,465459.0
202603,01~10,P,자동차부품,489319.0
202603,01~10,P,컴퓨터주변기기,815068.0
202603,01~10,P,정밀기기,266983.0
202603,01~10,P,가전제품,167437.0
202603,01~20,P,전체,54305608.0
202603,01~20,P,반도체,18657336.0
202603,01~20,P,철강제품,2765817.0
202603,01~20,P,승용차,3658783.0
202603,01~20,P,석유제품,4148076.0
202603,01~20,P,무선통신기기,1068235.0
202603,01~20,P,선박,2143259.0
202603,01~20,P,자동차부품,1182974.0
202603,01~20,P,컴퓨터주변기기,2226086.0
202603,01~20,P,정밀기기,613171.0
202603,01~20,P,가전제품,397359.0
202603,01~31,P,전체,87363746.0
202603,01~31,P,반도체,32972552.0
202603,01~31,P,철강제품,4108175.0
202603,01~31,P,승용차,6077570.0
202603,01~31,P,석유제품,6315001.0
202603,01~31,P,무선통신기기,1573396.0
202603,01~31,P,선박,3413486.0
202603,01~31,P,자동차부품,1695108.0
202603,01~31,P,컴퓨터주변기기,3602148.0
202603,01~31,P,정밀기기,942021.0
202603,01~31,P,가전제품,620067.0
202604,01~10,P,전체,25126248.0
202604,01~10,P,반도체,8572668.0
202604,01~10,P,철강제품,1423814.0
202604,01~10,P,승용차,1706645.0
202604,01~10,P,석유제품,1705644.0
202604,01~10,P,무선통신기기,568770.0
202604,01~10,P,선박,815043.0
202604,01~10,P,자동차부품,651737.0
202604,01~10,P,컴퓨터주변기기,522973.0
202604,01~10,P,정밀기기,317628.0
202604,01~10,P,가전제품,160339.0
202604,01~20,P,전체,50268009.0
202604,01~20,P,반도체,18285235.0
202604,01~20,P,철강제품,2587075.0
202604,01~20,P,승용차,3142554.0
202604,01~20,P,석유제품,3121570.0
202604,01~20,P,무선통신기기,1024610.0
202604,01~20,P,선박,1773569.0
202604,01~20,P,자동차부품,1094792.0
202604,01~20,P,컴퓨터주변기기,2197612.0
202604,01~20,P,정밀기기,544884.0
202604,01~20,P,가전제품,313221.0
202604,01~30,P,전체,85750598.0
202604,01~30,P,반도체,32037742.0
202604,01~30,P,철강제품,4322468.0
202604,01~30,P,승용차,5841651.0
202604,01~30,P,석유제품,5054233.0
202604,01~30,P,무선통신기기,1479328.0
202604,01~30,P,선박,2772718.0
202604,01~30,P,자동차부품,1793020.0
202604,01~30,P,컴퓨터주변기기,4238499.0
202604,01~30,P,정밀기기,920998.0
202604,01~30,P,가전제품,539173.0
202605,01~10,P,전체,17939291.0
202605,01~10,P,반도체,8538611.0
202605,01~10,P,철강제품,744879.0
202605,01~10,P,승용차,828405.0
202605,01~10,P,석유제품,1043907.0
202605,01~10,P,무선통신기기,421847.0
202605,01~10,P,선박,261824.0
202605,01~10,P,자동차부품,291705.0
202605,01~10,P,컴퓨터주변기기,627104.0
202605,01~10,P,정밀기기,170361.0
202605,01~10,P,가전제품,107909.0
202605,01~20,P,전체,52497683.0
202605,01~20,P,반도체,21950844.0
202605,01~20,P,철강제품,2417313.0
202605,01~20,P,승용차,2762606.0
202605,01~20,P,석유제품,3267858.0
202605,01~20,P,무선통신기기,982520.0
202605,01~20,P,선박,1414852.0
202605,01~20,P,자동차부품,950944.0
202605,01~20,P,컴퓨터주변기기,2449292.0
202605,01~20,P,정밀기기,532856.0
202605,01~20,P,가전제품,331809.0
202605,01~31,P,전체,87552620.0
202605,01~31,P,반도체,37286222.0
202605,01~31,P,철강제품,4040830.0
202605,01~31,P,승용차,5480514.0
202605,01~31,P,석유제품,5236115.0
202605,01~31,P,무선통신기기,1502309.0
202605,01~31,P,선박,2503537.0
202605,01~31,P,자동차부품,1477127.0
202605,01~31,P,컴퓨터주변기기,4337680.0
202605,01~31,P,정밀기기,838614.0
202605,01~31,P,가전제품,580187.0
202606,01~10,P,전체,28480871.0
202606,01~10,P,반도체,11066419.0
202606,01~10,P,철강제품,1309259.0
202606,01~10,P,승용차,1620205.0
202606,01~10,P,석유제품,1851977.0
202606,01~10,P,무선통신기기,448340.0
202606,01~10,P,선박,1353827.0
202606,01~10,P,자동차부품,566293.0
202606,01~10,P,컴퓨터주변기기,928331.0
202606,01~10,P,정밀기기,312282.0
202606,01~10,P,가전제품,187697.0
202606,01~20,P,전체,61728993.0
202606,01~20,P,반도체,25503658.0
202606,01~20,P,철강제품,2799840.0
202606,01~20,P,승용차,3731563.0
202606,01~20,P,석유제품,3517134.0
202606,01~20,P,무선통신기기,1049249.0
202606,01~20,P,선박,2211475.0
202606,01~20,P,자동차부품,1102771.0
202606,01~20,P,컴퓨터주변기기,3065561.0
202606,01~20,P,정밀기기,622054.0
202606,01~20,P,가전제품,411351.0
202606,01~30,P,전체,101959795.0
202606,01~30,P,반도체,44942586.0
202606,01~30,P,철강제품,4350841.0
202606,01~30,P,승용차,6356020.0
202606,01~30,P,석유제품,5444650.0
202606,01~30,P,무선통신기기,1576270.0
202606,01~30,P,선박,2714944.0
202606,01~30,P,자동차부품,1653180.0
202606,01~30,P,컴퓨터주변기기,5584322.0
202606,01~30,P,정밀기기,981939.0
202606,01~30,P,가전제품,660503.0
202607,01~10,P,전체,29954981.0
202607,01~10,P,반도체,11210210.0
202607,01~10,P,철강제품,1463419.0
202607,01~10,P,승용차,1892511.0
202607,01~10,P,석유제품,1904764.0
202607,01~10,P,무선통신기기,784320.0
202607,01~10,P,선박,1542354.0
202607,01~10,P,자동차부품,613343.0
202607,01~10,P,컴퓨터주변기기,866247.0
202607,01~10,P,정밀기기,333130.0
202607,01~10,P,가전제품,229864.0
202607,01~20,P,전체,55208200.0
202607,01~20,P,반도체,22120084.0
202607,01~20,P,철강제품,2647351.0
202607,01~20,P,승용차,3227998.0
202607,01~20,P,석유제품,3721844.0
202607,01~20,P,무선통신기기,1336736.0
202607,01~20,P,선박,2448114.0
202607,01~20,P,자동차부품,1047691.0
202607,01~20,P,컴퓨터주변기기,2031298.0
202607,01~20,P,정밀기기,554102.0
202607,01~20,P,가전제품,424007.0
202607,01~31,P,전체,99190335.0
202607,01~31,P,반도체,41173418.0
202607,01~31,P,철강제품,4670407.0
202607,01~31,P,승용차,5939277.0
202607,01~31,P,석유제품,6121005.0
202607,01~31,P,무선통신기기,2051103.0
202607,01~31,P,선박,3111752.0
202607,01~31,P,자동차부품,1854520.0
202607,01~31,P,컴퓨터주변기기,4938569.0
202607,01~31,P,정밀기기,999196.0
202607,01~31,P,가전제품,697492.0
202608,01~10,P,전체,21263370.0
202608,01~10,P,반도체,9951704.0
202608,01~10,P,철강제품,888770.0
202608,01~10,P,승용차,181405.0
202608,01~10,P,석유제품,2003274.0
202608,01~10,P,무선통신기기,470566.0
202608,01~10,P,선박,470680.0
202608,01~10,P,자동차부품,222029.0
202608,01~10,P,컴퓨터주변기기,587424.0
202608,01~10,P,정밀기기,206115.0
202608,01~10,P,가전제품,113074.0
202608,01~20,P,전체,55219260.0
202608,01~20,P,반도체,26034569.0
202608,01~20,P,철강제품,2391216.0
202608,01~20,P,승용차,1520807.0
202608,01~20,P,석유제품,4236194.0
202608,01~20,P,무선통신기기,1040236.0
202608,01~20,P,선박,913927.0
202608,01~20,P,자동차부품,796871.0
202608,01~20,P,컴퓨터주변기기,2278122.0
202608,01~20,P,정밀기기,524137.0
202608,01~20,P,가전제품,306820.0
202608,01~31,P,전체,98282430.0
202608,01~31,P,반도체,46829319.0
202608,01~31,P,철강제품,4036002.0
202608,01~31,P,승용차,3643315.0
202608,01~31,P,석유제품,6882093.0
202608,01~31,P,무선통신기기,1650086.0
202608,01~31,P,선박,1631184.0
202608,01~31,P,자동차부품,1415382.0
202608,01~31,P,컴퓨터주변기기,6410080.0
202608,01~31,P,정밀기기,861045.0
202608,01~31,P,가전제품,509995.0
202609,01~10,P,전체,34973081.0
202609,01~10,P,반도체,16483056.0
202609,01~10,P,철강제품,1362183.0
202609,01~10,P,승용차,1707722.0
202609,01~10,P,석유제품,1870248.0
202609,01~10,P,무선통신기기,654257.0
202609,01~10,P,선박,1495389.0
202609,01~10,P,자동차부품,664559.0
202609,01~10,P,컴퓨터주변기기,634522.0
202609,01~10,P,정밀기기,341020.0
202609,01~10,P,가전제품,199166.0
202609,01~20,P,전체,71409349.0
202609,01~20,P,반도체,34128119.0
202609,01~20,P,철강제품,2712227.0
202609,01~20,P,승용차,3734779.0
202609,01~20,P,석유제품,4012147.0
202609,01~20,P,무선통신기기,1245445.0
202609,01~20,P,선박,2446453.0
202609,01~20,P,자동차부품,1133439.0
202609,01~20,P,컴퓨터주변기기,2330034.0
202609,01~20,P,정밀기기,640533.0
202609,01~20,P,가전제품,377984.0
202609,01~30,P,전체,120943825.0
202609,01~30,P,반도체,60503641.0
202609,01~30,P,철강제품,4277639.0
202609,01~30,P,승용차,5705946.0
202609,01~30,P,석유제품,7259591.0
202609,01~30,P,무선통신기기,1815314.0
202609,01~30,P,선박,3638696.0
202609,01~30,P,자동차부품,1678775.0
202609,01~30,P,컴퓨터주변기기,7145115.0
202609,01~30,P,정밀기기,966809.0
202609,01~30,P,가전제품,580741.0
202508,01~10,N,전체,14646230.0
202508,01~10,N,중국,2872418.0
202508,01~10,N,미국,2049105.0
202508,01~10,N,유럽연합,954671.0
202508,01~10,N,베트남,1642898.0
202508,01~10,N,홍콩,439061.0
202508,01~10,N,일본,539686.0
202508,01~10,N,대만,1151732.0
202508,01~10,N,인도,364220.0
202508,01~10,N,싱가포르,928791.0
202508,01~10,N,말레이시아,264801.0
202508,01~20,N,전체,35394043.0
202508,01~20,N,중국,6980704.0
202508,01~20,N,미국,5003238.0
202508,01~20,N,유럽연합,3672176.0
202508,01~20,N,베트남,3479823.0
202508,01~20,N,홍콩,1049421.0
202508,01~20,N,일본,1436544.0
202508,01~20,N,대만,2668125.0
202508,01~20,N,인도,981476.0
202508,01~20,N,싱가포르,1458040.0
202508,01~20,N,말레이시아,549342.0
202508,01~31,N,전체,58259332.0
202508,01~31,N,중국,10990269.0
202508,01~31,N,미국,8718145.0
202508,01~31,N,유럽연합,5779829.0
202508,01~31,N,베트남,5398092.0
202508,01~31,N,홍콩,2726867.0
202508,01~31,N,일본,2376746.0
202508,01~31,N,대만,4371509.0
202508,01~31,N,인도,1591153.0
202508,01~31,N,싱가포르,2164627.0
202508,01~31,N,말레이시아,1039247.0
202509,01~10,N,전체,19154390.0
202509,01~10,N,중국,3918737.0
202509,01~10,N,미국,2958843.0
202509,01~10,N,유럽연합,1622588.0
202509,01~10,N,베트남,2069978.0
202509,01~10,N,홍콩,674273.0
202509,01~10,N,일본,719343.0
202509,01~10,N,대만,1154469.0
202509,01~10,N,인도,627354.0
202509,01~10,N,싱가포르,310658.0
202509,01~10,N,말레이시아,291674.0
202509,01~20,N,전체,40050000.0
202509,01~20,N,중국,7775503.0
202509,01~20,N,미국,6522136.0
202509,01~20,N,유럽연합,3881328.0
202509,01~20,N,베트남,4052331.0
202509,01~20,N,홍콩,1616817.0
202509,01~20,N,일본,1587506.0
202509,01~20,N,대만,2427082.0
202509,01~20,N,인도,1168889.0
202509,01~20,N,싱가포르,809770.0
202509,01~20,N,말레이시아,560218.0
202509,01~30,N,전체,65904118.0
202509,01~30,N,중국,11679519.0
202509,01~30,N,미국,10267271.0
202509,01~30,N,유럽연합,7157817.0
202509,01~30,N,베트남,5925624.0
202509,01~30,N,홍콩,3496991.0
202509,01~30,N,일본,2560674.0
202509,01~30,N,대만,5205355.0
202509,01~30,N,인도,1721596.0
202509,01~30,N,싱가포르,1510021.0
202509,01~30,N,말레이시아,1025125.0
202510,01~10,N,전체,12925797.0
202510,01~10,N,중국,2840270.0
202510,01~10,N,미국,1407314.0
202510,01~10,N,유럽연합,713407.0
202510,01~10,N,베트남,1268404.0
202510,01~10,N,홍콩,447377.0
202510,01~10,N,일본,515151.0
202510,01~10,N,대만,1945096.0
202510,01~10,N,인도,323295.0
202510,01~10,N,싱가포르,340904.0
202510,01~10,N,말레이시아,206168.0
202510,01~20,N,전체,30003320.0
202510,01~20,N,중국,6560077.0
202510,01~20,N,미국,4228275.0
202510,01~20,N,유럽연합,2503861.0
202510,01~20,N,베트남,2869855.0
202510,01~20,N,홍콩,1148241.0
202510,01~20,N,일본,1200447.0
202510,01~20,N,대만,2988604.0
202510,01~20,N,인도,807515.0
202510,01~20,N,싱가포르,891043.0
202510,01~20,N,말레이시아,425768.0
202510,01~31,N,전체,59511578.0
202510,01~31,N,중국,11551156.0
202510,01~31,N,미국,8711425.0
202510,01~31,N,유럽연합,5175830.0
202510,01~31,N,베트남,5101558.0
202510,01~31,N,홍콩,3064910.0
202510,01~31,N,일본,2219360.0
202510,01~31,N,대만,5157834.0
202510,01~31,N,인도,1477351.0
202510,01~31,N,싱가포르,1483016.0
202510,01~31,N,말레이시아,707218.0
202511,01~10,N,전체,15794269.0
202511,01~10,N,중국,3695279.0
202511,01~10,N,미국,2577996.0
202511,01~10,N,유럽연합,1434580.0
202511,01~10,N,베트남,1498909.0
202511,01~10,N,홍콩,693340.0
202511,01~10,N,일본,656286.0
202511,01~10,N,대만,737698.0
202511,01~10,N,인도,359401.0
202511,01~10,N,싱가포르,292712.0
202511,01~10,N,말레이시아,221525.0
202511,01~20,N,전체,38419340.0
202511,01~20,N,중국,8161985.0
202511,01~20,N,미국,6772756.0
202511,01~20,N,유럽연합,3577178.0
202511,01~20,N,베트남,3505336.0
202511,01~20,N,홍콩,1555739.0
202511,01~20,N,일본,1531520.0
202511,01~20,N,대만,2325930.0
202511,01~20,N,인도,956771.0
202511,01~20,N,싱가포르,700057.0
202511,01~20,N,말레이시아,673513.0
202511,01~30,N,전체,60752618.0
202511,01~30,N,중국,12040141.0
202511,01~30,N,미국,10352809.0
202511,01~30,N,유럽연합,5337962.0
202511,01~30,N,베트남,5401863.0
202511,01~30,N,홍콩,3762282.0
202511,01~30,N,일본,2306195.0
202511,01~30,N,대만,4116109.0
202511,01~30,N,인도,1477040.0
202511,01~30,N,싱가포르,1278337.0
202511,01~30,N,말레이시아,1276764.0
202512,01~10,N,전체,20539795.0
202512,01~10,N,중국,4225654.0
202512,01~10,N,미국,3573648.0
202512,01~10,N,유럽연합,1594586.0
202512,01~10,N,베트남,2130253.0
202512,01~10,N,홍콩,965769.0
202512,01~10,N,일본,898646.0
202512,01~10,N,대만,1005070.0
202512,01~10,N,인도,568248.0
202512,01~10,N,싱가포르,752969.0
202512,01~10,N,말레이시아,424694.0
202512,01~20,N,전체,42971602.0
202512,01~20,N,중국,8573875.0
202512,01~20,N,미국,7856184.0
202512,01~20,N,유럽연합,3711761.0
202512,01~20,N,베트남,4236316.0
202512,01~20,N,홍콩,2108243.0
202512,01~20,N,일본,1734886.0
202512,01~20,N,대만,2194478.0
202512,01~20,N,인도,1157245.0
202512,01~20,N,싱가포르,1421833.0
202512,01~20,N,말레이시아,969474.0
202512,01~31,N,전체,69513624.0
202512,01~31,N,중국,12964961.0
202512,01~31,N,미국,12335136.0
202512,01~31,N,유럽연합,5829703.0
202512,01~31,N,베트남,6281464.0
202512,01~31,N,홍콩,4624114.0
202512,01~31,N,일본,2456896.0
202512,01~31,N,대만,5131207.0
202512,01~31,N,인도,1719210.0
202512,01~31,N,싱가포르,2069321.0
202512,01~31,N,말레이시아,1406127.0
202601,01~10,N,전체,15573451.0
202601,01~10,N,중국,3879875.0
202601,01~10,N,미국,2269562.0
202601,01~10,N,유럽연합,1108177.0
202601,01~10,N,베트남,1759922.0
202601,01~10,N,홍콩,528510.0
202601,01~10,N,일본,588452.0
202601,01~10,N,대만,864921.0
202601,01~10,N,인도,410809.0
202601,01~10,N,싱가포르,574065.0
202601,01~10,N,말레이시아,218097.0
202601,01~20,N,전체,36347334.0
202601,01~20,N,중국,8457342.0
202601,01~20,N,미국,6643510.0
202601,01~20,N,유럽연합,2905988.0
202601,01~20,N,베트남,3830606.0
202601,01~20,N,홍콩,1411434.0
202601,01~20,N,일본,1296143.0
202601,01~20,N,대만,1857034.0
202601,01~20,N,인도,1031228.0
202601,01~20,N,싱가포르,990940.0
202601,01~20,N,말레이시아,560106.0
202601,01~31,N,전체,65843637.0
202601,01~31,N,중국,13528177.0
202601,01~31,N,미국,12006733.0
202601,01~31,N,유럽연합,5400930.0
202601,01~31,N,베트남,6453114.0
202601,01~31,N,홍콩,4329293.0
202601,01~31,N,일본,2245851.0
202601,01~31,N,대만,3960781.0
202601,01~31,N,인도,1684637.0
202601,01~31,N,싱가포르,1702438.0
202601,01~31,N,말레이시아,976721.0
202602,01~10,N,전체,21405437.0
202602,01~10,N,중국,4566784.0
202602,01~10,N,미국,3600027.0
202602,01~10,N,유럽연합,1765110.0
202602,01~10,N,베트남,2120616.0
202602,01~10,N,홍콩,915353.0
202602,01~10,N,일본,759283.0
202602,01~10,N,대만,1111209.0
202602,01~10,N,인도,661188.0
202602,01~10,N,싱가포르,584641.0
202602,01~10,N,말레이시아,680784.0
202602,01~20,N,전체,43694567.0
202602,01~20,N,중국,8686644.0
202602,01~20,N,미국,8020790.0
202602,01~20,N,유럽연합,3806048.0
202602,01~20,N,베트남,3962242.0
202602,01~20,N,홍콩,2227458.0
202602,01~20,N,일본,1692480.0
202602,01~20,N,대만,2886704.0
202602,01~20,N,인도,1273344.0
202602,01~20,N,싱가포르,1571063.0
202602,01~20,N,말레이시아,1036786.0
202602,01~28,N,전체,67644342.0
202602,01~28,N,중국,12779125.0
202602,01~28,N,미국,12704241.0
202602,01~28,N,유럽연합,5566389.0
202602,01~28,N,베트남,5895225.0
202602,01~28,N,홍콩,4984105.0
202602,01~28,N,일본,2392253.0
202602,01~28,N,대만,4549137.0
202602,01~28,N,인도,1739790.0
202602,01~28,N,싱가포르,2492991.0
202602,01~28,N,말레이시아,1734097.0
202603,01~10,N,전체,22047961.0
202603,01~10,N,중국,5276652.0
202603,01~10,N,미국,4221088.0
202603,01~10,N,유럽연합,1443673.0
202603,01~10,N,베트남,2189941.0
202603,01~10,N,홍콩,1255776.0
202603,01~10,N,일본,752808.0
202603,01~10,N,대만,1344647.0
202603,01~10,N,인도,547307.0
202603,01~10,N,싱가포르,518699.0
202603,01~10,N,말레이시아,236307.0
202603,01~20,N,전체,54305608.0
202603,01~20,N,중국,10949328.0
202603,01~20,N,미국,10608523.0
202603,01~20,N,유럽연합,4495071.0
202603,01~20,N,베트남,4756206.0
202603,01~20,N,홍콩,3498473.0
202603,01~20,N,일본,1896240.0
202603,01~20,N,대만,3358214.0
202603,01~20,N,인도,1343876.0
202603,01~20,N,싱가포르,1298684.0
202603,01~20,N,말레이시아,895160.0
202603,01~31,N,전체,87363746.0
202603,01~31,N,중국,16714606.0
202603,01~31,N,미국,16420152.0
202603,01~31,N,유럽연합,7472509.0
202603,01~31,N,베트남,7131866.0
202603,01~31,N,홍콩,7860430.0
202603,01~31,N,일본,2918757.0
202603,01~31,N,대만,6319722.0
202603,01~31,N,인도,1965394.0
202603,01~31,N,싱가포르,2075543.0
202603,01~31,N,말레이시아,1427983.0
202604,01~10,N,전체,25126248.0
202604,01~10,N,중국,5711210.0
202604,01~10,N,미국,4288022.0
202604,01~10,N,유럽연합,2352976.0
202604,01~10,N,베트남,2809471.0
202604,01~10,N,홍콩,877275.0
202604,01~10,N,일본,1261889.0
202604,01~10,N,대만,1282230.0
202604,01~10,N,인도,849502.0
202604,01~10,N,싱가포르,529990.0
202604,01~10,N,말레이시아,413087.0
202604,01~20,N,전체,50268009.0
202604,01~20,N,중국,11285064.0
202604,01~20,N,미국,9351057.0
202604,01~20,N,유럽연합,4397860.0
202604,01~20,N,베트남,5434887.0
202604,01~20,N,홍콩,2179789.0
202604,01~20,N,일본,2113015.0
202604,01~20,N,대만,2671189.0
202604,01~20,N,인도,1560656.0
202604,01~20,N,싱가포르,1127629.0
202604,01~20,N,말레이시아,811689.0
202604,01~30,N,전체,85750598.0
202604,01~30,N,중국,17664939.0
202604,01~30,N,미국,16359101.0
202604,01~30,N,유럽연합,7184377.0
202604,01~30,N,베트남,7897888.0
202604,01~30,N,홍콩,5541633.0
202604,01~30,N,일본,2981650.0
202604,01~30,N,대만,5561476.0
202604,01~30,N,인도,2416737.0
202604,01~30,N,싱가포르,2194529.0
202604,01~30,N,말레이시아,1536340.0
202605,01~10,N,전체,17939291.0
202605,01~10,N,중국,5091394.0
202605,01~10,N,미국,2345223.0
202605,01~10,N,유럽연합,1320336.0
202605,01~10,N,베트남,2239586.0
202605,01~10,N,홍콩,1021821.0
202605,01~10,N,일본,642389.0
202605,01~10,N,대만,1372939.0
202605,01~10,N,인도,327149.0
202605,01~10,N,싱가포르,273526.0
202605,01~10,N,말레이시아,262971.0
202605,01~20,N,전체,52497683.0
202605,01~20,N,중국,12340184.0
202605,01~20,N,미국,9413186.0
202605,01~20,N,유럽연합,4030018.0
202605,01~20,N,베트남,5374569.0
202605,01~20,N,홍콩,2893044.0
202605,01~20,N,일본,1675250.0
202605,01~20,N,대만,3479532.0
202605,01~20,N,인도,1185713.0
202605,01~20,N,싱가포르,1140700.0
202605,01~20,N,말레이시아,801682.0
202605,01~31,N,전체,87552620.0
202605,01~31,N,중국,18879842.0
202605,01~31,N,미국,15992073.0
202605,01~31,N,유럽연합,6234002.0
202605,01~31,N,베트남,8444883.0
202605,01~31,N,홍콩,6466746.0
202605,01~31,N,일본,2640972.0
202605,01~31,N,대만,6664196.0
202605,01~31,N,인도,1955280.0
202605,01~31,N,싱가포르,2304934.0
202605,01~31,N,말레이시아,1461409.0
202606,01~10,N,전체,28480871.0
202606,01~10,N,중국,6166537.0
202606,01~10,N,미국,4518242.0
202606,01~10,N,유럽연합,2151743.0
202606,01~10,N,베트남,2825235.0
202606,01~10,N,홍콩,1487315.0
202606,01~10,N,일본,798418.0
202606,01~10,N,대만,1865008.0
202606,01~10,N,인도,671091.0
202606,01~10,N,싱가포르,1127496.0
202606,01~10,N,말레이시아,946155.0
202606,01~20,N,전체,61728993.0
202606,01~20,N,중국,13017082.0
202606,01~20,N,미국,11373465.0
202606,01~20,N,유럽연합,4701979.0
202606,01~20,N,베트남,5917922.0
202606,01~20,N,홍콩,3871551.0
202606,01~20,N,일본,1855797.0
202606,01~20,N,대만,4540190.0
202606,01~20,N,인도,1366097.0
202606,01~20,N,싱가포르,2169384.0
202606,01~20,N,말레이시아,1694599.0
202606,01~30,N,전체,101959795.0
202606,01~30,N,중국,20005445.0
202606,01~30,N,미국,20017387.0
202606,01~30,N,유럽연합,7630433.0
202606,01~30,N,베트남,8618848.0
202606,01~30,N,홍콩,9094976.0
202606,01~30,N,일본,2798782.0
202606,01~30,N,대만,8318051.0
202606,01~30,N,인도,2104498.0
202606,01~30,N,싱가포르,3123507.0
202606,01~30,N,말레이시아,2457868.0
202607,01~10,N,전체,29954981.0
202607,01~10,N,중국,7057068.0
202607,01~10,N,미국,4917574.0
202607,01~10,N,유럽연합,2517680.0
202607,01~10,N,베트남,3446907.0
202607,01~10,N,홍콩,1345595.0
202607,01~10,N,일본,1017839.0
202607,01~10,N,대만,1405872.0
202607,01~10,N,인도,839366.0
202607,01~10,N,싱가포르,981387.0
202607,01~10,N,말레이시아,579543.0
202607,01~20,N,전체,55208200.0
202607,01~20,N,중국,13366658.0
202607,01~20,N,미국,8979415.0
202607,01~20,N,유럽연합,4992069.0
202607,01~20,N,베트남,6221387.0
202607,01~20,N,홍콩,2259184.0
202607,01~20,N,일본,1683644.0
202607,01~20,N,대만,2792999.0
202607,01~20,N,인도,1485644.0
202607,01~20,N,싱가포르,1489034.0
202607,01~20,N,말레이시아,1486193.0
202607,01~31,N,전체,99190335.0
202607,01~31,N,중국,21699033.0
202607,01~31,N,미국,17497410.0
202607,01~31,N,유럽연합,9405966.0
202607,01~31,N,베트남,9871468.0
202607,01~31,N,홍콩,6657591.0
202607,01~31,N,일본,2759842.0
202607,01~31,N,대만,5678210.0
202607,01~31,N,인도,2586626.0
202607,01~31,N,싱가포르,2483313.0
202607,01~31,N,말레이시아,2575629.0
202608,01~10,N,전체,21263370.0
202608,01~10,N,중국,6744731.0
202608,01~10,N,미국,2030329.0
202608,01~10,N,유럽연합,1500246.0
202608,01~10,N,베트남,2387646.0
202608,01~10,N,홍콩,1578000.0
202608,01~10,N,일본,645047.0
202608,01~10,N,대만,1100413.0
202608,01~10,N,인도,470954.0
202608,01~10,N,싱가포르,272287.0
202608,01~10,N,말레이시아,601855.0
202608,01~20,N,전체,55219260.0
202608,01~20,N,중국,15270392.0
202608,01~20,N,미국,7977815.0
202608,01~20,N,유럽연합,3556495.0
202608,01~20,N,베트남,5825599.0
202608,01~20,N,홍콩,3622749.0
202608,01~20,N,일본,1691086.0
202608,01~20,N,대만,3295976.0
202608,01~20,N,인도,1375101.0
202608,01~20,N,싱가포르,1118868.0
202608,01~20,N,말레이시아,1990177.0
202608,01~31,N,전체,98282430.0
202608,01~31,N,중국,24112225.0
202608,01~31,N,미국,16498834.0
202608,01~31,N,유럽연합,6625654.0
202608,01~31,N,베트남,8819269.0
202608,01~31,N,홍콩,8902968.0
202608,01~31,N,일본,2685117.0
202608,01~31,N,대만,6471201.0
202608,01~31,N,인도,2346133.0
202608,01~31,N,싱가포르,2376963.0
202608,01~31,N,말레이시아,3363118.0
202609,01~10,N,전체,34973081.0
202609,01~10,N,중국,7953248.0
202609,01~10,N,미국,7027714.0
202609,01~10,N,유럽연합,2254539.0
202609,01~10,N,베트남,2942676.0
202609,01~10,N,홍콩,1788360.0
202609,01~10,N,일본,1102270.0
202609,01~10,N,대만,3185899.0
202609,01~10,N,인도,833804.0
202609,01~10,N,싱가포르,625947.0
202609,01~10,N,말레이시아,704366.0
202609,01~20,N,전체,71409349.0
202609,01~20,N,중국,16625500.0
202609,01~20,N,미국,14215187.0
202609,01~20,N,유럽연합,5318802.0
202609,01~20,N,베트남,5869602.0
202609,01~20,N,홍콩,3843784.0
202609,01~20,N,일본,2119955.0
202609,01~20,N,대만,5545530.0
202609,01~20,N,인도,1694283.0
202609,01~20,N,싱가포르,1924295.0
202609,01~20,N,말레이시아,1534344.0
202609,01~30,N,전체,120943825.0
202609,01~30,N,중국,26013702.0
202609,01~30,N,미국,24333677.0
202609,01~30,N,유럽연합,8652080.0
202609,01~30,N,베트남,8530440.0
202609,01~30,N,홍콩,10573575.0
202609,01~30,N,일본,3208654.0
202609,01~30,N,대만,10234797.0
202609,01~30,N,인도,2577082.0
202609,01~30,N,싱가포르,3792177.0
202609,01~30,N,말레이시아,3173657.0
