계약일,읍면동,단지,전용㎡,층,거래가(만원),평당(만원),거래유형,직전12개월중위,기간최고가,중위대비(%)
2026-07-21,개포동,개포주공5단지,53.98,2,211000,12922,직거래,296000,345000,-28.7
2026-09-21,개포동,개포주공6단지,53.06,5,270000,16822,중개거래,312500,318000,-13.6
2026-09-28,개포동,개포주공6단지,53.06,6,268000,16697,중개거래,310000,318000,-13.5
2026-09-09,개포동,개포주공7단지,73.26,7,310000,13988,중개거래,348500,375000,-11.0
2026-09-04,개포동,개포주공7단지,83.7,1,325000,12836,중개거래,391000,405000,-16.9
2026-09-26,개포동,개포주공7단지,83.7,15,340000,13429,중개거래,383000,405000,-11.2
2026-09-22,개포동,래미안블레스티지,59.888,6,250000,13800,중개거래,290000,320000,-13.8
2026-07-07,역삼동,롯데캐슬노블,176.03,9,227000,4263,직거래,253500,287500,-10.5
2026-07-09,개포동,삼익대청아파트,39.53,12,126000,10537,중개거래,170000,195000,-25.9
2026-07-31,개포동,삼익대청아파트,60.0,3,164000,9036,직거래,224500,240000,-26.9
2026-08-17,일원동,샘터마을,134.438,10,275600,6777,직거래,317500,328000,-13.2
2026-09-23,압구정동,신현대12차,182.95,3,1000000,18069,중개거래,1125000,1125000,-11.1
2026-09-23,압구정동,신현대9차,152.28,8,750000,16281,중개거래,840000,850000,-10.7
2026-09-11,대치동,은마,76.79,14,312000,13432,중개거래,350000,380000,-10.9
2026-09-11,대치동,은마,76.79,2,302000,13001,중개거래,350000,380000,-13.7
2026-09-14,대치동,은마,76.79,11,313000,13475,중개거래,348000,380000,-10.1
2026-09-28,대치동,은마,76.79,1,305000,13130,중개거래,346000,380000,-11.8
2026-08-14,논현동,펜트힐루논현,43.392,7,65000,4952,직거래,100000,105000,-35.0
2026-09-04,일원동,푸른마을아파트101동~111동,84.93,13,203500,7921,직거래,249000,267000,-18.3
2026-07-15,대치동,한보미도맨션1,128.01,2,388000,10020,직거래,463500,530000,-16.3
2026-09-17,대치동,한보미도맨션2,159.15,10,469500,9752,직거래,553000,555000,-15.1
2026-09-07,압구정동,"현대5차(71,72동)",82.23,10,510000,20503,중개거래,575000,630000,-11.3
2026-09-07,압구정동,현대8차(성수현대:91~95동),107.64,7,490000,15049,중개거래,567500,595000,-13.7
