rcept_no,rcept_dt,corp_name,market,report_nm,status,source,source_url,has_aoi_change,purpose_change,n_added,added_items,reason,already_seen
20260928000232,20260928,나우로보틱스,코스닥,주주총회소집공고,ok,KIND,https://kind.krx.co.kr/external/2026/09/28/000232/20260928000729/00591.htm,True,True,4,"서비스용 로봇 및 그 부품의 개발, 제조, 조립 및 판매업 | 군사용·국방용 로봇 및 그 부품의 개발, 제조, 조립 및 판매업 | 군수용 물자·장비 및 그 부품의 개발, 제조, 조립, 판매, 수출입 및 유통업 | 군수용 물자·장비 및 로봇의 설치, 정비, 유지보수, 성능개량 및 관련 서비스업",- 등기부 표기와 통일 - 사업추가 - 사업추가 - 사업추가 - 사업추가 - 등기부 표기와 통일,False
20260928000441,20260928,유니온머티리얼,유가증권,주주총회소집공고,ok,KIND,https://kind.krx.co.kr/external/2026/09/28/000441/20260928001162/00591.htm,True,False,0,,,False
20260928000475,20260928,E8,코스닥,기술성장기업의 정관변경을 통한 사업목적 추가·변경,ok,KIND,https://kind.krx.co.kr/external/2026/09/28/000475/20260907000296/71576.htm,False,False,0,,,False
20260928000529,20260928,유니켐,유가증권,[정정]주주총회소집공고,ok,KIND,https://kind.krx.co.kr/external/2026/09/28/000529/20260928001355/00591.htm,True,True,5,"지능형.휴머노이드 및 피지컬 인공지능 기반 로봇용 전자피부.외피.외장재. 부품의 연구개발.제조 판매업 | 로봇용 촉각.압력.전단력 센서 및 햅틱 인터페이스 .시스템의 연구개발.제조.판매업 | 스마트 피혁,전자섬유.유연전자 융복합 소재.부품의 연구개발.제조 .판매업 | 로봇 학습용 촉각 데이터 수집장치 및 센서 인터페이스.연동 소프트웨어의 개발.공급업 | 호~34호 관련 기술이전,라이선스,공동연구개발.위탁생산.국내외 합작투자.수출입업",사업다각화를 통한신성장 동력 확보,False
20260928000843,20260928,엠젠솔루션,코스닥,주주총회소집공고,ok,KIND,https://kind.krx.co.kr/external/2026/09/28/000843/20260928001783/00591.htm,True,True,24,"부동산 매매업, 임대업 및 부동산 관리업 | 원유정제분해업 | 벙커씨(Bunker-C), 벙커비(Bunker-B) 크래킹 고도화사업 | 나프타 크래킹 석유화학업 | 신재생에너지, 폐기물 및 폐자원 기반 전기, 발전사업 | 전기, 발전사업 개발, 건설 및 운영 유지관리사업 | 에너지저장(ESS)관련 설비의 개발, 제조, 설치 및 운영사업 | 환경 및 의료폐기물, 에너지, 산업플랜트의 설계, 제작, 시공(설치) 및 운영사업 | 각종 플랜트, 열분해 및 고분자분해 산업설비의 제조 판매, 임대 및 유지보수사업 | 폐기물 및 폐자원의 열분해 및 자원화사업 | 폐플라스틱, 폐타이어, 폐윤활유 등 폐기물 재활용사업 | 폐기물(의료폐기물) 및 폐자원의 수집, 운반 처리업 | 대체에너지, 석유화학, 원유정제 파생상품 등 위험물 주선 및 특수차량 운수업 | 각종플랜트 관련 기술용역 및 위탁관리운영 용역업 | 데이터센터(인공지능 데이터센터 및 고성능 컴퓨팅 시설 포함)의 개발, 건설, 소유, 운영 및 관리업 | 데이터센터 시설의 임대업 및 코로케이션(Colocation) 서비스업 | 서버 호스팅 및 관련 데이터 처리 서비스업 | 전기설비 및 냉각설비의 설치, 운영 및 유지관리업 | 부가통신사업 | 부동산 개발 및 공급업 | 부동산 개발 관련 기획, 컨설팅 및 자문업 | 토지 매입, 개발 및 분양업 | 부동산 투자 및 프로젝트 금융 관련 업무 | 제1조(시행일) 본 정관은 2026년 10월 13일부터 시행한다.","사업목적 추가에 따른 시행일 설정 / 신규사업 추진에 따른 사업목적 변경 및 추가, 조문번호 변경",False
20260928000889,20260928,아로마티카,코스닥,주주총회소집공고,ok,KIND,https://kind.krx.co.kr/external/2026/09/28/000889/20260928001842/00591.htm,False,False,0,,,False
20260928000922,20260929,이엠앤아이,코스닥,[정정]주주총회소집공고,ok,KIND,https://kind.krx.co.kr/external/2026/09/28/000922/20260928001897/00591.htm,True,True,40,"교육서비스업(입시학원, 보습학원, 외국어학원 등) | 학원 운영업 및 학원 관련 사업 | 기숙학원 운영업 | 사설 강습소 운영업 | 평생교육시설 운영업 | 원격교육서비스업 및 온라인을 통한 교육서비스업 | 위탁교육업 | 국내외 연수 및 연수원 운영업 | 교육프랜차이즈, 학원체인화 및 프랜차이즈업 | 입시, 학원 및 교육 관련 자문·컨설팅업 | 교육정보화 사업 및 관련 경영컨설팅업 | 입시정보 제공업 | 입시 관련 이벤트업 | 교육 관련 자격시험의 검정, 평가 및 컨설팅 서비스업 | 국내외 정보활용능력 관련 자격 검정 및 평가업 | 교육 콘텐츠의 기획, 개발, 제작, 공급 및 판매업 | 유·무선, 인터넷 및 모바일을 통한 교육 콘텐츠 제공 서비스업 | 동영상 및 미디어 교육 콘텐츠의 기획, 제작, 공급 및 서비스업 | 교육용 소프트웨어 및 교육솔루션의 개발, 제작, 판매 및 공급업 | 교수·학습 프로그램의 개발 및 공급업 | 학원관리 프로그램, 학습관리시스템 및 모바일 애플리케이션의 개발, 판매 및 공급업 | 소프트웨어 자문, 개발 및 공급업 | 부가통신사업 | 인터넷 및 모바일 서비스업 | 영상 및 방송통신 서비스업 | 인터넷 광고업 | 교과서, 학습서적, 학습교재 및 교육교재의 개발, 제작 및 출판업 | 학습지의 개발, 제작, 출판 및 배부사업 | 출판 및 인쇄업 | 서적 및 교재 도·소매업 | 교육관련물 및 교육용품의 제조, 판매, 대여 및 도·소매업 | 서적, 음반 및 비디오물의 제조, 판매 및 대여업 | 전자상거래업 및 통신판매업 | 인력 파견업 | 강사 파견사업 | 강사훈련 및 수급지원사업 | 외국인 강사 알선업 | 유학 관련 사업 | 음식점, 식당, 매점 및 자판기 운영업 | 체력단련시설 운영업",신규추가 및 순번 변경 36. ~ 75. 신규 추가 76. 기존 36.에서 76.으로 순서변경,False
20260929000205,20260929,영흥,유가증권,주주총회소집공고,ok,KIND,https://kind.krx.co.kr/external/2026/09/29/000205/20260929000472/00591.htm,False,False,0,,,False
20260929000305,20260929,체리부로,코스닥,주주총회소집공고,ok,KIND,https://kind.krx.co.kr/external/2026/09/29/000305/20260929000766/00591.htm,True,False,0,,,False
20260929000483,20260929,알엔투테크놀로지,코스닥,주주총회소집공고,ok,KIND,https://kind.krx.co.kr/external/2026/09/29/000483/20260929001179/00591.htm,True,True,5,"이 회사는 주식회사 | 스퀘어텍 | 이라고 한다. 영문으로는 | Square Tech Co., Ltd. | 라 표기한다",신규사업 진출 및 기업 가치 향상,False
20260929000678,20260929,모아라이프플러스,코스닥,[정정]주주총회소집공고,ok,KIND,https://kind.krx.co.kr/external/2026/09/29/000678/20260929001510/00591.htm,False,False,0,,,False
20260929000861,20260929,제이케이시냅스,코스닥,[정정]주주총회소집공고,ok,KIND,https://kind.krx.co.kr/external/2026/09/29/000861/20260929001812/00591.htm,True,True,1,"사업, 경영자문(Consulting), 기업 인수합병 주선 및 기업 구조 조정업",사업 다각화에 따른 사업목적 추가,False
20260929000908,20260929,CSA 코스믹,코스닥,주주총회소집공고,ok,KIND,https://kind.krx.co.kr/external/2026/09/29/000908/20260929001892/00591.htm,True,True,1,자동차 수출입업,사업목적 다각화,False
20260929000930,20260929,삼부토건,유가증권,주주총회소집공고,ok,KIND,https://kind.krx.co.kr/external/2026/09/29/000930/20260929001970/00591.htm,True,False,0,,,False
20260930000188,20260930,삼성FN리츠,유가증권,주주총회소집공고,ok,KIND,https://kind.krx.co.kr/external/2026/09/30/000188/20260930000500/00591.htm,True,False,0,,,False
20260930000208,20260930,모델솔루션,코스닥,주주총회소집공고,ok,KIND,https://kind.krx.co.kr/external/2026/09/30/000208/20260930000535/00591.htm,True,True,3,"화장품 판매업 | 미용기기 개발, 제조 및 판매업 | 의료기기 개발, 제조 및 판매업",신사업으로 인한 사업목적 신설,False
20260930000292,20260930,자이언트스텝,코스닥,주주총회소집공고,ok,KIND,https://kind.krx.co.kr/external/2026/09/30/000292/20260930000766/00591.htm,True,True,0,,투자심의 강화,False
20260930000332,20260930,모다이노칩,코스닥,주주총회소집공고,ok,KIND,https://kind.krx.co.kr/external/2026/09/30/000332/20260930000855/00591.htm,False,False,0,,,False
20260930000482,20260930,로젠,코스닥,주주총회소집공고,ok,KIND,https://kind.krx.co.kr/external/2026/09/30/000482/20260930001285/00591.htm,False,False,0,,,False
20260930000506,20260930,케이씨티,코스닥,주주총회소집공고,ok,KIND,https://kind.krx.co.kr/external/2026/09/30/000506/20260930001329/00591.htm,False,False,0,,,False
20260930000527,20260930,에스디생명공학,코스닥,주주총회소집공고,ok,KIND,https://kind.krx.co.kr/external/2026/10/07/000635/20261007001513/00591.htm,True,False,0,,,False
20260930000546,20260930,메디콕스,코스닥,주주총회소집공고,ok,KIND,https://kind.krx.co.kr/external/2026/09/30/000546/20260930001442/00591.htm,False,False,0,,,False
20260930000575,20260930,핌스,코스닥,주주총회소집공고,ok,KIND,https://kind.krx.co.kr/external/2026/09/30/000575/20260930001506/00591.htm,True,False,0,,,False
20260930000907,20260930,에이전트AI,코스닥,주주총회소집공고,ok,KIND,https://kind.krx.co.kr/external/2026/09/30/000907/20260930002087/00591.htm,True,False,0,,,False
20260930000957,20260930,가비아,코스닥,[정정]주주총회소집공고,ok,KIND,https://kind.krx.co.kr/external/2026/09/30/001003/20260930002218/00591.htm,True,False,0,,,False
20260930001003,20260930,가비아,코스닥,[정정]주주총회소집공고,ok,KIND,https://kind.krx.co.kr/external/2026/09/30/001003/20260930002218/00591.htm,True,False,0,,,False
20260930001208,20260930,신테카바이오,코스닥,[정정]주주총회소집공고,ok,KIND,https://kind.krx.co.kr/external/2026/09/30/001208/20260930002559/00591.htm,True,True,17,"Ⅰ. 바이오 검진, 진단 플랫폼 사업 | Ⅰ. 유전체 분석 및 정밀 의료 사업 | Ⅰ. 체외 진단, 분자 진단 및 유전체 진단사업 | Ⅰ. 동물용 체외 진단, 분자진단 및 유전체 진단 사업 | Ⅰ. 전문의약품 및 일반의약품의 제조·유통·판매사업 | Ⅰ. 동물용 의약품 및 동물용 백신의 제조·유통·판매사업 | Ⅰ. 축산 방역 관련 연구, 개발 및 제품 제조·유통·판매사업 | Ⅰ. 동물 의학 관련 연구, 개발 사업 | Ⅰ. 의료기기 및 체외 진단, 의료 기기의 제조·유통·판매사업 | Ⅰ. 건강기능식품의 개발·제조·유통·판매사업 | Ⅰ. 동물용 건강기능식품 및 반려동물 헬스케어 제품의 개발·제조·      유통·판매사업 | Ⅰ. 데이터센터 구축·운영·임대 및 AI·클라우드 사업 | Ⅰ. 에이아이(AI) 기반 헬스케어, 디지털 헬스 및 바이오 융합사업 | Ⅰ. 기능성 소재 및 제품(사료첨가제, 식품, 건강기능식품, 화장품, | 의약품, 헬스케어등)의 연구개발 및 제조판매업 | Ⅰ. 노화방지와 관련된 검사관리시스템개발·공급·운영업 | Ⅰ. 부동산 개발 및 매매·임대업",신성장 동력 확보 및 신규 사업 추진을 위한 사업목적 추가,False
20260930001311,20261001,GRT,코스닥,주주총회소집공고,ok,KIND,https://kind.krx.co.kr/external/2026/10/01/000096/20261001000196/00591.htm,True,False,0,,,False
20261001000096,20261001,GRT,코스닥,[정정]주주총회소집공고,ok,KIND,https://kind.krx.co.kr/external/2026/10/01/000096/20261001000196/00591.htm,True,False,0,,,False
20261001000371,20261001,덕산테코피아,코스닥,주주총회소집공고,ok,KIND,https://kind.krx.co.kr/external/2026/10/01/000371/20261001001014/00591.htm,True,False,0,,,False
20261002000251,20261002,다보링크,코스닥,[정정]주주총회소집공고,ok,KIND,https://kind.krx.co.kr/external/2026/10/02/000251/20261002000490/00591.htm,True,True,64,"로봇, 로봇 부품제조 및 판매업 | 로봇 자동화 기계, 설비 제조 및 판매업 | 산업용, 연구용, 군사용, 전문서비스용, 로봇 하드웨어 및 소프트웨어 수출입, 개발제작, 임대, 가공 및 용역업 | 지능형로봇 제조 및 판매업 | 지능형로봇 부품 제조 및 판매업 | 산업용로봇 제조 및 판매업 | 로봇부품 및 부분품 유통업 | 군사용로봇 제조 및 판매업 | 극한작업용로봇 제조 및 판매업 | 로봇 및 로봇시스템의 연구, 개발, 제조, 생산, 판매 및 유통업 | 산업용 로봇, 서비스로봇, 협동로봇 및 자동화설비 제조업 | 로봇부품, 센서, 제어장치, 구동장치 및 주변기기 제조·판매업 | 인공지능(AI) 기반 로봇 소프트웨어 개발 및 공급업 | 로봇 관련 수출입업 및 무역업 | 로봇 관련 플랫폼 구축 및 데이터 서비스업 | 광 트랜시버 칩의 연구개발, 설계, 제조 및 판매업 | 광반도체, 광집적회로(PIC), 실리콘 포토닉스 칩의 연구개발, 제조 및 판매업 | 광통신용 송수신 모듈 및 부품의 연구개발, 제조 및 판매업 | 광통신용 장치 및 광 계측기 제작 및 판매 | 엔터테인먼트업 | 엔터테인먼트관련 투자 컨설팅업 | 매니지먼트업 | 멀티미디어 콘텐츠 개발,기획,제작 및 판매 | 뉴미디어서비스 사업 및 그와 관련된 제작유통, 서비스업 | 음악 콘텐츠 제작, 배급 및 유통판매 | 공연기획 및 제작 | 영상기획, 제작 및 판매 | 방송용(공중파, 위성, 케이블, 인터넷 및 기타방송) 프로그램의 제작 및 국내외 판권구입, 배급, 상영, 판매업 | 영화, 드라마, 뮤지컬, 애니메이션 등 각종 영상 프로그램 제작 및 투자, 국내외 판권구입, 배급, 상영, 판매업 | 비디오, DVD, VCD, VOD, DMB등 영상물의 제작, 복사, 서비스 및 국내외 판매업 | PPL 및 BPL등을 통한 광고 대행업 | 광고행사 기획 및 국내외 프로모션 | 광고물 제작 대행업 | 캐릭터, 게임물 등의 제작, 수출, 배급 및 기타 관련사업 | 연예대행업(흥행알선) | 연예보조업 | 인터넷 광고업 | 인터넷 서비스 | 음반의 제작 및 유통 판매업 | 음반의 도소매업 | 각종 음향물 녹음제작업 | 저작권 대리중개업- 이벤트사업(각종행사의 기획, 연출, 제작) | 인테리어(방송국실내인테리어) | 외식사업 | 의류, 신발용품 도소매업 및 무역업 | 식자재 및 가공식품 유통업 | 신재생에너지 사업 | 신에너지 개발 및 제조업 | 신재생에너지 개발 및 제조업 | 세포 치료제 및 치료기술 연구개발 및 제조업 | 의약외품 및 의약품 원료 연구개발 및 제조업 | 화장품 및 화장품 원료 연구개발 및 제조업 | 외국인 환자 유치업 | 바이오 의약품 및 의약품 원료 연구 개발 및 제조업 | 화장품 개발, 제조, 마케팅 및 유통관련업 | 세포 가공 및 세포 배양 관련 연구개발 및 제조업 | 건강기능식품 및 건강기능식품 원료 연구개발 및 제조업 | 의료진단장비 연구개발 및 제조업 | 원자재 수출입업 | 액체연료 및 관련제품 도매업 | 염료 안료 관련제품 도매업 | 기타 화학물질 및 화학제품 도매업 | 기타 화학제품 제조업 | 잉크 페인트 코팅제 세제 제조업",불필요한 사업목적 삭제 / 신규 사업목적 추가,False
20261002000453,20261002,우진아이엔에스,유가증권,[정정]주주총회소집공고,ok,KIND,https://kind.krx.co.kr/external/2026/10/02/000453/20261002001024/00591.htm,True,False,0,,,False
20261002000529,20261002,금양,유가증권,주주총회소집공고,ok,KIND,https://kind.krx.co.kr/external/2026/10/02/000529/20261002001212/00591.htm,True,True,6,데이터 센터 전력 공급 및 에너지 관리 사업 | ESS 및 에너지 저장 장치 관련 사업 | 데이터 센터 열 관리 사업 | 데이터 센터 설비 및 장비의 유지 보수 사업 | 데이터 센터 보안 사업 | 에이아이(AI) 플랫폼 및 에이아이(AI) 서비스 사업,물적분할에 따른 분할신설회사의 사업목적 반영 및 사업목적 정비,False
20261002000925,20261002,듀오백,코스닥,주주총회소집공고,ok,KIND,https://kind.krx.co.kr/external/2026/10/02/000925/20261002002145/00591.htm,False,False,0,,,False
20261002001037,20261002,크라우드웍스,코스닥,주주총회소집공고,ok,KIND,https://kind.krx.co.kr/external/2026/10/02/001037/20261002002385/00591.htm,False,False,0,,,False
20261006000537,20261006,덱스터,코스닥,주주총회소집공고,ok,KIND,https://kind.krx.co.kr/external/2026/10/06/000537/20261006001358/00591.htm,True,False,0,,,False
20261006000758,20261006,이렘,코스닥,주주총회소집공고,ok,KIND,https://kind.krx.co.kr/external/2026/10/06/000758/20261006001758/00591.htm,False,False,0,,,False
20261007000124,20261007,KR모터스,유가증권,주주총회소집공고,ok,KIND,https://kind.krx.co.kr/external/2026/10/07/000124/20261007000292/00591.htm,True,False,0,,,False
20261007000156,20261007,나우IB,코스닥,주주총회소집공고,ok,KIND,https://kind.krx.co.kr/external/2026/10/07/000156/20261007000397/00591.htm,False,False,0,,,False
20261007000182,20261007,경동인베스트,유가증권,주주총회소집공고,ok,KIND,https://kind.krx.co.kr/external/2026/10/07/000182/20261007000485/00591.htm,False,False,0,,,False
20261007000309,20261007,HPSP,코스닥,주주총회소집공고,ok,KIND,https://kind.krx.co.kr/external/2026/10/07/000309/20261007000873/00591.htm,True,False,0,,,False
20261007000402,20261007,에스엔시스,코스닥,주주총회소집공고,ok,KIND,https://kind.krx.co.kr/external/2026/10/07/000402/20261007001096/00591.htm,True,True,2,기계 및 장비 중개업 | 전기·전자 및 정밀 기기 수리업,신규 사업 영위를 위한 사업목적 추가,False
20261007000477,20261007,로지스몬,코넥스,주주총회소집공고,ok,KIND,https://kind.krx.co.kr/external/2026/10/07/000477/20261007001223/00591.htm,True,True,0,,가상자산 관련 사업목적 삭제,False
20261007000635,20261007,에스디생명공학,코스닥,[정정]주주총회소집공고,ok,KIND,https://kind.krx.co.kr/external/2026/10/07/000635/20261007001513/00591.htm,True,False,0,,,False
20261007000699,20261008,더코디,코스닥,[정정]주주총회소집공고,ok,KIND,https://kind.krx.co.kr/external/2026/10/07/000699/20261007001631/00591.htm,True,True,47,"위 사업과 관련 제품 및 로봇·자동화설비의 수입 판매, 설치, 시운전, 개조 개선, 유지 보수 및 수리업 | 전기 자동차 배터리팩, 로봇용 전원장치, 전력변환장치 및 주변장치 제조 및 판매업 | 방송프로그램 제작 및 배급업, 방송채널사용사업 및 기타 방송사업 | 인터넷방송, 소셜 미디어, 메신저, 숏폼·라이브 스트리밍 등 미디어사업 및 그와 관련된 콘텐츠(인공지능 기반 콘텐츠 포함)의 제작, 유통, 라이선스 및 서비스업 | 광고 제작 및 대행업, 광고매체판매업, 옥외광고업, 온라인·모바일 광고업, 인플루언서 마케팅 및 소셜 미디어 마케팅 대행업 | 국내외 공연, 전시, 이벤트 및 문화예술분야의 기획, 제작, 투자, 알선 및 판매업 | 스포츠, 연예인 등 공인 에이전시업 및 크리에이터·인플루언서 매니지먼트(MCN)업 | 컴퓨터, 서버, GPU, 주변기기 및 통신기기관련제품의 제조, 판매, 대여 및 임대업 | 시스템 통합(SI), 정보처리시스템 및 소프트웨어(인공지능 소프트웨어, 솔루션, 플랫폼 포함)의 연구개발, 개발, 판매, 임대, 유지보수 및 서비스업 | 정보통신, 전기 및 기계설비 관련 공사업 | 컴퓨터 정보처리, 로봇 및 인공지능 관련 교육, 자격인증, 교구·콘텐츠 공급업 | 온라인 서비스업, 정보자료처리업 및 정보통신서비스업 | 산업용로봇, 협동로봇, 제조용 로봇 및 에이아이(AI) 산업용 로봇의 연구개발, 제조, 판매업 및 서비스업 | 반도체, 이차전지, 태양전지 제조용 기계 및 로봇 자동화·스마트팩토리 설비의 설계, 제조, 시공, 판매업 | 서비스로봇(물류·배송·안내·청소·방역·조리·의료·재활·돌봄·교육용·가정용 로봇 등)의 연구개발, 제조, 판매업 및 서비스업 | 지능형로봇, 휴머노이드 로봇 및 인공지능 기반 자율로봇의 연구개발, 제조, 판매업 및 서비스업 | 산업용, 연구용, 군사용, 전문서비스용 로봇 하드웨어 및 소프트웨어의 개발, 제작, 판매, 수출입, 임대, 가공 및 용역업 | 천문, 우주, 항공, 해양, 방송, 무대 및 특수환경용 로봇·자동화장치 하드웨어 및 소프트웨어의 개발, 제작, 판매, 수출입, 임대, 가공 및 용역업 | 드론 및 무인이동체(무인항공기·무인차량·무인선박)와 자율주행장치의 개발, 제조, 판매 및 운용서비스업 | 로봇 부품(감속기, 서보모터, 액추에이터, 센서, 그리퍼, 제어기, 구동모듈 등) 및 관련 소재의 연구개발, 제조, 판매업 및 서비스업 | 유공압기기, 정밀기계 및 구동장치의 제조 및 판매업 | 유무선 원격자동 계측 및 제어시스템의 개발, 제조, 판매업 | 쌍안경, 단안경, 현미경, 거리측정기, 속도측정기, 열화상기기, 카메라 및 비전센서 등 각종 광학기기·부품·관련장비의 제조, 도소매 및 수출입업 | 로봇 제어 소프트웨어, 로봇운영체제, 로봇 관제·통합 플랫폼 및 자율주행 소프트웨어의 개발, 판매, 임대 및 서비스업 | 로봇 임대업 및 로봇 구독형 서비스(RaaS) 제공업 | 로봇 운용·대행 서비스업 및 로봇 기반 무인화 솔루션 서비스업 | 로봇 기반 무인판매업 및 자동판매기 운영업 | 타회사의 주식 또는 지분을 취득·소유함으로써 그 회사 제반사업 내용의 지배·경영지도 및 육성 | 브랜드, 상표권, 특허권, 캐릭터 등 지식재산권 및 노하우 기술의 취득, 관리, 판매, 임대, 라이선스업 및 무형재산권의 중개, 알선, 임대업 | 과학, 로봇공학 및 인공지능 분야 서적, 정기간행물 및 교습지의 출판업, 만화·웹툰 출판업 및 도소매, 수출입업 | 인공지능 기반 서비스형 소프트웨어(SaaS), 클라우드 컴퓨팅, 호스팅 및 관련 서비스업, AI 에이전트 및 API 서비스 제공업 | 인공지능 반도체, AI 연산장치 및 AI 데이터센터·컴퓨팅 인프라의 개발, 구축, 운영 및 임대업 | 인공지능·로봇 학습용 데이터 및 이용자 데이터의 수집, 가공, 라벨링, 분석, 판매업, 데이터베이스 검색·개발·구축·운영업 및 데이터 거래·중개업 | 인공지능 기반 검색엔진, 추천 시스템 및 정보검색 서비스업 | 인공지능 및 빅데이터 기반 여론조사, 시장조사 및 리서치업 | 인공지능 기술을 활용한 의료·헬스케어, 금융, 교육, 제조, 유통, 마케팅, 보안, 자율주행, 로봇 등 산업별 응용 솔루션의 개발 및 서비스업 | 인공지능 관련 기술·기업에 대한 투자 및 사업개발업 | 소셜 네트워크 서비스(SNS) 및 온라인 커뮤니티 플랫폼의 개발, 운영 및 서비스업 | 부가통신사업, 기간통신사업(유선·무선통신업) 및 인터넷 정보 제공업 | 위치정보사업, 위치기반서비스업 및 지도제작업 | 온·오프라인 연계(O2O) 서비스업 및 플랫폼 중개업 | 팬덤 커뮤니티 서비스, 구독형 멤버십 서비스 및 유료 콘텐츠 제공업 | 온라인 여행 예약·중개 플랫폼업 및 종합여행업 | 음반물, 영상물, 사진, 출판물, 만화, 웹툰 등의 유선 및 무선 대리중개업 | 저작권 및 저작인접권 등의 대리중개업과 음악, 영상, 출판물 관련 저작권 관리업 | 직업정보제공사업 및 온라인 인재·용역 매칭 플랫폼업 | 기타 위 각호에 부대되는 사업 일체 및 필요 또는 유익한 사업의 영위 및 투자",사업다각화,False
20261008000311,20261008,이엔플러스,유가증권,주주총회소집공고,ok,KIND,https://kind.krx.co.kr/external/2026/10/08/000311/20261008000673/00591.htm,False,False,0,,,False
20261008000356,20261008,플래스크,코스닥,주주총회소집공고,ok,KIND,https://kind.krx.co.kr/external/2026/10/08/000356/20261008000785/00591.htm,True,False,0,,,False
20261008000492,20261008,STX엔진,유가증권,주주총회소집공고,ok,KIND,https://kind.krx.co.kr/external/2026/10/08/000492/20261008001163/00591.htm,False,False,0,,,False
20261008000703,20261008,씨엑스아이,코스닥,주주총회소집공고,ok,KIND,https://kind.krx.co.kr/external/2026/10/08/000703/20261008001583/00591.htm,False,False,0,,,False
20261008000767,20261008,아티스트스튜디오,코스닥,주주총회소집공고,ok,KIND,https://kind.krx.co.kr/external/2026/10/08/000767/20261008001737/00591.htm,True,True,2,"전시, 컨벤션 및 행사대행업 | 미술 및 미술 콘텐츠 관련 사업",사업다각화를 위한 사업목적 추가,False
20261008000777,20261008,오름테라퓨틱,코스닥,주주총회소집공고,ok,KIND,https://kind.krx.co.kr/external/2026/10/08/000777/20261008001747/00591.htm,True,False,0,,,False
