개방자치단체코드,시도,기관명
6110000,서울특별시,서울특별시 본청
3000000,서울특별시,서울종로구
3010000,서울특별시,서울중구
3020000,서울특별시,서울용산구
3030000,서울특별시,서울성동구
3040000,서울특별시,서울광진구
3050000,서울특별시,서울동대문구
3060000,서울특별시,서울중랑구
3070000,서울특별시,서울성북구
3080000,서울특별시,서울강북구
3090000,서울특별시,서울도봉구
3100000,서울특별시,서울노원구
3110000,서울특별시,서울은평구
3120000,서울특별시,서울서대문구
3130000,서울특별시,서울마포구
3140000,서울특별시,서울양천구
3150000,서울특별시,서울강서구
3160000,서울특별시,서울구로구
3170000,서울특별시,서울금천구
3180000,서울특별시,서울영등포구
3190000,서울특별시,서울동작구
3200000,서울특별시,서울관악구
3210000,서울특별시,서울서초구
3220000,서울특별시,서울강남구
3230000,서울특별시,서울송파구
3240000,서울특별시,서울강동구
6260000,부산광역시,부산광역시 본청
3250000,부산광역시,부산중구
3260000,부산광역시,부산서구
3270000,부산광역시,부산동구
3280000,부산광역시,부산영도구
3290000,부산광역시,부산진구
3300000,부산광역시,부산동래구
3310000,부산광역시,부산남구
3320000,부산광역시,부산북구
3330000,부산광역시,부산해운대구
3340000,부산광역시,부산사하구
3350000,부산광역시,부산금정구
3360000,부산광역시,부산강서구
3370000,부산광역시,부산연제구
3380000,부산광역시,부산수영구
3390000,부산광역시,부산사상구
3400000,부산광역시,부산기장군
6270000,대구광역시,대구광역시 본청
3410000,대구광역시,대구중구
3420000,대구광역시,대구동구
3430000,대구광역시,대구서구
3440000,대구광역시,대구남구
3450000,대구광역시,대구북구
3460000,대구광역시,대구수성구
3470000,대구광역시,대구달서구
3480000,대구광역시,대구달성군
5141000,대구광역시,대구군위군
6280000,인천광역시,인천광역시 본청
3491000,인천광역시,인천영종구
3501000,인천광역시,인천제물포구
3510500,인천광역시,인천미추홀구
3520000,인천광역시,인천연수구
3530000,인천광역시,인천남동구
3540000,인천광역시,인천부평구
3550000,인천광역시,인천계양구
3561000,인천광역시,인천서해구
3570000,인천광역시,인천강화군
3580000,인천광역시,인천옹진군
3565000,인천광역시,인천검단구
6130000,전남광주통합특별시,전남광주통합특별시 본청
5805000,전남광주통합특별시,전남광주동구
5810000,전남광주통합특별시,전남광주서구
5815000,전남광주통합특별시,전남광주남구
5820000,전남광주통합특별시,전남광주북구
5825000,전남광주통합특별시,전남광주광산구
5780000,전남광주통합특별시,전남광주목포시
5785000,전남광주통합특별시,전남광주여수시
5790000,전남광주통합특별시,전남광주순천시
5795000,전남광주통합특별시,전남광주나주시
5800000,전남광주통합특별시,전남광주광양시
5830000,전남광주통합특별시,전남광주담양군
5835000,전남광주통합특별시,전남광주곡성군
5840000,전남광주통합특별시,전남광주구례군
5845000,전남광주통합특별시,전남광주고흥군
5850000,전남광주통합특별시,전남광주보성군
5855000,전남광주통합특별시,전남광주화순군
5860000,전남광주통합특별시,전남광주장흥군
5865000,전남광주통합특별시,전남광주강진군
5870000,전남광주통합특별시,전남광주해남군
5875000,전남광주통합특별시,전남광주영암군
5880000,전남광주통합특별시,전남광주무안군
5885000,전남광주통합특별시,전남광주함평군
5890000,전남광주통합특별시,전남광주영광군
5895000,전남광주통합특별시,전남광주장성군
5900000,전남광주통합특별시,전남광주완도군
5905000,전남광주통합특별시,전남광주진도군
5910000,전남광주통합특별시,전남광주신안군
6300000,대전광역시,대전광역시 본청
3640000,대전광역시,대전동구
3650000,대전광역시,대전중구
3660000,대전광역시,대전서구
3670000,대전광역시,대전유성구
3680000,대전광역시,대전대덕구
6310000,울산광역시,울산광역시 본청
3690000,울산광역시,울산중구
3700000,울산광역시,울산남구
3710000,울산광역시,울산동구
3720000,울산광역시,울산북구
3730000,울산광역시,울산울주군
5690000,세종특별자치시,세종특별자치시 본청
6410000,경기도,경기도 본청
3910000,경기도,경기평택시
3920000,경기도,경기동두천시
3930000,경기도,경기안산시
3940000,경기도,경기고양시
3970000,경기도,경기과천시
3980000,경기도,경기구리시
3990000,경기도,경기남양주시
3740000,경기도,경기수원시
3780000,경기도,경기성남시
3820000,경기도,경기의정부시
3830000,경기도,경기안양시
3860000,경기도,경기부천시
3900000,경기도,경기광명시
4000000,경기도,경기오산시
4010000,경기도,경기시흥시
4020000,경기도,경기군포시
4030000,경기도,경기의왕시
4040000,경기도,경기하남시
4050000,경기도,경기용인시
4060000,경기도,경기파주시
4070000,경기도,경기이천시
4080000,경기도,경기안성시
4090000,경기도,경기김포시
5700000,경기도,경기여주시
4140000,경기도,경기연천군
4160000,경기도,경기가평군
4170000,경기도,경기양평군
5530000,경기도,경기화성시
5540000,경기도,경기광주시
5590000,경기도,경기양주시
5600000,경기도,경기포천시
6530000,강원특별자치도,강원특별자치도 본청
4181000,강원특별자치도,강원춘천시
4191000,강원특별자치도,강원원주시
4201000,강원특별자치도,강원강릉시
4211000,강원특별자치도,강원동해시
4221000,강원특별자치도,강원태백시
4231000,강원특별자치도,강원속초시
4241000,강원특별자치도,강원삼척시
4251000,강원특별자치도,강원홍천군
4261000,강원특별자치도,강원횡성군
4271000,강원특별자치도,강원영월군
4281000,강원특별자치도,강원평창군
4291000,강원특별자치도,강원정선군
4301000,강원특별자치도,강원철원군
4311000,강원특별자치도,강원화천군
4321000,강원특별자치도,강원양구군
4331000,강원특별자치도,강원인제군
4341000,강원특별자치도,강원고성군
4351000,강원특별자치도,강원양양군
6430000,충청북도,충청북도 본청
5710000,충청북도,충북청주시
4390000,충청북도,충북충주시
4400000,충청북도,충북제천시
4420000,충청북도,충북보은군
4430000,충청북도,충북옥천군
4440000,충청북도,충북영동군
4450000,충청북도,충북진천군
4460000,충청북도,충북괴산군
4470000,충청북도,충북음성군
4480000,충청북도,충북단양군
5570000,충청북도,충북증평군
6440000,충청남도,충청남도 본청
5680000,충청남도,충남당진시
4490000,충청남도,충남천안시
4500000,충청남도,충남공주시
4510000,충청남도,충남보령시
4520000,충청남도,충남아산시
4530000,충청남도,충남서산시
4540000,충청남도,충남논산시
4550000,충청남도,충남금산군
4570000,충청남도,충남부여군
4580000,충청남도,충남서천군
4590000,충청남도,충남청양군
4600000,충청남도,충남홍성군
4610000,충청남도,충남예산군
4620000,충청남도,충남태안군
5580000,충청남도,충남계룡시
6540000,전북특별자치도,전북특별자치도 본청
4641000,전북특별자치도,전북전주시
4671000,전북특별자치도,전북군산시
4681000,전북특별자치도,전북익산시
4691000,전북특별자치도,전북정읍시
4701000,전북특별자치도,전북남원시
4711000,전북특별자치도,전북김제시
4721000,전북특별자치도,전북완주군
4731000,전북특별자치도,전북진안군
4741000,전북특별자치도,전북무주군
4751000,전북특별자치도,전북장수군
4761000,전북특별자치도,전북임실군
4771000,전북특별자치도,전북순창군
4781000,전북특별자치도,전북고창군
4791000,전북특별자치도,전북부안군
6470000,경상북도,경상북도 본청
5020000,경상북도,경북포항시
5050000,경상북도,경북경주시
5060000,경상북도,경북김천시
5070000,경상북도,경북안동시
5080000,경상북도,경북구미시
5090000,경상북도,경북영주시
5100000,경상북도,경북영천시
5110000,경상북도,경북상주시
5120000,경상북도,경북문경시
5130000,경상북도,경북경산시
5150000,경상북도,경북의성군
5160000,경상북도,경북청송군
5170000,경상북도,경북영양군
5180000,경상북도,경북영덕군
5190000,경상북도,경북청도군
5200000,경상북도,경북고령군
5210000,경상북도,경북성주군
5220000,경상북도,경북칠곡군
5230000,경상북도,경북예천군
5240000,경상북도,경북봉화군
5250000,경상북도,경북울진군
5260000,경상북도,경북울릉군
6480000,경상남도,경상남도 본청
5670000,경상남도,경남창원시
5310000,경상남도,경남진주시
5330000,경상남도,경남통영시
5340000,경상남도,경남사천시
5350000,경상남도,경남김해시
5360000,경상남도,경남밀양시
5370000,경상남도,경남거제시
5380000,경상남도,경남양산시
5390000,경상남도,경남의령군
5400000,경상남도,경남함안군
5410000,경상남도,경남창녕군
5420000,경상남도,경남고성군
5430000,경상남도,경남남해군
5440000,경상남도,경남하동군
5450000,경상남도,경남산청군
5460000,경상남도,경남함양군
5470000,경상남도,경남거창군
5480000,경상남도,경남합천군
6500000,제주특별자치도,제주특별자치도 본청
6510000,제주특별자치도,제주제주시
6520000,제주특별자치도,제주서귀포시
