corp_name,rcept_no,rcept_dt,market,item,themes
아티스트스튜디오,20261008000767,20261008,코스닥,"전시, 컨벤션 및 행사대행업",
아티스트스튜디오,20261008000767,20261008,코스닥,미술 및 미술 콘텐츠 관련 사업,엔터·콘텐츠·게임
더코디,20261007000699,20261008,코스닥,"위 사업과 관련 제품 및 로봇·자동화설비의 수입 판매, 설치, 시운전, 개조 개선, 유지 보수 및 수리업",로봇
더코디,20261007000699,20261008,코스닥,"전기 자동차 배터리팩, 로봇용 전원장치, 전력변환장치 및 주변장치 제조 및 판매업",로봇;2차전지·배터리;신재생·에너지·전력;모빌리티·전기차·자율주행
더코디,20261007000699,20261008,코스닥,"방송프로그램 제작 및 배급업, 방송채널사용사업 및 기타 방송사업",엔터·콘텐츠·게임
더코디,20261007000699,20261008,코스닥,"인터넷방송, 소셜 미디어, 메신저, 숏폼·라이브 스트리밍 등 미디어사업 및 그와 관련된 콘텐츠(인공지능 기반 콘텐츠 포함)의 제작, 유통, 라이선스 및 서비스업",AI(인공지능);엔터·콘텐츠·게임
더코디,20261007000699,20261008,코스닥,"광고 제작 및 대행업, 광고매체판매업, 옥외광고업, 온라인·모바일 광고업, 인플루언서 마케팅 및 소셜 미디어 마케팅 대행업",
더코디,20261007000699,20261008,코스닥,"국내외 공연, 전시, 이벤트 및 문화예술분야의 기획, 제작, 투자, 알선 및 판매업",엔터·콘텐츠·게임
더코디,20261007000699,20261008,코스닥,"스포츠, 연예인 등 공인 에이전시업 및 크리에이터·인플루언서 매니지먼트(MCN)업",엔터·콘텐츠·게임
더코디,20261007000699,20261008,코스닥,"컴퓨터, 서버, GPU, 주변기기 및 통신기기관련제품의 제조, 판매, 대여 및 임대업",
더코디,20261007000699,20261008,코스닥,"시스템 통합(SI), 정보처리시스템 및 소프트웨어(인공지능 소프트웨어, 솔루션, 플랫폼 포함)의 연구개발, 개발, 판매, 임대, 유지보수 및 서비스업",AI(인공지능);클라우드·SW·빅데이터
더코디,20261007000699,20261008,코스닥,"정보통신, 전기 및 기계설비 관련 공사업",
더코디,20261007000699,20261008,코스닥,"컴퓨터 정보처리, 로봇 및 인공지능 관련 교육, 자격인증, 교구·콘텐츠 공급업",AI(인공지능);로봇;엔터·콘텐츠·게임;교육
더코디,20261007000699,20261008,코스닥,"온라인 서비스업, 정보자료처리업 및 정보통신서비스업",
더코디,20261007000699,20261008,코스닥,"산업용로봇, 협동로봇, 제조용 로봇 및 에이아이(AI) 산업용 로봇의 연구개발, 제조, 판매업 및 서비스업",AI(인공지능);로봇
더코디,20261007000699,20261008,코스닥,"반도체, 이차전지, 태양전지 제조용 기계 및 로봇 자동화·스마트팩토리 설비의 설계, 제조, 시공, 판매업",로봇;반도체;2차전지·배터리
더코디,20261007000699,20261008,코스닥,"서비스로봇(물류·배송·안내·청소·방역·조리·의료·재활·돌봄·교육용·가정용 로봇 등)의 연구개발, 제조, 판매업 및 서비스업",로봇;바이오·헬스케어;교육
더코디,20261007000699,20261008,코스닥,"지능형로봇, 휴머노이드 로봇 및 인공지능 기반 자율로봇의 연구개발, 제조, 판매업 및 서비스업",AI(인공지능);로봇
더코디,20261007000699,20261008,코스닥,"산업용, 연구용, 군사용, 전문서비스용 로봇 하드웨어 및 소프트웨어의 개발, 제작, 판매, 수출입, 임대, 가공 및 용역업",로봇;클라우드·SW·빅데이터
더코디,20261007000699,20261008,코스닥,"천문, 우주, 항공, 해양, 방송, 무대 및 특수환경용 로봇·자동화장치 하드웨어 및 소프트웨어의 개발, 제작, 판매, 수출입, 임대, 가공 및 용역업",로봇;클라우드·SW·빅데이터;우주항공;조선·해양;엔터·콘텐츠·게임;탄소·환경
더코디,20261007000699,20261008,코스닥,"드론 및 무인이동체(무인항공기·무인차량·무인선박)와 자율주행장치의 개발, 제조, 판매 및 운용서비스업",우주항공;드론·UAM;모빌리티·전기차·자율주행;조선·해양
더코디,20261007000699,20261008,코스닥,"로봇 부품(감속기, 서보모터, 액추에이터, 센서, 그리퍼, 제어기, 구동모듈 등) 및 관련 소재의 연구개발, 제조, 판매업 및 서비스업",로봇
더코디,20261007000699,20261008,코스닥,"유공압기기, 정밀기계 및 구동장치의 제조 및 판매업",
더코디,20261007000699,20261008,코스닥,"유무선 원격자동 계측 및 제어시스템의 개발, 제조, 판매업",
더코디,20261007000699,20261008,코스닥,"쌍안경, 단안경, 현미경, 거리측정기, 속도측정기, 열화상기기, 카메라 및 비전센서 등 각종 광학기기·부품·관련장비의 제조, 도소매 및 수출입업",
더코디,20261007000699,20261008,코스닥,"로봇 제어 소프트웨어, 로봇운영체제, 로봇 관제·통합 플랫폼 및 자율주행 소프트웨어의 개발, 판매, 임대 및 서비스업",로봇;클라우드·SW·빅데이터;모빌리티·전기차·자율주행
더코디,20261007000699,20261008,코스닥,로봇 임대업 및 로봇 구독형 서비스(RaaS) 제공업,로봇
더코디,20261007000699,20261008,코스닥,로봇 운용·대행 서비스업 및 로봇 기반 무인화 솔루션 서비스업,로봇
더코디,20261007000699,20261008,코스닥,로봇 기반 무인판매업 및 자동판매기 운영업,로봇
더코디,20261007000699,20261008,코스닥,타회사의 주식 또는 지분을 취득·소유함으로써 그 회사 제반사업 내용의 지배·경영지도 및 육성,
더코디,20261007000699,20261008,코스닥,"브랜드, 상표권, 특허권, 캐릭터 등 지식재산권 및 노하우 기술의 취득, 관리, 판매, 임대, 라이선스업 및 무형재산권의 중개, 알선, 임대업",
더코디,20261007000699,20261008,코스닥,"과학, 로봇공학 및 인공지능 분야 서적, 정기간행물 및 교습지의 출판업, 만화·웹툰 출판업 및 도소매, 수출입업",AI(인공지능);로봇;엔터·콘텐츠·게임
더코디,20261007000699,20261008,코스닥,"인공지능 기반 서비스형 소프트웨어(SaaS), 클라우드 컴퓨팅, 호스팅 및 관련 서비스업, AI 에이전트 및 API 서비스 제공업",AI(인공지능);클라우드·SW·빅데이터
더코디,20261007000699,20261008,코스닥,"인공지능 반도체, AI 연산장치 및 AI 데이터센터·컴퓨팅 인프라의 개발, 구축, 운영 및 임대업",AI(인공지능);데이터센터;반도체
더코디,20261007000699,20261008,코스닥,"인공지능·로봇 학습용 데이터 및 이용자 데이터의 수집, 가공, 라벨링, 분석, 판매업, 데이터베이스 검색·개발·구축·운영업 및 데이터 거래·중개업",AI(인공지능);로봇;클라우드·SW·빅데이터
더코디,20261007000699,20261008,코스닥,"인공지능 기반 검색엔진, 추천 시스템 및 정보검색 서비스업",AI(인공지능)
더코디,20261007000699,20261008,코스닥,"인공지능 및 빅데이터 기반 여론조사, 시장조사 및 리서치업",AI(인공지능);클라우드·SW·빅데이터
더코디,20261007000699,20261008,코스닥,"인공지능 기술을 활용한 의료·헬스케어, 금융, 교육, 제조, 유통, 마케팅, 보안, 자율주행, 로봇 등 산업별 응용 솔루션의 개발 및 서비스업",AI(인공지능);로봇;바이오·헬스케어;모빌리티·전기차·자율주행;교육
더코디,20261007000699,20261008,코스닥,인공지능 관련 기술·기업에 대한 투자 및 사업개발업,AI(인공지능)
더코디,20261007000699,20261008,코스닥,"소셜 네트워크 서비스(SNS) 및 온라인 커뮤니티 플랫폼의 개발, 운영 및 서비스업",클라우드·SW·빅데이터
더코디,20261007000699,20261008,코스닥,"부가통신사업, 기간통신사업(유선·무선통신업) 및 인터넷 정보 제공업",
더코디,20261007000699,20261008,코스닥,"위치정보사업, 위치기반서비스업 및 지도제작업",
더코디,20261007000699,20261008,코스닥,온·오프라인 연계(O2O) 서비스업 및 플랫폼 중개업,클라우드·SW·빅데이터
더코디,20261007000699,20261008,코스닥,"팬덤 커뮤니티 서비스, 구독형 멤버십 서비스 및 유료 콘텐츠 제공업",엔터·콘텐츠·게임
더코디,20261007000699,20261008,코스닥,온라인 여행 예약·중개 플랫폼업 및 종합여행업,클라우드·SW·빅데이터
더코디,20261007000699,20261008,코스닥,"음반물, 영상물, 사진, 출판물, 만화, 웹툰 등의 유선 및 무선 대리중개업",엔터·콘텐츠·게임
더코디,20261007000699,20261008,코스닥,"저작권 및 저작인접권 등의 대리중개업과 음악, 영상, 출판물 관련 저작권 관리업",
더코디,20261007000699,20261008,코스닥,직업정보제공사업 및 온라인 인재·용역 매칭 플랫폼업,클라우드·SW·빅데이터
더코디,20261007000699,20261008,코스닥,기타 위 각호에 부대되는 사업 일체 및 필요 또는 유익한 사업의 영위 및 투자,
에스엔시스,20261007000402,20261007,코스닥,기계 및 장비 중개업,
에스엔시스,20261007000402,20261007,코스닥,전기·전자 및 정밀 기기 수리업,
금양,20261002000529,20261002,유가증권,데이터 센터 전력 공급 및 에너지 관리 사업,데이터센터;신재생·에너지·전력
금양,20261002000529,20261002,유가증권,ESS 및 에너지 저장 장치 관련 사업,2차전지·배터리
금양,20261002000529,20261002,유가증권,데이터 센터 열 관리 사업,데이터센터
금양,20261002000529,20261002,유가증권,데이터 센터 설비 및 장비의 유지 보수 사업,데이터센터
금양,20261002000529,20261002,유가증권,데이터 센터 보안 사업,데이터센터
금양,20261002000529,20261002,유가증권,에이아이(AI) 플랫폼 및 에이아이(AI) 서비스 사업,AI(인공지능);클라우드·SW·빅데이터
다보링크,20261002000251,20261002,코스닥,"로봇, 로봇 부품제조 및 판매업",로봇
다보링크,20261002000251,20261002,코스닥,"로봇 자동화 기계, 설비 제조 및 판매업",로봇
다보링크,20261002000251,20261002,코스닥,"산업용, 연구용, 군사용, 전문서비스용, 로봇 하드웨어 및 소프트웨어 수출입, 개발제작, 임대, 가공 및 용역업",로봇;클라우드·SW·빅데이터
다보링크,20261002000251,20261002,코스닥,지능형로봇 제조 및 판매업,로봇
다보링크,20261002000251,20261002,코스닥,지능형로봇 부품 제조 및 판매업,로봇
다보링크,20261002000251,20261002,코스닥,산업용로봇 제조 및 판매업,로봇
다보링크,20261002000251,20261002,코스닥,로봇부품 및 부분품 유통업,로봇
다보링크,20261002000251,20261002,코스닥,군사용로봇 제조 및 판매업,로봇
다보링크,20261002000251,20261002,코스닥,극한작업용로봇 제조 및 판매업,로봇
다보링크,20261002000251,20261002,코스닥,"로봇 및 로봇시스템의 연구, 개발, 제조, 생산, 판매 및 유통업",로봇
다보링크,20261002000251,20261002,코스닥,"산업용 로봇, 서비스로봇, 협동로봇 및 자동화설비 제조업",로봇
다보링크,20261002000251,20261002,코스닥,"로봇부품, 센서, 제어장치, 구동장치 및 주변기기 제조·판매업",로봇
다보링크,20261002000251,20261002,코스닥,인공지능(AI) 기반 로봇 소프트웨어 개발 및 공급업,AI(인공지능);로봇;클라우드·SW·빅데이터
다보링크,20261002000251,20261002,코스닥,로봇 관련 수출입업 및 무역업,로봇
다보링크,20261002000251,20261002,코스닥,로봇 관련 플랫폼 구축 및 데이터 서비스업,로봇;클라우드·SW·빅데이터
다보링크,20261002000251,20261002,코스닥,"광 트랜시버 칩의 연구개발, 설계, 제조 및 판매업",
다보링크,20261002000251,20261002,코스닥,"광반도체, 광집적회로(PIC), 실리콘 포토닉스 칩의 연구개발, 제조 및 판매업",반도체
다보링크,20261002000251,20261002,코스닥,"광통신용 송수신 모듈 및 부품의 연구개발, 제조 및 판매업",
다보링크,20261002000251,20261002,코스닥,광통신용 장치 및 광 계측기 제작 및 판매,
다보링크,20261002000251,20261002,코스닥,엔터테인먼트업,엔터·콘텐츠·게임
다보링크,20261002000251,20261002,코스닥,엔터테인먼트관련 투자 컨설팅업,엔터·콘텐츠·게임
다보링크,20261002000251,20261002,코스닥,매니지먼트업,엔터·콘텐츠·게임
다보링크,20261002000251,20261002,코스닥,"멀티미디어 콘텐츠 개발,기획,제작 및 판매",엔터·콘텐츠·게임
다보링크,20261002000251,20261002,코스닥,"뉴미디어서비스 사업 및 그와 관련된 제작유통, 서비스업",
다보링크,20261002000251,20261002,코스닥,"음악 콘텐츠 제작, 배급 및 유통판매",엔터·콘텐츠·게임
다보링크,20261002000251,20261002,코스닥,공연기획 및 제작,엔터·콘텐츠·게임
다보링크,20261002000251,20261002,코스닥,"영상기획, 제작 및 판매",
다보링크,20261002000251,20261002,코스닥,"방송용(공중파, 위성, 케이블, 인터넷 및 기타방송) 프로그램의 제작 및 국내외 판권구입, 배급, 상영, 판매업",우주항공;엔터·콘텐츠·게임
다보링크,20261002000251,20261002,코스닥,"영화, 드라마, 뮤지컬, 애니메이션 등 각종 영상 프로그램 제작 및 투자, 국내외 판권구입, 배급, 상영, 판매업",엔터·콘텐츠·게임
다보링크,20261002000251,20261002,코스닥,"비디오, DVD, VCD, VOD, DMB등 영상물의 제작, 복사, 서비스 및 국내외 판매업",
다보링크,20261002000251,20261002,코스닥,PPL 및 BPL등을 통한 광고 대행업,
다보링크,20261002000251,20261002,코스닥,광고행사 기획 및 국내외 프로모션,
다보링크,20261002000251,20261002,코스닥,광고물 제작 대행업,
다보링크,20261002000251,20261002,코스닥,"캐릭터, 게임물 등의 제작, 수출, 배급 및 기타 관련사업",엔터·콘텐츠·게임
다보링크,20261002000251,20261002,코스닥,연예대행업(흥행알선),
다보링크,20261002000251,20261002,코스닥,연예보조업,
다보링크,20261002000251,20261002,코스닥,인터넷 광고업,
다보링크,20261002000251,20261002,코스닥,인터넷 서비스,
다보링크,20261002000251,20261002,코스닥,음반의 제작 및 유통 판매업,엔터·콘텐츠·게임
다보링크,20261002000251,20261002,코스닥,음반의 도소매업,엔터·콘텐츠·게임
다보링크,20261002000251,20261002,코스닥,각종 음향물 녹음제작업,
다보링크,20261002000251,20261002,코스닥,"저작권 대리중개업- 이벤트사업(각종행사의 기획, 연출, 제작)",
다보링크,20261002000251,20261002,코스닥,인테리어(방송국실내인테리어),엔터·콘텐츠·게임
다보링크,20261002000251,20261002,코스닥,외식사업,식품·농업·외식
다보링크,20261002000251,20261002,코스닥,"의류, 신발용품 도소매업 및 무역업",
다보링크,20261002000251,20261002,코스닥,식자재 및 가공식품 유통업,식품·농업·외식
다보링크,20261002000251,20261002,코스닥,신재생에너지 사업,신재생·에너지·전력
다보링크,20261002000251,20261002,코스닥,신에너지 개발 및 제조업,
다보링크,20261002000251,20261002,코스닥,신재생에너지 개발 및 제조업,신재생·에너지·전력
다보링크,20261002000251,20261002,코스닥,세포 치료제 및 치료기술 연구개발 및 제조업,바이오·헬스케어
다보링크,20261002000251,20261002,코스닥,의약외품 및 의약품 원료 연구개발 및 제조업,바이오·헬스케어
다보링크,20261002000251,20261002,코스닥,화장품 및 화장품 원료 연구개발 및 제조업,화장품·뷰티
다보링크,20261002000251,20261002,코스닥,외국인 환자 유치업,
다보링크,20261002000251,20261002,코스닥,바이오 의약품 및 의약품 원료 연구 개발 및 제조업,바이오·헬스케어
다보링크,20261002000251,20261002,코스닥,"화장품 개발, 제조, 마케팅 및 유통관련업",화장품·뷰티
다보링크,20261002000251,20261002,코스닥,세포 가공 및 세포 배양 관련 연구개발 및 제조업,바이오·헬스케어
다보링크,20261002000251,20261002,코스닥,건강기능식품 및 건강기능식품 원료 연구개발 및 제조업,바이오·헬스케어;식품·농업·외식
다보링크,20261002000251,20261002,코스닥,의료진단장비 연구개발 및 제조업,바이오·헬스케어
다보링크,20261002000251,20261002,코스닥,원자재 수출입업,
다보링크,20261002000251,20261002,코스닥,액체연료 및 관련제품 도매업,
다보링크,20261002000251,20261002,코스닥,염료 안료 관련제품 도매업,
다보링크,20261002000251,20261002,코스닥,기타 화학물질 및 화학제품 도매업,
다보링크,20261002000251,20261002,코스닥,기타 화학제품 제조업,
다보링크,20261002000251,20261002,코스닥,잉크 페인트 코팅제 세제 제조업,
신테카바이오,20260930001208,20260930,코스닥,"Ⅰ. 바이오 검진, 진단 플랫폼 사업",클라우드·SW·빅데이터;바이오·헬스케어
신테카바이오,20260930001208,20260930,코스닥,Ⅰ. 유전체 분석 및 정밀 의료 사업,바이오·헬스케어
신테카바이오,20260930001208,20260930,코스닥,"Ⅰ. 체외 진단, 분자 진단 및 유전체 진단사업",바이오·헬스케어
신테카바이오,20260930001208,20260930,코스닥,"Ⅰ. 동물용 체외 진단, 분자진단 및 유전체 진단 사업",바이오·헬스케어
신테카바이오,20260930001208,20260930,코스닥,Ⅰ. 전문의약품 및 일반의약품의 제조·유통·판매사업,바이오·헬스케어
신테카바이오,20260930001208,20260930,코스닥,Ⅰ. 동물용 의약품 및 동물용 백신의 제조·유통·판매사업,바이오·헬스케어
신테카바이오,20260930001208,20260930,코스닥,"Ⅰ. 축산 방역 관련 연구, 개발 및 제품 제조·유통·판매사업",식품·농업·외식
신테카바이오,20260930001208,20260930,코스닥,"Ⅰ. 동물 의학 관련 연구, 개발 사업",
신테카바이오,20260930001208,20260930,코스닥,"Ⅰ. 의료기기 및 체외 진단, 의료 기기의 제조·유통·판매사업",바이오·헬스케어
신테카바이오,20260930001208,20260930,코스닥,Ⅰ. 건강기능식품의 개발·제조·유통·판매사업,바이오·헬스케어;식품·농업·외식
신테카바이오,20260930001208,20260930,코스닥,Ⅰ. 동물용 건강기능식품 및 반려동물 헬스케어 제품의 개발·제조·      유통·판매사업,바이오·헬스케어;반려동물(펫);식품·농업·외식
신테카바이오,20260930001208,20260930,코스닥,Ⅰ. 데이터센터 구축·운영·임대 및 AI·클라우드 사업,AI(인공지능);데이터센터;클라우드·SW·빅데이터
신테카바이오,20260930001208,20260930,코스닥,"Ⅰ. 에이아이(AI) 기반 헬스케어, 디지털 헬스 및 바이오 융합사업",AI(인공지능);바이오·헬스케어
신테카바이오,20260930001208,20260930,코스닥,"Ⅰ. 기능성 소재 및 제품(사료첨가제, 식품, 건강기능식품, 화장품,",바이오·헬스케어;화장품·뷰티;식품·농업·외식
신테카바이오,20260930001208,20260930,코스닥,"의약품, 헬스케어등)의 연구개발 및 제조판매업",바이오·헬스케어
신테카바이오,20260930001208,20260930,코스닥,Ⅰ. 노화방지와 관련된 검사관리시스템개발·공급·운영업,
신테카바이오,20260930001208,20260930,코스닥,Ⅰ. 부동산 개발 및 매매·임대업,부동산·임대·건설
모델솔루션,20260930000208,20260930,코스닥,화장품 판매업,화장품·뷰티
모델솔루션,20260930000208,20260930,코스닥,"미용기기 개발, 제조 및 판매업",화장품·뷰티
모델솔루션,20260930000208,20260930,코스닥,"의료기기 개발, 제조 및 판매업",바이오·헬스케어
CSA 코스믹,20260929000908,20260929,코스닥,자동차 수출입업,
제이케이시냅스,20260929000861,20260929,코스닥,"사업, 경영자문(Consulting), 기업 인수합병 주선 및 기업 구조 조정업",
알엔투테크놀로지,20260929000483,20260929,코스닥,이 회사는 주식회사,
알엔투테크놀로지,20260929000483,20260929,코스닥,스퀘어텍,
알엔투테크놀로지,20260929000483,20260929,코스닥,이라고 한다. 영문으로는,
알엔투테크놀로지,20260929000483,20260929,코스닥,"Square Tech Co., Ltd.",
알엔투테크놀로지,20260929000483,20260929,코스닥,라 표기한다,
이엠앤아이,20260928000922,20260929,코스닥,"교육서비스업(입시학원, 보습학원, 외국어학원 등)",교육
이엠앤아이,20260928000922,20260929,코스닥,학원 운영업 및 학원 관련 사업,교육
이엠앤아이,20260928000922,20260929,코스닥,기숙학원 운영업,교육
이엠앤아이,20260928000922,20260929,코스닥,사설 강습소 운영업,
이엠앤아이,20260928000922,20260929,코스닥,평생교육시설 운영업,교육
이엠앤아이,20260928000922,20260929,코스닥,원격교육서비스업 및 온라인을 통한 교육서비스업,교육
이엠앤아이,20260928000922,20260929,코스닥,위탁교육업,교육
이엠앤아이,20260928000922,20260929,코스닥,국내외 연수 및 연수원 운영업,
이엠앤아이,20260928000922,20260929,코스닥,"교육프랜차이즈, 학원체인화 및 프랜차이즈업",교육
이엠앤아이,20260928000922,20260929,코스닥,"입시, 학원 및 교육 관련 자문·컨설팅업",교육
이엠앤아이,20260928000922,20260929,코스닥,교육정보화 사업 및 관련 경영컨설팅업,교육
이엠앤아이,20260928000922,20260929,코스닥,입시정보 제공업,
이엠앤아이,20260928000922,20260929,코스닥,입시 관련 이벤트업,
이엠앤아이,20260928000922,20260929,코스닥,"교육 관련 자격시험의 검정, 평가 및 컨설팅 서비스업",교육
이엠앤아이,20260928000922,20260929,코스닥,국내외 정보활용능력 관련 자격 검정 및 평가업,
이엠앤아이,20260928000922,20260929,코스닥,"교육 콘텐츠의 기획, 개발, 제작, 공급 및 판매업",엔터·콘텐츠·게임;교육
이엠앤아이,20260928000922,20260929,코스닥,"유·무선, 인터넷 및 모바일을 통한 교육 콘텐츠 제공 서비스업",엔터·콘텐츠·게임;교육
이엠앤아이,20260928000922,20260929,코스닥,"동영상 및 미디어 교육 콘텐츠의 기획, 제작, 공급 및 서비스업",엔터·콘텐츠·게임;교육
이엠앤아이,20260928000922,20260929,코스닥,"교육용 소프트웨어 및 교육솔루션의 개발, 제작, 판매 및 공급업",클라우드·SW·빅데이터;교육
이엠앤아이,20260928000922,20260929,코스닥,교수·학습 프로그램의 개발 및 공급업,
이엠앤아이,20260928000922,20260929,코스닥,"학원관리 프로그램, 학습관리시스템 및 모바일 애플리케이션의 개발, 판매 및 공급업",교육
이엠앤아이,20260928000922,20260929,코스닥,"소프트웨어 자문, 개발 및 공급업",클라우드·SW·빅데이터
이엠앤아이,20260928000922,20260929,코스닥,부가통신사업,
이엠앤아이,20260928000922,20260929,코스닥,인터넷 및 모바일 서비스업,
이엠앤아이,20260928000922,20260929,코스닥,영상 및 방송통신 서비스업,엔터·콘텐츠·게임
이엠앤아이,20260928000922,20260929,코스닥,인터넷 광고업,
이엠앤아이,20260928000922,20260929,코스닥,"교과서, 학습서적, 학습교재 및 교육교재의 개발, 제작 및 출판업",교육
이엠앤아이,20260928000922,20260929,코스닥,"학습지의 개발, 제작, 출판 및 배부사업",
이엠앤아이,20260928000922,20260929,코스닥,출판 및 인쇄업,
이엠앤아이,20260928000922,20260929,코스닥,서적 및 교재 도·소매업,
이엠앤아이,20260928000922,20260929,코스닥,"교육관련물 및 교육용품의 제조, 판매, 대여 및 도·소매업",교육
이엠앤아이,20260928000922,20260929,코스닥,"서적, 음반 및 비디오물의 제조, 판매 및 대여업",엔터·콘텐츠·게임
이엠앤아이,20260928000922,20260929,코스닥,전자상거래업 및 통신판매업,
이엠앤아이,20260928000922,20260929,코스닥,인력 파견업,
이엠앤아이,20260928000922,20260929,코스닥,강사 파견사업,
이엠앤아이,20260928000922,20260929,코스닥,강사훈련 및 수급지원사업,
이엠앤아이,20260928000922,20260929,코스닥,외국인 강사 알선업,
이엠앤아이,20260928000922,20260929,코스닥,유학 관련 사업,
이엠앤아이,20260928000922,20260929,코스닥,"음식점, 식당, 매점 및 자판기 운영업",식품·농업·외식
이엠앤아이,20260928000922,20260929,코스닥,체력단련시설 운영업,
엠젠솔루션,20260928000843,20260928,코스닥,"부동산 매매업, 임대업 및 부동산 관리업",부동산·임대·건설
엠젠솔루션,20260928000843,20260928,코스닥,원유정제분해업,
엠젠솔루션,20260928000843,20260928,코스닥,"벙커씨(Bunker-C), 벙커비(Bunker-B) 크래킹 고도화사업",
엠젠솔루션,20260928000843,20260928,코스닥,나프타 크래킹 석유화학업,
엠젠솔루션,20260928000843,20260928,코스닥,"신재생에너지, 폐기물 및 폐자원 기반 전기, 발전사업",신재생·에너지·전력;탄소·환경
엠젠솔루션,20260928000843,20260928,코스닥,"전기, 발전사업 개발, 건설 및 운영 유지관리사업",신재생·에너지·전력;부동산·임대·건설
엠젠솔루션,20260928000843,20260928,코스닥,"에너지저장(ESS)관련 설비의 개발, 제조, 설치 및 운영사업",2차전지·배터리
엠젠솔루션,20260928000843,20260928,코스닥,"환경 및 의료폐기물, 에너지, 산업플랜트의 설계, 제작, 시공(설치) 및 운영사업",바이오·헬스케어;탄소·환경
엠젠솔루션,20260928000843,20260928,코스닥,"각종 플랜트, 열분해 및 고분자분해 산업설비의 제조 판매, 임대 및 유지보수사업",
엠젠솔루션,20260928000843,20260928,코스닥,폐기물 및 폐자원의 열분해 및 자원화사업,탄소·환경
엠젠솔루션,20260928000843,20260928,코스닥,"폐플라스틱, 폐타이어, 폐윤활유 등 폐기물 재활용사업",바이오·헬스케어;탄소·환경
엠젠솔루션,20260928000843,20260928,코스닥,"폐기물(의료폐기물) 및 폐자원의 수집, 운반 처리업",바이오·헬스케어;탄소·환경
엠젠솔루션,20260928000843,20260928,코스닥,"대체에너지, 석유화학, 원유정제 파생상품 등 위험물 주선 및 특수차량 운수업",
엠젠솔루션,20260928000843,20260928,코스닥,각종플랜트 관련 기술용역 및 위탁관리운영 용역업,
엠젠솔루션,20260928000843,20260928,코스닥,"데이터센터(인공지능 데이터센터 및 고성능 컴퓨팅 시설 포함)의 개발, 건설, 소유, 운영 및 관리업",AI(인공지능);데이터센터;부동산·임대·건설
엠젠솔루션,20260928000843,20260928,코스닥,데이터센터 시설의 임대업 및 코로케이션(Colocation) 서비스업,데이터센터
엠젠솔루션,20260928000843,20260928,코스닥,서버 호스팅 및 관련 데이터 처리 서비스업,클라우드·SW·빅데이터
엠젠솔루션,20260928000843,20260928,코스닥,"전기설비 및 냉각설비의 설치, 운영 및 유지관리업",
엠젠솔루션,20260928000843,20260928,코스닥,부가통신사업,
엠젠솔루션,20260928000843,20260928,코스닥,부동산 개발 및 공급업,부동산·임대·건설
엠젠솔루션,20260928000843,20260928,코스닥,"부동산 개발 관련 기획, 컨설팅 및 자문업",부동산·임대·건설
엠젠솔루션,20260928000843,20260928,코스닥,"토지 매입, 개발 및 분양업",부동산·임대·건설
엠젠솔루션,20260928000843,20260928,코스닥,부동산 투자 및 프로젝트 금융 관련 업무,부동산·임대·건설
엠젠솔루션,20260928000843,20260928,코스닥,제1조(시행일) 본 정관은 2026년 10월 13일부터 시행한다.,
유니켐,20260928000529,20260928,유가증권,지능형.휴머노이드 및 피지컬 인공지능 기반 로봇용 전자피부.외피.외장재. 부품의 연구개발.제조 판매업,AI(인공지능);로봇
유니켐,20260928000529,20260928,유가증권,로봇용 촉각.압력.전단력 센서 및 햅틱 인터페이스 .시스템의 연구개발.제조.판매업,로봇
유니켐,20260928000529,20260928,유가증권,"스마트 피혁,전자섬유.유연전자 융복합 소재.부품의 연구개발.제조 .판매업",
유니켐,20260928000529,20260928,유가증권,로봇 학습용 촉각 데이터 수집장치 및 센서 인터페이스.연동 소프트웨어의 개발.공급업,로봇;클라우드·SW·빅데이터
유니켐,20260928000529,20260928,유가증권,"호~34호 관련 기술이전,라이선스,공동연구개발.위탁생산.국내외 합작투자.수출입업",
나우로보틱스,20260928000232,20260928,코스닥,"서비스용 로봇 및 그 부품의 개발, 제조, 조립 및 판매업",로봇
나우로보틱스,20260928000232,20260928,코스닥,"군사용·국방용 로봇 및 그 부품의 개발, 제조, 조립 및 판매업",로봇;방산
나우로보틱스,20260928000232,20260928,코스닥,"군수용 물자·장비 및 그 부품의 개발, 제조, 조립, 판매, 수출입 및 유통업",방산
나우로보틱스,20260928000232,20260928,코스닥,"군수용 물자·장비 및 로봇의 설치, 정비, 유지보수, 성능개량 및 관련 서비스업",로봇;방산
이스트에이드,20260923000707,20260923,코스닥,"실물영화(실사영상), 드라마, 광고 등 영상콘텐츠의 기획, 개발, 제작, 투자, 촬영, 편집 및 후반작업업",엔터·콘텐츠·게임
이스트에이드,20260923000707,20260923,코스닥,"실물영화, 애니메이션 및 기타 영상콘텐츠의 직접 제작, 배급, 수입, 수출, 유통 및 판매업",엔터·콘텐츠·게임
이스트에이드,20260923000707,20260923,코스닥,"영화 및 영상콘텐츠의 관리, 운영 및 처분업",엔터·콘텐츠·게임
이스트에이드,20260923000707,20260923,코스닥,"배우, 모델 등 출연자의 초상권, 성명권, 음성권 및 퍼블리시티권의 취득, 관리 및 이용사업",
이스트에이드,20260923000707,20260923,코스닥,"디지털휴먼, 가상캐릭터 및 영상 생성 콘텐츠의 개발, 제작 및 서비스업",엔터·콘텐츠·게임
이스트에이드,20260923000707,20260923,코스닥,"영상, 이미지, 음성 데이터의 수집, 가공, 분석 및 인공지능(AI) 학습용 데이터 구축·활용 사업",AI(인공지능)
이스트에이드,20260923000707,20260923,코스닥,"영화, 영상콘텐츠, 디지털휴먼, 캐릭터 등과 관련된 지식재산권(IP)의 개발, 취득, 관리, 이용, 라이선스 및 사업화",엔터·콘텐츠·게임
이스트에이드,20260923000707,20260923,코스닥,"영상콘텐츠 및 캐릭터 상품의 도매업, 소매업 및 유통업",엔터·콘텐츠·게임
휴럼,20260922000091,20260922,코스닥,바이오소재 및 생명공학 관련 제품의 판매 및 수출입업,바이오·헬스케어
휴럼,20260922000091,20260922,코스닥,의료기기 도소매업 및 수출입업,바이오·헬스케어
휴럼,20260922000091,20260922,코스닥,창고업 및 물류 대행업,
휴럼,20260922000091,20260922,코스닥,마케팅 및 광고 대행업,
휴럼,20260922000091,20260922,코스닥,소프트웨어 개발 및 공급업,클라우드·SW·빅데이터
모아데이타,20260921000657,20260922,코스닥,"소프트웨어 개발, 자문 및 공급업, 컴퓨터 프로그래밍업, 시스템 통합 자문·구축 및 관리업 및 정보처리 서비스업",클라우드·SW·빅데이터
모아데이타,20260921000657,20260922,코스닥,"하드웨어, 컴퓨터 주변기기 및 영상·음향기기의 개발, 제조 및 공급업",
모아데이타,20260921000657,20260922,코스닥,"소프트웨어, 컴퓨터 및 주변기기, 서버, 스토리지, 네트워크 장비 등 IT 관련 장비의 판매, 유통 및 도소매업",클라우드·SW·빅데이터
모아데이타,20260921000657,20260922,코스닥,전자상거래 및 통신판매업,
모아데이타,20260921000657,20260922,코스닥,시스템 통합 자문·구축·운영·관리 및 정보처리 서비스업,
모아데이타,20260921000657,20260922,코스닥,"컴퓨터 및 주변기기, 소프트웨어, 서버 및 IT 장비의 서비스, 판매, 유통, 도소매 및 임대업",클라우드·SW·빅데이터
모아데이타,20260921000657,20260922,코스닥,"아이티(IT) 관련 컨설팅, 통합 솔루션 제공 및 시스템의 기획, 설계, 구축, 운영, 관리 및 유지보수 사업",
모아데이타,20260921000657,20260922,코스닥,"아이티(IT) 관련 교육사업, 호스팅 및 관련 서비스업",교육
모아데이타,20260921000657,20260922,코스닥,"하드웨어, 소프트웨어, IT 관련 장비 및 솔루션의 판매, 재판매 또는 임대업 (중략)",클라우드·SW·빅데이터
모아데이타,20260921000657,20260922,코스닥,"무선통신 장비, 유·무선 네트워크 장비 및 5G 네트워크 장비의 개발, 제조, 조립, 판매, 유통 및 수출입업",
모아데이타,20260921000657,20260922,코스닥,"서버, 스토리지, 네트워크 장비, 5G 네트워크 장비 등 IT 인프라 장비와 AI 인프라 및 데이터센터 관련 장비·부품의 개발, 제조, 조립, 판매, 유통, 도소매 및 수출입업",AI(인공지능);데이터센터
모아데이타,20260921000657,20260922,코스닥,"서버 및 IT 장비의 설치, 구축, 운영, 유지보수 및 기술용역 서비스업",
모아데이타,20260921000657,20260922,코스닥,"데이터센터, 인터넷데이터센터(IDC), AI 데이터센터 및 집적정보통신시설의 기획, 개발, 설계, 시공, 구축, 이전, 소유, 임대, 운영, 관리, 유지보수 및 이와 관련된 컨설팅, 용역 및 공사업",AI(인공지능);데이터센터
모아데이타,20260921000657,20260922,코스닥,"AI 서비스업(AI 베어메탈, AI 컴퓨팅 플랫폼, AI 에이전트, AI 로보틱스 및 기타 AI 시스템·서비스)",AI(인공지능);로봇;클라우드·SW·빅데이터
모아데이타,20260921000657,20260922,코스닥,"데이터센터 관련 에너지 효율화, 신재생에너지 및 탄소배출권 관련 사업",데이터센터;신재생·에너지·전력;탄소·환경
모아데이타,20260921000657,20260922,코스닥,데이터베이스 및 온라인 정보 제공업,클라우드·SW·빅데이터
모아데이타,20260921000657,20260922,코스닥,정보통신업 및 기타 컴퓨터 운영 관련 서비스업,
모아데이타,20260921000657,20260922,코스닥,비주거용 건물 및 창고·운송 관련 시설 건설업,부동산·임대·건설
모아데이타,20260921000657,20260922,코스닥,"게임 소프트웨어 및 모바일·온라인·컴퓨터·콘솔 게임의 개발, 제작, 생산, 제조, 유통, 판매, 서비스 및 퍼블리싱(배급)업",클라우드·SW·빅데이터;엔터·콘텐츠·게임
모아데이타,20260921000657,20260922,코스닥,"가상현실(VR), 증강현실(AR) 및 확장현실(XR) 콘텐츠 개발 및 공급업",엔터·콘텐츠·게임
모아데이타,20260921000657,20260922,코스닥,"게임 캐릭터 및 브랜드 지식재산권(IP)의 라이선스, 제작 및 판매업",엔터·콘텐츠·게임
모아데이타,20260921000657,20260922,코스닥,"디지털 콘텐츠 제작, 유통, 판매 및 중개 서비스업",엔터·콘텐츠·게임
모아데이타,20260921000657,20260922,코스닥,"광고 대행, 마케팅 프로모션 및 인터넷 광고 관련 사업",
모아데이타,20260921000657,20260922,코스닥,"게임 관련 상품 및 서비스의 유통, 무역업 및 수출입업",엔터·콘텐츠·게임
모아데이타,20260921000657,20260922,코스닥,각종 상품의 도매 및 소매업,
모아데이타,20260921000657,20260922,코스닥,"전기식 칠러용 부품의 개발, 제조 및 판매업",
모아데이타,20260921000657,20260922,코스닥,"반도체 온도검사 관련 장비·부품·모듈 및 온도검사용 방열구조체의 개발, 제조, 조립, 판매, 수리 및 교환(AS)업",반도체
모아데이타,20260921000657,20260922,코스닥,"지피유(GPU) 및 씨피유(CPU) 방열용 액냉식 콜드플레이트의 개발, 제조 및 판매업",
모아데이타,20260921000657,20260922,코스닥,"데이터센터용 열관리 시스템의 설계, 구축 및 보수업",데이터센터
모아데이타,20260921000657,20260922,코스닥,"데이터센터용 랙 및 관련 설비의 개발, 제조 및 판매업",데이터센터
모아데이타,20260921000657,20260922,코스닥,"데이터센터용 액체냉각 시스템 및 냉각장치의 개발, 제조 및 판매업",데이터센터
모아데이타,20260921000657,20260922,코스닥,산업용 냉장 및 냉동장비 제조업,
모아데이타,20260921000657,20260922,코스닥,"증류기, 열교환기 및 가스발생기 제조업",
모아데이타,20260921000657,20260922,코스닥,"반도체 소자, 전자부품 및 반도체 장비용 핵심 부품·소재·전장품의 개발, 제조 및 판매업",반도체
모아데이타,20260921000657,20260922,코스닥,"반도체 제조용 기계 및 장비의 개발, 제조, 판매 및 유통업",반도체
모아데이타,20260921000657,20260922,코스닥,반도체 검사장비 및 물질 검사·측정·분석기구의 개발 및 제조업,반도체
모아데이타,20260921000657,20260922,코스닥,반도체 및 평판디스플레이(FPD) 제조용 장비 부품의 가공 및 표면처리업,반도체
모아데이타,20260921000657,20260922,코스닥,"반도체 장비의 설치(셋업), 개조(Retrofit), 유지보수 및 수리업",반도체
모아데이타,20260921000657,20260922,코스닥,"반도체 관련 기술용역, 시스템 엔지니어링 및 컨설팅업",반도체
모아데이타,20260921000657,20260922,코스닥,반도체 장비 및 부품의 수출입업 및 무역대행업,반도체
모아데이타,20260921000657,20260922,코스닥,산업용 기계 및 장비 수리업,
모아데이타,20260921000657,20260922,코스닥,연구개발업,
뉴보텍,20260918000069,20260918,코스닥,태양광 발전사업 및 태양광 발전시설의 임대·관리 관련 사업,신재생·에너지·전력
뉴보텍,20260918000069,20260918,코스닥,태양광 발전시설 설치를 위한 건물의 지붕 등 유휴공간의 임차·임대 및 관련 자산 관리사업,신재생·에너지·전력
리튬포어스,20260917000447,20260917,코스닥,바이오 관련 소재 및 부품 제조업,바이오·헬스케어
리튬포어스,20260917000447,20260917,코스닥,반도체장비 제조 및 부품 판매업,반도체
리튬포어스,20260917000447,20260917,코스닥,"게임 및 영화 제작, 유통업",엔터·콘텐츠·게임
리튬포어스,20260917000447,20260917,코스닥,게임 및 영화 제작물의 출판업,엔터·콘텐츠·게임
리튬포어스,20260917000447,20260917,코스닥,소프트웨어 개발 및 공급업,클라우드·SW·빅데이터
리튬포어스,20260917000447,20260917,코스닥,금속압형제품 제조업,
리튬포어스,20260917000447,20260917,코스닥,기계부품 프레스 가공업,
리튬포어스,20260917000447,20260917,코스닥,베어링 제조업,
리튬포어스,20260917000447,20260917,코스닥,금형제조 및 판매,
리튬포어스,20260917000447,20260917,코스닥,해외구매대행업,
베노티앤알,20260916000537,20260916,코스닥,"반도체,LCD,OLED,태양광, 2차전지 장비 제조업",반도체;2차전지·배터리;신재생·에너지·전력
베노티앤알,20260916000537,20260916,코스닥,초순수설비,
베노티앤알,20260916000537,20260916,코스닥,정수설비,
베노티앤알,20260916000537,20260916,코스닥,산업용 플랜트설비,
베노티앤알,20260916000537,20260916,코스닥,정밀화학 화학물 제조 및 판매업,
베노티앤알,20260916000537,20260916,코스닥,"자동화기기와 동 부품 및 시스템의 조 및 도,소매업",
베노티앤알,20260916000537,20260916,코스닥,"자동측정, 제어장치와 동 부품 및 시스템의 제조 및 도,소매업",
베노티앤알,20260916000537,20260916,코스닥,"지능형 자동화 장비와 동 부품 및 시스템의 제조 및 도,소매업",
베노티앤알,20260916000537,20260916,코스닥,"스마트팩토리 물류자동화 기계장비 제조 및 도,소매업",
베노티앤알,20260916000537,20260916,코스닥,폐전지 재활용업,바이오·헬스케어;탄소·환경
베노티앤알,20260916000537,20260916,코스닥,기계설비공사업,
베노티앤알,20260916000537,20260916,코스닥,기계설비공사 관련자재 도소매업 및 무역업,
베노티앤알,20260916000537,20260916,코스닥,기계설비공사 관련 장비임대업,
베노티앤알,20260916000537,20260916,코스닥,가스공사업,
베노티앤알,20260916000537,20260916,코스닥,가스공사 관련 자재 도소매업 및 무역업,
베노티앤알,20260916000537,20260916,코스닥,가스공사 관련 장비임대업,
베노티앤알,20260916000537,20260916,코스닥,"제조업, 도소매업",
베노티앤알,20260916000537,20260916,코스닥,환경설비,탄소·환경
베노티앤알,20260916000537,20260916,코스닥,폐기물 재활용업 및 처리업,바이오·헬스케어;탄소·환경
베노티앤알,20260916000537,20260916,코스닥,폐유 정제 및 재생유 제조업,
베노티앤알,20260916000537,20260916,코스닥,석유류 및 석유화학제품 제조업 및 판매업,
베노티앤알,20260916000537,20260916,코스닥,"폐기물 수집, 운반 및 중간 처리업",탄소·환경
베노티앤알,20260916000537,20260916,코스닥,태양광 폐패널 재활용업,바이오·헬스케어;신재생·에너지·전력;탄소·환경
베노티앤알,20260916000537,20260916,코스닥,비철금속제품의 제조 및 판매업,
베노티앤알,20260916000537,20260916,코스닥,기타 화학 물질 및 화학제품 판매업,
베노티앤알,20260916000537,20260916,코스닥,수처리용 필터 및 역삼투막 제조 및 판매업,
베노티앤알,20260916000537,20260916,코스닥,마이크로 그리드 운용 설치업,
베노티앤알,20260916000537,20260916,코스닥,태양광 발전시스템 구축 및 운영업,신재생·에너지·전력
베노티앤알,20260916000537,20260916,코스닥,태양열 발전시스템 구축 및 운영업,
베노티앤알,20260916000537,20260916,코스닥,로봇용 소형에너지 발전장치업,로봇
베노티앤알,20260916000537,20260916,코스닥,에너지저장장치 개발 및 제조업,2차전지·배터리
베노티앤알,20260916000537,20260916,코스닥,전기판매업,
베노티앤알,20260916000537,20260916,코스닥,"부동산개발업,부동산공급업,건물신축판매업",부동산·임대·건설
베노티앤알,20260916000537,20260916,코스닥,전기차 충전소 개발 및 판매업,신재생·에너지·전력;모빌리티·전기차·자율주행
베노티앤알,20260916000537,20260916,코스닥,운수 및 창고업,
육일씨엔에쓰,20260916000329,20260916,코스닥,"세포치료제의 연구, 개발, 제조 및 판매업",바이오·헬스케어
육일씨엔에쓰,20260916000329,20260916,코스닥,"의약품 및 의약외품의 연구, 개발, 제조, 도매 및 소매업",바이오·헬스케어
육일씨엔에쓰,20260916000329,20260916,코스닥,"동물용 의약품의 연구, 개발, 제조, 수입, 수출, 도매 및 소매업",바이오·헬스케어
육일씨엔에쓰,20260916000329,20260916,코스닥,세포 가공 및 배양 용역업,바이오·헬스케어
육일씨엔에쓰,20260916000329,20260916,코스닥,세포 보관 및 공급업,바이오·헬스케어
육일씨엔에쓰,20260916000329,20260916,코스닥,"줄기세포 관련 연구, 개발 및 사업",바이오·헬스케어
육일씨엔에쓰,20260916000329,20260916,코스닥,생명공학 관련 연구개발 및 연구용역업,
육일씨엔에쓰,20260916000329,20260916,코스닥,의학 및 약학 관련 연구개발업,
육일씨엔에쓰,20260916000329,20260916,코스닥,생명과학 관련 컨설팅업,
육일씨엔에쓰,20260916000329,20260916,코스닥,비임상 및 임상시험 관련 사업 및 컨설팅업,
육일씨엔에쓰,20260916000329,20260916,코스닥,임상병리 및 조직병리 서비스업,
육일씨엔에쓰,20260916000329,20260916,코스닥,"의료용품 및 기타 의약 관련제품의 제조, 도매 및 소매업",바이오·헬스케어
육일씨엔에쓰,20260916000329,20260916,코스닥,"동물용 의료기기의 제조, 판매, 수입 및 수출업",바이오·헬스케어
육일씨엔에쓰,20260916000329,20260916,코스닥,"화장품 및 화장품 원료의 연구, 개발, 제조, 판매 및 유통업",화장품·뷰티
육일씨엔에쓰,20260916000329,20260916,코스닥,화장품 책임판매업 및 유통전문판매업,화장품·뷰티
육일씨엔에쓰,20260916000329,20260916,코스닥,애완용동물 및 반려동물 관련용품 판매업,반려동물(펫)
육일씨엔에쓰,20260916000329,20260916,코스닥,"반려동물 용품 및 사료의 제조, 판매, 수입 및 수출업",반려동물(펫)
육일씨엔에쓰,20260916000329,20260916,코스닥,애완동물 장묘 및 보호서비스업,반려동물(펫)
육일씨엔에쓰,20260916000329,20260916,코스닥,인테리어 사업,
육일씨엔에쓰,20260916000329,20260916,코스닥,건축공사업,부동산·임대·건설
육일씨엔에쓰,20260916000329,20260916,코스닥,시설물 관리 및 유지보수 서비스업,부동산·임대·건설
육일씨엔에쓰,20260916000329,20260916,코스닥,"인테리어 기획, 설계 및 컨설팅업",
육일씨엔에쓰,20260916000329,20260916,코스닥,"가구 제작, 도매 및 소매업",
육일씨엔에쓰,20260916000329,20260916,코스닥,시각디자인업,
육일씨엔에쓰,20260916000329,20260916,코스닥,제품디자인업,
풍전약품,20260915000512,20260915,코스닥,"의약품, 원료의약품, 의약외품, 바이오의약품의 연구개발, 수탁 생산, 제조, 소분 및 도소매, 판매업",바이오·헬스케어
풍전약품,20260915000512,20260915,코스닥,"생물학적제제등의 연구개발, 수탁 생산, 제조, 소분 및 도소매, 판매업",
풍전약품,20260915000512,20260915,코스닥,"건강기능식품, 건강보조식품, 기타 식품등의 연구개발, 수탁생산, 제조, 소분 및 도소매, 판매업",바이오·헬스케어;식품·농업·외식
풍전약품,20260915000512,20260915,코스닥,"의료기기 도소매, 판매업",바이오·헬스케어
풍전약품,20260915000512,20260915,코스닥,"화장품 및 화장품 연료 등의 연구개발, 수탁생산, 제조, 소분 및 도소매, 판매업",화장품·뷰티
풍전약품,20260915000512,20260915,코스닥,"줄기세포추출, 배양, 보관 및 판매업",바이오·헬스케어
풍전약품,20260915000512,20260915,코스닥,"부동산 매매, 관리, 임대 및 개발",부동산·임대·건설
우림피티에스,20260914000228,20260914,코스닥,로봇엑추레이터 제조 및 판매업,로봇
우림피티에스,20260914000228,20260914,코스닥,기어박스 제조 및 판매업,
유디엠텍,20260911000633,20260911,코스닥,Physical AI·지능형 로봇 및 자율제조 사업,AI(인공지능);로봇
유디엠텍,20260911000633,20260911,코스닥,MedicalPhysicalAI·헬스케어 로봇 사업,로봇;바이오·헬스케어
유디엠텍,20260911000633,20260911,코스닥,AI개인맞춤형 헬스케어·푸드테크 사업,AI(인공지능);바이오·헬스케어
유디엠텍,20260911000633,20260911,코스닥,"초전도, 신소재의 연구 개발 및 AI·Digital Twin 기반의 제조, 사업화, 기술서비스업",AI(인공지능);희토류·핵심광물·소재
벡트,20260911000423,20260911,코스닥,벡트로보틱스,로봇
벡트,20260911000423,20260911,코스닥,"라고 부른다. 또한, 영문회사명으로는 VECT",
벡트,20260911000423,20260911,코스닥,Robotics,
벡트,20260911000423,20260911,코스닥,VECT Robotics,
벡트,20260911000423,20260911,코스닥,"로봇, 로봇 부품 및 피지컬 인공지능(AI) 기반 제조용·국방용·특수목적용 로봇 시스템의 연구개발, 제조 및 판매업",AI(인공지능);로봇;방산
벡트,20260911000423,20260911,코스닥,"로봇 자동화 기계·설비 및 시스템의 제조, 판매, 시스템 통합(SI), 구축, 운영 및 유지보수업",로봇
벡트,20260911000423,20260911,코스닥,"인공지능(AI) 및 로봇 관련 기술 자문, 컨설팅, 교육, 교육서비스 및 연구개발업",AI(인공지능);로봇;교육
벡트,20260911000423,20260911,코스닥,인공지능(AI) 기반 소프트웨어 및 알고리즘 개발업,AI(인공지능);클라우드·SW·빅데이터
벡트,20260911000423,20260911,코스닥,로봇 제어용 소프트웨어 및 운영 플랫폼 개발업,로봇;클라우드·SW·빅데이터
벡트,20260911000423,20260911,코스닥,"로봇 시뮬레이션, 디지털 트윈 및 가상환경 기반 엔지니어링 소프트웨어 개발업",로봇;클라우드·SW·빅데이터;탄소·환경
벡트,20260911000423,20260911,코스닥,"데이터 분석, 머신러닝, 지식그래프 및 검색증강생성(RAG) 기반 시스템 개발업",AI(인공지능);클라우드·SW·빅데이터
벡트,20260911000423,20260911,코스닥,클라우드 기반 소프트웨어 서비스 및 플랫폼 구축 및 운영업,클라우드·SW·빅데이터
S&K폴리텍,20260911000360,20260911,코스닥,금속 제조업,
S&K폴리텍,20260911000360,20260911,코스닥,금속 단조 표면 가공업,
S&K폴리텍,20260911000360,20260911,코스닥,"비철금속 제조, 단조업",
S&K폴리텍,20260911000360,20260911,코스닥,비철금속 가공업,
S&K폴리텍,20260911000360,20260911,코스닥,자동차부품 제조업,모빌리티·전기차·자율주행
지역난방공사,20260911000085,20260911,유가증권,「 재생에너지 개발·이용·보급 촉진법」에 따른 재생에너지사업과 「수소경제 육성 및 수소 안전관리에 관한 법률」에 따른 수소에너지사업 및 연료전지 등에 활용되는 에너지사업,신재생·에너지·전력
E8,20260910000236,20260910,코스닥,데이터센터업,데이터센터
E8,20260910000236,20260910,코스닥,"데이터센터 설계, 운영, 구축 관련 운용업 및 이 사업과 관련되는 일체의 용역 및 공사업",데이터센터
E8,20260910000236,20260910,코스닥,인공지능 솔루션 연구 및 개발업,AI(인공지능)
E8,20260910000236,20260910,코스닥,"인공지능 기반제품의 개발, 생산 및 판매업",AI(인공지능)
나노씨엠에스,20260908000675,20260909,코스닥,"의료, 바이오제조및도소매 ← 「화장품」은 제20호로 이관",바이오·헬스케어;화장품·뷰티
나노씨엠에스,20260908000675,20260909,코스닥,"산업용특수잉크제조및도장, 도색, 증착업",
나노씨엠에스,20260908000675,20260909,코스닥,화장품및그원부자재(안료및보안인쇄포함) 제조·유통업,화장품·뷰티
나노씨엠에스,20260908000675,20260909,코스닥,"화장품 용기 및 충진제 제조, 판매업",화장품·뷰티
유니슨,20260908000573,20260908,코스닥,해운법에 따른 내항화물운송사업,조선·해양
TJ미디어,20260908000465,20260908,코스닥,노래방 운영 및 프랜차이즈업,
TJ미디어,20260908000465,20260908,코스닥,"국내외 법인 및 사업에 대한 출자, 투자 및 지분 취득업",
TJ미디어,20260908000465,20260908,코스닥,"주식, 사채, 집합투자증권 및 기타 유가증권에 대한 투자업",투자·금융
동아쏘시오홀딩스,20260907000355,20260907,유가증권,"의약품, 원료의약품, 의약부외품, 화공약품, 수의약품, 농예약품, 생물학적 의약품 등의 제조, 수출입 및 판매업",바이오·헬스케어
동아쏘시오홀딩스,20260907000355,20260907,유가증권,"동물용 의약품 등의 제조, 수출입 및 판매업",바이오·헬스케어
동아쏘시오홀딩스,20260907000355,20260907,유가증권,"건강기능식품, 건강기능식품 원료의 제조, 수출입 및 판매업",바이오·헬스케어;식품·농업·외식
동아쏘시오홀딩스,20260907000355,20260907,유가증권,"반려동물 사료, 용품 등의 제조, 수출입 및 판매업",반려동물(펫)
동아쏘시오홀딩스,20260907000355,20260907,유가증권,"의약품, 의약외품, 의료기기, 건강기능식품, 식품, 화장품, 생활용품 가공의 위수탁업",바이오·헬스케어;화장품·뷰티;식품·농업·외식
광진실업,20260904000543,20260904,코스닥,"세포치료제의 개발, 제조, 판매 및 도소매업",바이오·헬스케어
광진실업,20260904000543,20260904,코스닥,"세포배양을 위한 배양액 원료의 개발, 제조, 판매 및 도소매업",바이오·헬스케어
광진실업,20260904000543,20260904,코스닥,"생물학적 제제의 개발, 제조, 판매, 도소매업",
광진실업,20260904000543,20260904,코스닥,"의료기기의 개발, 제조, 판매 및 도소매업",바이오·헬스케어
광진실업,20260904000543,20260904,코스닥,"생체재료의 개발, 제조, 판매 및 도소매업",
광진실업,20260904000543,20260904,코스닥,"동물의약품 및 동물의료기기의 제조, 개발, 판매 및 도소매업",바이오·헬스케어
광진실업,20260904000543,20260904,코스닥,"의약품, 의약부외품, 수의약품(獸醫藥品)의 개발, 제조, 판매 및 도소매업",바이오·헬스케어
광진실업,20260904000543,20260904,코스닥,"의료용품, 의료용구, 위생용품의 개발, 제조, 판매 및 도소매업",바이오·헬스케어
광진실업,20260904000543,20260904,코스닥,"건강기능식품의 개발, 제조, 판매 및 도소매업",바이오·헬스케어;식품·농업·외식
광진실업,20260904000543,20260904,코스닥,"화장품의 개발, 제조, 판매 및 도소매업",화장품·뷰티
광진실업,20260904000543,20260904,코스닥,"의약품 원료, 건강기능식품 원료, 화장품 원료의 제조, 판매 및 소분매매업",바이오·헬스케어;화장품·뷰티;식품·농업·외식
광진실업,20260904000543,20260904,코스닥,"로봇, 로봇 부품제조 및 판매업",로봇
광진실업,20260904000543,20260904,코스닥,"로봇 자동화 기계, 설비 제조 및 판매업",로봇
광진실업,20260904000543,20260904,코스닥,"산업용, 연구용, 군사용, 전문서비스용, 로봇 하드웨어 및 소프트웨어 수출입, 개발제작, 임대, 가공 및 용역업",로봇;클라우드·SW·빅데이터
광진실업,20260904000543,20260904,코스닥,지능형로봇 제조 및 판매업,로봇
광진실업,20260904000543,20260904,코스닥,"지능형로봇 부품 제조 및 판매업 31, 산업용로봇 제조 및 판매업 32, 로봇부품 및 부분품 유통업",로봇
광진실업,20260904000543,20260904,코스닥,군사용로봇 제조 및 판매업,로봇
광진실업,20260904000543,20260904,코스닥,극한작업용로봇 제조 및 판매업,로봇
광진실업,20260904000543,20260904,코스닥,"로봇 및 로봇시스템의 연구, 개발, 제조, 생산, 판매 및 유통업",로봇
광진실업,20260904000543,20260904,코스닥,"산업용 로봇, 서비스로봇, 협동로봇 및 자동화설비 제조업",로봇
광진실업,20260904000543,20260904,코스닥,"로봇부품, 센서, 제어장치, 구동장치 및 주변기기 제조·판매업",로봇
광진실업,20260904000543,20260904,코스닥,인공지능(AI) 기반 로봇 소프트웨어 개발 및 공급업 39 로봇 관련 수출입업 및 무역업,AI(인공지능);로봇;클라우드·SW·빅데이터
광진실업,20260904000543,20260904,코스닥,로봇 관련 플랫폼 구축 및 데이터 서비스업,로봇;클라우드·SW·빅데이터
광진실업,20260904000543,20260904,코스닥,"광 트랜시버 칩의 연구개발, 설계, 제조 및 판매업",
광진실업,20260904000543,20260904,코스닥,"광반도체, 광집적회로(PIC), 실리콘 포토닉스 칩의 연구개발, 제조 및 판매업",반도체
광진실업,20260904000543,20260904,코스닥,"광통신용 송수신 모듈 및 부품의 연구개발, 제조 및 판매업",
광진실업,20260904000543,20260904,코스닥,광통신용 장치 및 광 계측기 제작 및 판매,
광진실업,20260904000543,20260904,코스닥,광소자 패키징 도급 용역,
광진실업,20260904000543,20260904,코스닥,광소자 및 광소자 패키징 기술개발 용역,
광진실업,20260904000543,20260904,코스닥,"광센서 부품 개발 및 제조, 판매",
광진실업,20260904000543,20260904,코스닥,"광센서 응용기기 개발 및 제조, 판매",
광진실업,20260904000543,20260904,코스닥,"광학부품, 광케이블 및 광통신 관련 소재의 제조 및 판매업",
광진실업,20260904000543,20260904,코스닥,"통신장비, 데이터센터 및 AI 서버용 광통신 부품의 개발 및 판매업",AI(인공지능);데이터센터
광진실업,20260904000543,20260904,코스닥,"전기, 전자, 통신기기의 개발 및 제조, 판매",
광진실업,20260904000543,20260904,코스닥,"차전지 배터리 셀 모듈 제조, 판매, 유통 및 수출입업",2차전지·배터리
광진실업,20260904000543,20260904,코스닥,"차전지 모듈부품 제조, 판매, 유통 및 수출입업",
광진실업,20260904000543,20260904,코스닥,"퍼스널모빌리티 배터리 팩 제조, 판매, 유통 및 수출입업",2차전지·배터리;모빌리티·전기차·자율주행
광진실업,20260904000543,20260904,코스닥,"전기자동차(2륜, 3륜, 4륜) 제조, 판매, 유통 및 수출입업",모빌리티·전기차·자율주행
광진실업,20260904000543,20260904,코스닥,"전기자동차(2륜, 3륜, 4륜), 퍼스널모빌리티 관련 부품 제조, 판매, 유통 및 수출입업",모빌리티·전기차·자율주행
광진실업,20260904000543,20260904,코스닥,"전기자동차(2륜, 3륜, 4륜) 관련부품 악세서리 제조, 판매, 유통 서비스 및 수출입업",모빌리티·전기차·자율주행
광진실업,20260904000543,20260904,코스닥,비철금속 제조업,
광진실업,20260904000543,20260904,코스닥,비철금속 유통업,
광진실업,20260904000543,20260904,코스닥,비철금속 판매업,
비케이홀딩스,20260903000671,20260903,코스닥,디스플레이 제조 및 판매업,
비케이홀딩스,20260903000671,20260903,코스닥,"디스플레이 제조 연구, 개발업",
비케이홀딩스,20260903000671,20260903,코스닥,디스플레이 관련 설비건설 및 컨설팅업,부동산·임대·건설
비케이홀딩스,20260903000671,20260903,코스닥,액정화면 제조 및 판매업,
비케이홀딩스,20260903000671,20260903,코스닥,필름 도소매업,
비케이홀딩스,20260903000671,20260903,코스닥,"필름 제조, 공정, 가공업",
비케이홀딩스,20260903000671,20260903,코스닥,필름 코팅업,
비케이홀딩스,20260903000671,20260903,코스닥,산업용 재화 도소매업,
비케이홀딩스,20260903000671,20260903,코스닥,자동문 제조 및 도소매업,
비케이홀딩스,20260903000671,20260903,코스닥,창호 제조 및 도소매업,
비케이홀딩스,20260903000671,20260903,코스닥,유리 제조 및 도소매업,
비케이홀딩스,20260903000671,20260903,코스닥,"서버, 스토리지, 네트워크 장비 등 IT 인프라 장비의 제조, 조립, 판매 및 유통업",
비케이홀딩스,20260903000671,20260903,코스닥,AI 인프라 및 데이터센터 관련 장비·부품의 도소매 및 수출입업,AI(인공지능);데이터센터
비케이홀딩스,20260903000671,20260903,코스닥,"서버 및 IT 장비의 설치, 구축, 운영, 유지보수 및 기술용역 서비스업",
비케이홀딩스,20260903000671,20260903,코스닥,"데이터센터, 인터넷데이터센터(IDC), AI 데이터센터 및 집적정보통신시설의 기획, 개발, 설계, 시공, 구축, 이전, 소유, 임대, 운영, 관리, 유지보수 및 이와 관련된 컨설팅, 용역, 공사업",AI(인공지능);데이터센터
비케이홀딩스,20260903000671,20260903,코스닥,"AI 서비스업 ― AI 베어메탈, AI 컴퓨팅 플랫폼, AI 에이전트, AI 로보틱스 및 기타 AI 시스템·서비스 일체",AI(인공지능);로봇;클라우드·SW·빅데이터
비케이홀딩스,20260903000671,20260903,코스닥,"데이터센터 관련 에너지 효율화, 신재생에너지 및 탄소배출권 관련 사업",데이터센터;신재생·에너지·전력;탄소·환경
비케이홀딩스,20260903000671,20260903,코스닥,데이터베이스 및 온라인 정보제공업,클라우드·SW·빅데이터
비케이홀딩스,20260903000671,20260903,코스닥,한국전자통신연구원이 출자 또는 이전한 기술의 사업화,
비케이홀딩스,20260903000671,20260903,코스닥,투자업 및 투자자문업,투자·금융
비케이홀딩스,20260903000671,20260903,코스닥,석탄재 등 산업부산물 및 순환자원의 수집·운반·처리·재활용 및 이를 활용한 제품의 제조·판매업,바이오·헬스케어;탄소·환경
비케이홀딩스,20260903000671,20260903,코스닥,석탄재 및 광물자원으로부터 희토류·희소금속 등 유가금속의 추출·분리·정제·가공 및 제조·판매·수출입업,희토류·핵심광물·소재
비케이홀딩스,20260903000671,20260903,코스닥,이산화탄소 포집·활용(CCU) 기술을 이용한 시멘트·콘크리트 혼화재 등 건설자재의 제조·판매업 및 온실가스 배출권의 확보·거래·중개업,부동산·임대·건설;탄소·환경
멤레이비티,20260903000653,20260903,코스닥,모바일 어플리케이션 및 응용 소프트웨어 개발업,클라우드·SW·빅데이터
멤레이비티,20260903000653,20260903,코스닥,모바일 콘텐츠 개발 및 판매업,엔터·콘텐츠·게임
멤레이비티,20260903000653,20260903,코스닥,소형항공운송사업 및 부정기 항공운송 관련 사업,
멤레이비티,20260903000653,20260903,코스닥,"비즈니스 항공, 프라이빗 항공 및 회원제 항공서비스업",우주항공
멤레이비티,20260903000653,20260903,코스닥,"항공기 운항지원, 운항관리, 항공안전관리 및 관련 서비스업",우주항공
멤레이비티,20260903000653,20260903,코스닥,"항공기 임대, 대여, 관리 및 항공기 공동이용 관련 사업",우주항공
멤레이비티,20260903000653,20260903,코스닥,항공기 공동소유 및 공동이용 프로그램의 관리·운영업,우주항공
멤레이비티,20260903000653,20260903,코스닥,"항공기 정비관리, 정비위탁관리, 지상조업, 항공보안 및 항공보험 관련 자문·지원업",우주항공
멤레이비티,20260903000653,20260903,코스닥,"국내외 항공편 예약, 중개, 알선, 대리 및 관련 서비스업",우주항공
멤레이비티,20260903000653,20260903,코스닥,"항공운송사업자와의 제휴, 판매 및 마케팅 지원업",
멤레이비티,20260903000653,20260903,코스닥,"여행업, 국내외 여행알선업 및 여행 관련 컨시어지 서비스업",
멤레이비티,20260903000653,20260903,코스닥,"차량, 숙박, 의전, 보안, 통역 등 고급 이동·체류 서비스의 중개 및 알선업",
멤레이비티,20260903000653,20260903,코스닥,"항공, 여행, 모빌리티 관련 온라인 플랫폼 및 소프트웨어 개발·운영업",클라우드·SW·빅데이터;우주항공;모빌리티·전기차·자율주행
멤레이비티,20260903000653,20260903,코스닥,산업용 송풍기 및 배기장치 제조업,
멤레이비티,20260903000653,20260903,코스닥,실험실 배기장치(홈후드) 제조업,
멤레이비티,20260903000653,20260903,코스닥,실험실 클린장비 제조업,
멤레이비티,20260903000653,20260903,코스닥,교육 및 실험용 과학 기기 제조업,교육
멤레이비티,20260903000653,20260903,코스닥,V.A.V. 자동제어 시스템 제조업,
만호제강,20260903000393,20260903,유가증권,태양광 발전 및 신재생에너지 발전·판매업 13 전 각호에 부대되는 일체사업,신재생·에너지·전력
마음AI,20260902000259,20260902,코스닥,"로봇 하드웨어 개발, 제조, 판매, 임대, 구독, 서비스업",로봇
마음AI,20260902000259,20260902,코스닥,그 외 기타 특수목적용 기계 제조업,
넥사다이내믹스,20260901000608,20260901,코스닥,"서버, 스토리지, 네트워크 장비 등 IT 인프라 장비의 제조, 조립, 판매 및 유통업",
넥사다이내믹스,20260901000608,20260901,코스닥,"GPU 서버 및 고성능 컴퓨팅(HPC) 시스템의 제조, 조립, 판매, 임대 및 유지보수업",
넥사다이내믹스,20260901000608,20260901,코스닥,"AI 인프라 및 데이터센터 관련 장비·부품의 도매, 소매 및 수출입업",AI(인공지능);데이터센터
넥사다이내믹스,20260901000608,20260901,코스닥,"서버 및 IT 장비의 설치, 구축, 운영, 유지보수 및 기술용역 서비스업",
넥사다이내믹스,20260901000608,20260901,코스닥,"데이터센터의 시행, 개발, 운영 및 관리업",데이터센터
넥사다이내믹스,20260901000608,20260901,코스닥,"데이터센터 시설의 기획, 설계, 시공 및 임대업",데이터센터
넥사다이내믹스,20260901000608,20260901,코스닥,"AI 서비스업 ― AI 베어메탈, AI 컴퓨팅 플랫폼, AI 에이전트, AI 로보틱스 및 기타AI 시스템·서비스 일체",AI(인공지능);로봇;클라우드·SW·빅데이터
퀀타매트릭스,20260831000181,20260831,코스닥,"유전자, 면역표지자, 병원체 등 각종 검체검사 및 생물학적 기계진단 관련 수탁검사·분석 서비스업, 임상·비임상 연구용역(CRO) 및 관련 검사의 위수탁업",바이오·헬스케어
퀀타매트릭스,20260831000181,20260831,코스닥,"의약품, 원료의약품, 의약외품, 바이오의약품의 연구·개발, 제조, 위탁제조(CMO/ CDMO), 도소매, 수출입, 무역 및 유통업",바이오·헬스케어
퀀타매트릭스,20260831000181,20260831,코스닥,"화장품, 기능성화장품, 코스메슈티컬 및 뷰티 관련 제품의 연구·개발, 제조, 위탁제조(OEM/ODM), 도소매, 수출입 및 유통업",화장품·뷰티
퀀타매트릭스,20260831000181,20260831,코스닥,"건강기능식품, 기능성식품, 식품 및 식품원료의 연구·개발, 제조, 가공, 도소매 및 수출입업",바이오·헬스케어;식품·농업·외식
퀀타매트릭스,20260831000181,20260831,코스닥,"의학적 진단 및 치료행위를 제외한 뇌건강, 인지기능 관리, 헬스케어, 웰니스 관련 프로그램 및 콘텐츠·서비스의 개발, 제공 및 컨설팅업",바이오·헬스케어;엔터·콘텐츠·게임
앱튼,20260828000669,20260828,코스닥,제약 바이오 기술 거래업,바이오·헬스케어
앱튼,20260828000669,20260828,코스닥,제약 바이오 기술 중개업,바이오·헬스케어
빅텐츠,20260827000818,20260827,코스닥,공기조화장치 제조 및 판매업,
빅텐츠,20260827000818,20260827,코스닥,실외기 없는 저전력 에어컨 제조 및 판매업,신재생·에너지·전력
빅텐츠,20260827000818,20260827,코스닥,기체 여과기 제조 및 판매업,
빅텐츠,20260827000818,20260827,코스닥,"전기, 전자 연구 개발업",
빅텐츠,20260827000818,20260827,코스닥,기타 공학 연구 개발업,
빅텐츠,20260827000818,20260827,코스닥,무형재산 매매업,
빅텐츠,20260827000818,20260827,코스닥,전열교환기 제조 및 판매업,
빅텐츠,20260827000818,20260827,코스닥,전열교환기 부품 제조 및 판매업,
빅텐츠,20260827000818,20260827,코스닥,전열교환기 수출업,
빅텐츠,20260827000818,20260827,코스닥,전열교환기 전자상거래업,
빅텐츠,20260827000818,20260827,코스닥,에어컨 설비업,
빅텐츠,20260827000818,20260827,코스닥,환기장치 설비업,
빅텐츠,20260827000818,20260827,코스닥,"환기장치 설비자재 도,소매업",
빅텐츠,20260827000818,20260827,코스닥,"에어컨, 공조장치 사출금형 설게 및 제조업",
빅텐츠,20260827000818,20260827,코스닥,환기장치 사출금형 설계 및 제조업,
빅텐츠,20260827000818,20260827,코스닥,수출입업,
아이씨에이치,20260827000386,20260827,코스닥,로봇 소재부품 제조 및 판매업,로봇
유아이디,20260827000226,20260827,코스닥,복합수지 제품 제조 및 임가공업,
유아이디,20260827000226,20260827,코스닥,플라스틱제품 수출입업,
유아이디,20260827000226,20260827,코스닥,친환경 복합 수지제품 제조 및 임가공업,탄소·환경
유아이디,20260827000226,20260827,코스닥,액상소석회 제조 및 판매업,
유아이디,20260827000226,20260827,코스닥,수산화마그네슘 제조 및 판매업,식품·농업·외식
유아이디,20260827000226,20260827,코스닥,"환경 설비,약품 제조 및 판매업",탄소·환경
유아이디,20260827000226,20260827,코스닥,소석회 판매업,
유아이디,20260827000226,20260827,코스닥,부동산개발 및 컨설팅업,부동산·임대·건설
유아이디,20260827000226,20260827,코스닥,데이터센터 개발 및 컨설팅업,데이터센터
유아이디,20260827000226,20260827,코스닥,데이터센터 운영업,데이터센터
유아이디,20260827000226,20260827,코스닥,컴퓨터 및 소프트웨어 관련 기기 제조업,클라우드·SW·빅데이터
유아이디,20260827000226,20260827,코스닥,서버 관련 기기 제조업,
유아이디,20260827000226,20260827,코스닥,컴퓨터서버 및 소프트웨어 관련 주변기기 제조업,클라우드·SW·빅데이터
엔키AX,20260826000733,20260826,코스닥,"인공지능(AI)기술 기반 콘텐츠의 개발, 제작, 유통 및 서비스업",AI(인공지능);엔터·콘텐츠·게임
엔키AX,20260826000733,20260826,코스닥,지적재산권(IP)을 활용한 대화형 인공지능(챗봇) 서비스업,AI(인공지능)
엔키AX,20260826000733,20260826,코스닥,"인공지능 기반 캐릭터 및 가상인간(버츄얼 휴먼)의 개발, 제작 및 라이선싱업",AI(인공지능)
엔키AX,20260826000733,20260826,코스닥,"인공지능 솔루션 및 응용소프트웨어의 개발, 공급 및 판매업",AI(인공지능);클라우드·SW·빅데이터
자비스,20260826000523,20260826,코스닥,인공지능(AI) 기반 소프트웨어업,AI(인공지능);클라우드·SW·빅데이터
자비스,20260826000523,20260826,코스닥,"하드웨어 및 플랫폼의 연구, 개발, 제조, 운영, 유지보수업",클라우드·SW·빅데이터
자비스,20260826000523,20260826,코스닥,"인공지능 기술의 도입, 활용에 관한 컨설팅업",AI(인공지능)
자비스,20260826000523,20260826,코스닥,"기술용역 및 관련 데이터의 수집, 가공업 등의 사업",
에넥스,20260825000578,20260825,유가증권,신재생에너지 사업,신재생·에너지·전력
에넥스,20260825000578,20260825,유가증권,"전력저장용 설비 및 관련 제품의 제조, 설치 및 매매",신재생·에너지·전력
에넥스,20260825000578,20260825,유가증권,"발전, 송전, 변전, 배전을 포함하는 전기에너지 관련사업",
에넥스,20260825000578,20260825,유가증권,"데이터센터 구축, 운영업 및 관련 전산 인프라의 임대ㆍ관리업",데이터센터
에넥스,20260825000578,20260825,유가증권,"정보통신기기ㆍ소프트웨어ㆍ플랫폼 및 시스템의 개발, 구축, 유지보수 및 관련 서비스업",클라우드·SW·빅데이터
에넥스,20260825000578,20260825,유가증권,"데이터 처리, 분석 및 정보 서비스업",클라우드·SW·빅데이터
에넥스,20260825000578,20260825,유가증권,데이터센터개발 및 운영업,데이터센터
에넥스,20260825000578,20260825,유가증권,부동산 개발 및 관리 분양업,부동산·임대·건설
에넥스,20260825000578,20260825,유가증권,소프트웨어 설계 개발 및 판매업,클라우드·SW·빅데이터
에넥스,20260825000578,20260825,유가증권,정보통신자재 제조 및 판매업,
에넥스,20260825000578,20260825,유가증권,씨씨티브이 및 영상감시 장치 레이더 제조 및 판 매업,
에넥스,20260825000578,20260825,유가증권,콘텐츠 IP를 활용한 제품 기획과 제작,엔터·콘텐츠·게임
에넥스,20260825000578,20260825,유가증권,"세포, 줄기세포, 세포외소포체의 치료제, 치료기 술, 재생의료, 의약외품 및 신약 연구개발 제조, 판 매업",바이오·헬스케어
에넥스,20260825000578,20260825,유가증권,"암진단 및 기타 의료진단 관련 의료기기의 연구 개발 및 임상, 인허가, 제조, 판매 상용화 사업",바이오·헬스케어
에넥스,20260825000578,20260825,유가증권,헬스케어 플랫폼 및 상품의 개발 제조 유통 운용 사업,클라우드·SW·빅데이터;바이오·헬스케어
월덱스,20260825000379,20260825,코스닥,유기 및 유기-무기 혼합소재 제조와 가공 및 도소매,방산
월덱스,20260825000379,20260825,코스닥,유기 및 무기화합물 제조와 도소매,
손오공,20260819000172,20260819,코스닥,자동차 정비업(자동차판금·도장 포함) 및 관련 서비스업,
손오공,20260819000172,20260819,코스닥,"자동차의 시세·잔존가치·이력·성능·상태에 대한 조사, 분석, 평가 및 관련 정보의 제공·판매업",
손오공,20260819000172,20260819,코스닥,"전기자동차 및 친환경 자동차의 판매, 유통, 임대업과 충전설비의 설치·운영 및 관련 서비스업",모빌리티·전기차·자율주행;탄소·환경
손오공,20260819000172,20260819,코스닥,"로봇 및 로봇부품·주변기기의 제조, 수입, 유통, 판매, 임대, 설치, 유지보수 및 수출입업",로봇
손오공,20260819000172,20260819,코스닥,"지능형 로봇용 소프트웨어·제어시스템 및 로봇 서비스 플랫폼의 개발, 공급, 운영업",로봇;클라우드·SW·빅데이터
손오공,20260819000172,20260819,코스닥,자동차의 온라인 신차·중고차 거래 플랫폼의 개발·운영업,클라우드·SW·빅데이터
손오공,20260819000172,20260819,코스닥,"캐릭터상품(피규어·컬렉터블 등)의 제조, 유통, 수출입 및 판매업",
손오공,20260819000172,20260819,코스닥,"캐릭터의 개발, 디자인, 라이선스 사업 및 관련 지식재산권의 취득·활용·양도·관리업",
손오공,20260819000172,20260819,코스닥,"아트토이(Art Toy) IP의 기획·개발, 작가 매니지먼트·에이전시업 및 관련 지식재산권의 취득·활용·라이선스업",엔터·콘텐츠·게임
손오공,20260819000172,20260819,코스닥,영상 콘텐츠 플랫폼의 기획·제작·유통·광고 및 채널 운영업,클라우드·SW·빅데이터;엔터·콘텐츠·게임
손오공,20260819000172,20260819,코스닥,"키즈카페, 놀이시설, 체험형 콘텐츠 공간 등의 운영, 프랜차이즈 및 관련 컨설팅업",엔터·콘텐츠·게임;식품·농업·외식
손오공,20260819000172,20260819,코스닥,전시회 등 문화행사의 기획·운영과 입장료·티켓 판매를 포함한 관련 수익사업,
손오공,20260819000172,20260819,코스닥,"상기 컨텐츠, 게임기기 및 타이틀, 굿즈 등 상품의 온라인 신품·중고 거래 플랫폼의 개발·운영업",클라우드·SW·빅데이터;엔터·콘텐츠·게임
손오공,20260819000172,20260819,코스닥,"인공지능 기술의 연구개발, 인공지능 모델·알고리즘의 개발, 공급, 라이선스 및 관련 컨설팅업",AI(인공지능)
손오공,20260819000172,20260819,코스닥,"인공지능 기반 문자·이미지·음성·영상 인식(OCR, 음성인식, 비전) 솔루션의 개발, 공급 및 서비스업",AI(인공지능)
손오공,20260819000172,20260819,코스닥,"생성형 인공지능을 활용한 이미지·영상·음성·문서 콘텐츠의 제작, 공급 및 관련 플랫폼 운영업",AI(인공지능);클라우드·SW·빅데이터;엔터·콘텐츠·게임
손오공,20260819000172,20260819,코스닥,"인공지능 에이전트 및 업무자동화 소프트웨어의 개발, 공급, 운영 및 구독형 소프트웨어 서비스(SaaS)업",AI(인공지능);클라우드·SW·빅데이터
손오공,20260819000172,20260819,코스닥,"기계학습용 데이터의 수집, 가공, 정제, 라벨링 및 판매업과 지식그래프·온톨로지 기반 데이터 기술의 개발·구축·서비스업",
손오공,20260819000172,20260819,코스닥,"클라우드 컴퓨팅 서비스업, 호스팅·데이터센터 운영업 및 관련 전산 인프라의 임대·관리업",데이터센터;클라우드·SW·빅데이터
손오공,20260819000172,20260819,코스닥,"정보통신기기·소프트웨어·플랫폼 및 시스템의 개발, 구축, 유지보수, 판매, 기술컨설팅, 라이선스 및 관련 서비스업",클라우드·SW·빅데이터
손오공,20260819000172,20260819,코스닥,"블록체인 및 디지털자산 기반 무역금융·공급망관리·거래정산 시스템의 개발, 구축 및 운영업",디지털자산·블록체인·STO(스테이블코인)
손오공,20260819000172,20260819,코스닥,"합작법인 설립, 해외사업 진출 및 사업 제휴에 대한 투자·운영 및 컨설팅업",
손오공,20260819000172,20260819,코스닥,"물류, 택배, 화물운송 대행 및 관련 소프트웨어의 개발·공급·운영업",클라우드·SW·빅데이터
손오공,20260819000172,20260819,코스닥,정부·지방자치단체의 보조금·지원금 신청 대행 및 관련 행정 대행·컨설팅업,
루멘스바이오스,20260818000293,20260818,코스닥,전자제품 및 전자부품 제조 및 도소매업,
루멘스바이오스,20260818000293,20260818,코스닥,"부동산 매매, 투자, 개발, 시행, 분양, 임대업",부동산·임대·건설
루멘스바이오스,20260818000293,20260818,코스닥,"자회사(자회사 및 손자회사가 지배하는 회사를 포함한다. 이하 같다)의 주식 또는 지분을 취득, 소유함으로써 제반 사업을 지배, 자금 및 업무지원 경영지도, 상품의 개발 및 판매, 정리, 육성하는 사업",
루멘스바이오스,20260818000293,20260818,코스닥,"국내.외 유가증권(주식, 전환사채, 펀드 등)투자 및 관련 수익사업",
트윔,20260814000133,20260814,코스닥,농업·임업용 기계 제조업,식품·농업·외식
트윔,20260814000133,20260814,코스닥,금속창호·지붕건축물조립 공사업,부동산·임대·건설
트윔,20260814000133,20260814,코스닥,배관 및 냉·난방 공사업,
트윔,20260814000133,20260814,코스닥,건물용 금속 공작물 설치 공사업,
트윔,20260814000133,20260814,코스닥,건물용 기계·장비 설치 공사업,
트윔,20260814000133,20260814,코스닥,일반 통신 공사업,
트윔,20260814000133,20260814,코스닥,기타 건물 관련설비 설치 공사업,
트윔,20260814000133,20260814,코스닥,그 외 기타 건축 마무리 공사업,부동산·임대·건설
트윔,20260814000133,20260814,코스닥,로봇 구조용 부품 제조,로봇
트윔,20260814000133,20260814,코스닥,로봇용 작동 소프트웨어 개발 및 공급,로봇;클라우드·SW·빅데이터
트윔,20260814000133,20260814,코스닥,로봇 도·소매 및 유통업,로봇
트윔,20260814000133,20260814,코스닥,로봇 임대 서비스,로봇
트윔,20260814000133,20260814,코스닥,로봇공학연구개발 및 기술 서비스,로봇
트윔,20260814000133,20260814,코스닥,로봇 이용 시설관리 및 사업 지원 서비스,로봇
트윔,20260814000133,20260814,코스닥,로봇 교육서비스,로봇;교육
트윔,20260814000133,20260814,코스닥,로봇 이용 예술·스포츠 및 여가 관련 서비스,로봇
트윔,20260814000133,20260814,코스닥,로봇 수리 및 기타 로봇 이용 개인 서비스,로봇
코윈로보틱스,20260813000152,20260813,코스닥,"지능형 로봇 제조, 판매 및 서비스업",로봇
코윈로보틱스,20260813000152,20260813,코스닥,"로봇 구동장치 및 관련 부품 제조, 판매 및 서비스업",로봇
코윈로보틱스,20260813000152,20260813,코스닥,"인공지능 기술 기반 로봇 운영 소프트웨어 개발, 판매 및 서비스업",AI(인공지능);로봇;클라우드·SW·빅데이터
코윈로보틱스,20260813000152,20260813,코스닥,로봇 임대 및 구독형 로봇 서비스업,로봇
코윈로보틱스,20260813000152,20260813,코스닥,"로봇 설치, 시공, 관제, 유지보수 등 시스템 통합업",로봇
대양금속,20260812000446,20260812,유가증권,성형기계용 하이드로 포밍 제어시스템 개발,
대양금속,20260812000446,20260812,유가증권,"드론 부품, 소재 기술 개발",드론·UAM
대양금속,20260812000446,20260812,유가증권,드론 엔진 개발,드론·UAM
대양금속,20260812000446,20260812,유가증권,시스템 소프트웨어 개발 및 공급업,클라우드·SW·빅데이터
오픈놀,20260812000053,20260812,코스닥,일반 영화 및 비디오물 제작업,엔터·콘텐츠·게임
케이아이이,20260811000600,20260811,유가증권,전자상거래 및 통신판매업,
케이아이이,20260811000600,20260811,유가증권,광고업 및 광고대행업,
케이아이이,20260811000600,20260811,유가증권,정보통신업,
케이아이이,20260811000600,20260811,유가증권,"전문, 과학 및 기술 서비스업",
케이아이이,20260811000600,20260811,유가증권,"사업시설 관리, 사업지원 및 임대서비스업",
케이아이이,20260811000600,20260811,유가증권,무역업 및 무역대행업,
케이아이이,20260811000600,20260811,유가증권,소매업,
동방메디컬,20260811000281,20260811,코스닥,"인체조직 분배업, 수출입업",
아센디오,20260810000808,20260810,유가증권,"보관 및 창고업, 포장 및 충전업",
아센디오,20260810000808,20260810,유가증권,"의류, 화장품, 제조·도소매업 및 수출입업",화장품·뷰티
아센디오,20260810000808,20260810,유가증권,"잡화, 유아용품, 문구, 완구 도소매 및 수출입업",
아센디오,20260810000808,20260810,유가증권,"스포츠·경기용품, 여가용품 제조·도소매 및 수출입업",
아센디오,20260810000808,20260810,유가증권,"의료용품 도소매, 수출입업",바이오·헬스케어
아센디오,20260810000808,20260810,유가증권,"애완동물, 동물용 사료 및 관련 용품 도소매업",반려동물(펫)
아센디오,20260810000808,20260810,유가증권,식자재 도소매 및 유통업,
아센디오,20260810000808,20260810,유가증권,"각종 식품, 가공식품, 건강기능식품, 음료 제조·도소매 및 수출입업",바이오·헬스케어;식품·농업·외식
아센디오,20260810000808,20260810,유가증권,음식점업,식품·농업·외식
아센디오,20260810000808,20260810,유가증권,"프랜차이즈 가맹사업, 가맹점 모집 및 관리업",
아센디오,20260810000808,20260810,유가증권,동물용 사료 및 조제식품 제조업,식품·농업·외식
아센디오,20260810000808,20260810,유가증권,"부동산 매매, 임대, 개발, 분양업",부동산·임대·건설
아센디오,20260810000808,20260810,유가증권,"국내외 부동산 투자자문, 컨설팅 및 공동투자 자문업",부동산·임대·건설
아센디오,20260810000808,20260810,유가증권,"상가, 주차장 운영·관리 용역업",
아센디오,20260810000808,20260810,유가증권,"스포츠, 오락, 레저 시설 운영업 및 관련 시설 임대업",
아센디오,20260810000808,20260810,유가증권,"광고 기획, 제작, 대행 및 광고이벤트 대행업",
아센디오,20260810000808,20260810,유가증권,"마케팅, 바이럴 마케팅(viral marketing), 홍보 기획 및 컨설팅업",
아센디오,20260810000808,20260810,유가증권,"인쇄물, 배너(banner)광고, 애니메이션 등 광고물 제작 및 공급업",
아센디오,20260810000808,20260810,유가증권,"서적, 잡지 및 기타 인쇄물 출판업, 정기간행물 발행업",
아센디오,20260810000808,20260810,유가증권,저작권 관리업,
아센디오,20260810000808,20260810,유가증권,번역 및 통역 서비스업,
아센디오,20260810000808,20260810,유가증권,"상표, 브랜드 등 지식재산권의 라이선스업 및 대여사업",
아센디오,20260810000808,20260810,유가증권,"영화, 드라마, 비디오물, 방송 영상물, 게임물 기획·제작·배급·수입·상영·유통 및 투자업",엔터·콘텐츠·게임;투자·금융
아센디오,20260810000808,20260810,유가증권,"음반, 음악 콘텐츠 기획·제작",엔터·콘텐츠·게임
아센디오,20260810000808,20260810,유가증권,음반 유통·라이선싱업,엔터·콘텐츠·게임
아센디오,20260810000808,20260810,유가증권,"버추얼 아이돌(virtual idol) 및 에이아이(AI, Artificial Intelligence) 캐릭터 기획, 제작, 관련 콘텐츠 사업",AI(인공지능);엔터·콘텐츠·게임
아센디오,20260810000808,20260810,유가증권,"방송인, 연예인, 스포츠 선수 매니지먼트, 에이전시 및 이스포츠(esports) 구단 운영업",엔터·콘텐츠·게임
아센디오,20260810000808,20260810,유가증권,"공연, 전시, 컨벤션, 문화행사 기획·주최·대행, 공연장 운영 및 영상시설 장비 임대업",엔터·콘텐츠·게임
아센디오,20260810000808,20260810,유가증권,"디지털 콘텐츠 제작, 온라인 동영상 제작자 양성, 디지털 콘텐츠 커뮤니티 운영업",엔터·콘텐츠·게임
아센디오,20260810000808,20260810,유가증권,방송사업 및 온라인 음악 서비스 제공업,엔터·콘텐츠·게임
아센디오,20260810000808,20260810,유가증권,"유선, 위성, 방송채널, 음악유선방송, 온라인 방송 플랫폼 등 방송사업 및 온라인 음악 서비스 제공업",클라우드·SW·빅데이터;우주항공;엔터·콘텐츠·게임
아센디오,20260810000808,20260810,유가증권,기타 인터넷 정보매개 서비스업,
아센디오,20260810000808,20260810,유가증권,소프트웨어 개발·제조·판매업,클라우드·SW·빅데이터
아센디오,20260810000808,20260810,유가증권,컴퓨터 및 주변장치 제조업,
아센디오,20260810000808,20260810,유가증권,"전자금융업, 전자지급결제대행업(PG, Payment Gateway)",전자지급·결제(PG·선불)
아센디오,20260810000808,20260810,유가증권,선불전자지급수단·전자화폐·전자상품권 발행 및 관리업,전자지급·결제(PG·선불)
아센디오,20260810000808,20260810,유가증권,"모바일 결제사업, 결제대금 예치업",
아센디오,20260810000808,20260810,유가증권,"환전업, 외환매매 중개 서비스업",
아센디오,20260810000808,20260810,유가증권,"경영컨설팅, 재무컨설팅, 기업 전략경영 자문 및 관리자문업",
아센디오,20260810000808,20260810,유가증권,"기업인수합병(M&A, Merger and Acquisitions), 기업금융, 재무구조 개선, 구조조정 관련 자문업",
아센디오,20260810000808,20260810,유가증권,"중소기업 진단·평가·자문, 사업성 평가, 기술향상 용역 및 창업절차 대행업",바이오·헬스케어
아센디오,20260810000808,20260810,유가증권,"타법인 주식, 출자지분의 취득·보유·관리·처분 등 기타 금융투자업 및 투자자문업",투자·금융
아센디오,20260810000808,20260810,유가증권,"기업평가 자문업, 사무 지원 서비스업",
아센디오,20260810000808,20260810,유가증권,인력공급업,
아센디오,20260810000808,20260810,유가증권,콜센터 운영업 및 텔레마케팅 서비스업,
아센디오,20260810000808,20260810,유가증권,"생명공학 및 바이오 미생물 연구개발, 배양, 제조 및 도소매업",바이오·헬스케어
아센디오,20260810000808,20260810,유가증권,피부미용업,화장품·뷰티
아센디오,20260810000808,20260810,유가증권,기타미용업,화장품·뷰티
아센디오,20260810000808,20260810,유가증권,"외국인 환자 유치 등 병원, 의료지원사업",바이오·헬스케어
아센디오,20260810000808,20260810,유가증권,의료교육 서비스업,바이오·헬스케어;교육
아센디오,20260810000808,20260810,유가증권,"연기, 모델, 평생교육시설 등 학원운영업 및 기타 교육 서비스업",교육
아센디오,20260810000808,20260810,유가증권,애완동물 장묘 및 보호 서비스업,반려동물(펫)
아센디오,20260810000808,20260810,유가증권,사회복지 서비스업,
아센디오,20260810000808,20260810,유가증권,국내외 여행업,
아센디오,20260810000808,20260810,유가증권,"신발, 가죽제품, 의복잡화 제조, 도소매업, 수출입업",
랩지노믹스,20260810000687,20260810,코스닥,부동산의 임대 및 관리업과 이에 부수하는 일체의 사업,부동산·임대·건설
지놈앤컴퍼니,20260806000369,20260806,코스닥,전자상거래 및 통신판매업,
지놈앤컴퍼니,20260806000369,20260806,코스닥,"화장품 및 관련 제품 판매, 유통, 도소매업",화장품·뷰티
지놈앤컴퍼니,20260806000369,20260806,코스닥,"지능형 에이전트 소프트웨어, 제조 및 판매업",클라우드·SW·빅데이터
지놈앤컴퍼니,20260806000369,20260806,코스닥,컴퓨터 시스템 통합 자문 및 구축 서비스업,
지놈앤컴퍼니,20260806000369,20260806,코스닥,"온라인 및 모바일 광고업, 광고대행업, 광고물 제작업",
지놈앤컴퍼니,20260806000369,20260806,코스닥,"화장품, 식품, 건강기능식품, 광고, 소프트웨어 개발 관련 기업에 대한 투자 및 경영지원업",클라우드·SW·빅데이터;바이오·헬스케어;화장품·뷰티;식품·농업·외식
에이텀,20260804000540,20260804,코스닥,"휴대폰, 태블릿, 노트북 등 휴대용 전자기기용 부품, 충전기용 부품 제조 및 판매업",
에이텀,20260804000540,20260804,코스닥,"티브이(TV), 디스플레이(Display) 및 가전제품용 부품, 전원공급장치 제조 및 판매업",
에이텀,20260804000540,20260804,코스닥,"전기자동차, 친환경자동차 및 친환경 모빌리티(Mobility)용 전자·전기기기, 전장부품 제조 및 판매업",모빌리티·전기차·자율주행;탄소·환경
에이텀,20260804000540,20260804,코스닥,"차량용 전원공급장치, 온보드차저(OBC, On Board Charger), 통합충전제어장치, 직류변환장치, 충전장치 및 관련 부품 제조 및 판매업",
에이텀,20260804000540,20260804,코스닥,"서버 및 데이터센터용 전원공급장치, 전력변환장치, 전력관리장치 및 관련 부품 제조 및 판매업",데이터센터;신재생·에너지·전력
에이텀,20260804000540,20260804,코스닥,"자성부품, 변압기, 인덕터(Inductor), 코일, 필터, 전력모듈(module) 및 그 밖의 전력전자부품 제조 및 판매업",신재생·에너지·전력
에이텀,20260804000540,20260804,코스닥,"전기발전기, 전원공급장치, 전력변환장치 및 전력관리장치 제조 및 판매업",신재생·에너지·전력
에이텀,20260804000540,20260804,코스닥,부동산 임대업,부동산·임대·건설
코퍼스코리아,20260730000882,20260730,코스닥,캐릭터·콘텐츠 지식재산권(IP)의 상품화 및 머천다이징 사업,엔터·콘텐츠·게임
코퍼스코리아,20260730000882,20260730,코스닥,콘텐츠 연계 상품의 기획·디자인·개발 및 제조업,엔터·콘텐츠·게임
코퍼스코리아,20260730000882,20260730,코스닥,패션의류·잡화·액세서리의 기획 및 판매업,
코퍼스코리아,20260730000882,20260730,코스닥,생활용품·문구·완구·인테리어소품 등 라이프스 타일 상품 판매업,
코퍼스코리아,20260730000882,20260730,코스닥,식음료·디저트 등 F&B 상품의 기획·개발 및 판매업,식품·농업·외식
코퍼스코리아,20260730000882,20260730,코스닥,콜라보레이션 카페·팝업스토어 등 F&B 매장 운영업,식품·농업·외식
코퍼스코리아,20260730000882,20260730,코스닥,라이브커머스 및 콘텐츠 커머스 기획·제작·운영업,엔터·콘텐츠·게임
코퍼스코리아,20260730000882,20260730,코스닥,종합 온라인 쇼핑몰 및 커머스 플랫폼 구축·운영업,클라우드·SW·빅데이터
코퍼스코리아,20260730000882,20260730,코스닥,디지털 굿즈 및 디지털 자산의 기획·제작·발행 및 판매업,디지털자산·블록체인·STO(스테이블코인)
코퍼스코리아,20260730000882,20260730,코스닥,"블록체인 및 분산원장 기술을 활용한 토큰증권, 조각투자상품의 발행·유통·관리 및 관련 플랫폼의 개발·운영업",클라우드·SW·빅데이터;디지털자산·블록체인·STO(스테이블코인)
코퍼스코리아,20260730000882,20260730,코스닥,콘텐츠 및 기타 지식재산권을 기초자산으로 하 는 토큰증권(STO)의 기획 및 발행업,디지털자산·블록체인·STO(스테이블코인);엔터·콘텐츠·게임
코퍼스코리아,20260730000882,20260730,코스닥,가상자산 기타 디지털자산의 발행·유통·관리 및 관련 플랫폼의 개발·운영업,클라우드·SW·빅데이터;디지털자산·블록체인·STO(스테이블코인)
코퍼스코리아,20260730000882,20260730,코스닥,디지털 콘텐츠 상품 및 멤버십·구독 서비스업,엔터·콘텐츠·게임
코퍼스코리아,20260730000882,20260730,코스닥,팝업스토어·오프라인 매장 등 유통채널 운영업,
토박스코리아,20260730000176,20260730,코스닥,유아용품 전자상거래업,
토박스코리아,20260730000176,20260730,코스닥,"유아용 교재, 완구, 소품제조 및 도소매업, 수입업",
토박스코리아,20260730000176,20260730,코스닥,"발육용품 및 안전용품 제조 및 도소매업, 수입업",
토박스코리아,20260730000176,20260730,코스닥,"수유용품 제조 및 도소매업, 수입업",
토박스코리아,20260730000176,20260730,코스닥,물류업 및 물류관련 서비스업,
한울반도체,20260728000876,20260728,코스닥,"화학물질 수입, 수출업",
한울반도체,20260728000876,20260728,코스닥,"화학물질 제조, 배합, 판매업(외주 의뢰 검토)",
한울반도체,20260728000876,20260728,코스닥,화학물질 구매대행업,
한울반도체,20260728000876,20260728,코스닥,화학물질 및 화학제품 영업대행업,
한울반도체,20260728000876,20260728,코스닥,"기업 인수합병, 투자 및 이와 관련된 각종 자문업",
한울반도체,20260728000876,20260728,코스닥,"초음파·음향 검사장비 및 신호처리·데이터 수집 장치의 개발, 제조 및 판매업",
한울반도체,20260728000876,20260728,코스닥,"임베디드·프로그래머블 제어보드, AI 추론보드, 연산가속기 및 관련 모듈의 개발, 제조 및 판매업",AI(인공지능)
한울반도체,20260728000876,20260728,코스닥,"제품 및 부품의 비파괴검사, 정밀측정, 분석, 시험 및 검사 대행업",
한울반도체,20260728000876,20260728,코스닥,"AI 기반 검사·학습·추론 및 데이터 분석 소프트웨어의 개발, 공급, 운영과 클라우드·SaaS 서비스업",AI(인공지능);클라우드·SW·빅데이터
한울소재과학,20260728000790,20260728,코스닥,"비철금속 제련, 정련 및 합금제조업 ( 2026.08.12 추가 )",
한울소재과학,20260728000790,20260728,코스닥,귀금속 재료 추출업 ( 2026.08.12 추가 ),
한울소재과학,20260728000790,20260728,코스닥,재생용 재료 수집 및 판매업 ( 2026.08.12 추가 ),
한울소재과학,20260728000790,20260728,코스닥,환경관리대행업 ( 2026.08.12 추가 ),탄소·환경
한울소재과학,20260728000790,20260728,코스닥,환경 컨설팅업 ( 2026.08.12 추가 ),탄소·환경
이노진,20260723000612,20260723,코스닥,"인터넷광고, 온라인광고, 등 각종 광고 기획 및 제작업",
이노진,20260723000612,20260723,코스닥,"영상콘텐츠, 영화, 방송 프로그램, 공연, 문화행사, 음반, 출판, AI 영상프로그램 기획 및 제작업",AI(인공지능);엔터·콘텐츠·게임
이노진,20260723000612,20260723,코스닥,"영상콘텐츠, 영화, 방송 프로그램, 공연, 문화행사, 음반, 출판, AI 영상프로그램 배급 및 유통업",AI(인공지능);엔터·콘텐츠·게임
이노진,20260723000612,20260723,코스닥,온라인정보제공업,
이노진,20260723000612,20260723,코스닥,연예인 및 스포츠 선수 등 기타 공인 매니지먼트업,엔터·콘텐츠·게임
이노진,20260723000612,20260723,코스닥,"부동산 개발 및 임대, 매매업",부동산·임대·건설
이노진,20260723000612,20260723,코스닥,프랜차이즈 사업 및 각종 기기 등 렌탈업,
이노진,20260723000612,20260723,코스닥,벤처기업이나 창업자(엑셀레이터 사업)에 대한 투자 또는 이에 투자하는 조합에 대한 출자,
이노진,20260723000612,20260723,코스닥,자회사 등에 자금 및 업무 지원 사업,
모비데이즈,20260723000317,20260723,코스닥,"인공지능(AI), 빅데이터 및 자동화 기술을 활용한 광고 성과 분석, 미디어 운영 자동화, 고객 데이터 분석 및 마케팅 자동화 서비스업",AI(인공지능);클라우드·SW·빅데이터
모비데이즈,20260723000317,20260723,코스닥,"인공지능 전환, 디지털 전환 및 마케팅 전환 관련 컨설팅, 시스템 구축, 운영, 교육 및 관련 서비스업",AI(인공지능);교육
모비데이즈,20260723000317,20260723,코스닥,"검색엔진 및 생성형 인공지능 기반 검색·추천·답변 최적화 컨설팅, 솔루션 개발 및 서비스업",AI(인공지능)
모비데이즈,20260723000317,20260723,코스닥,"플랫폼, 모바일 애플리케이션 응용프로그램 인터페이스(API), 소프트웨어 개발 키트(SDK), 서비스형 소프트웨어(SaaS) 및 클라우드 기반 서비스의 개발, 공급, 운영 및 유지보수업",클라우드·SW·빅데이터
모비데이즈,20260723000317,20260723,코스닥,"전자상거래업, 통신판매업 및 통신판매중개업",
모비데이즈,20260723000317,20260723,코스닥,"국내외 상품의 도소매, 유통, 수출입, 판매대행, 구매대행 및 중개업",
모비데이즈,20260723000317,20260723,코스닥,"국내외 브랜드, 상품, 콘텐츠 및 지식재산권(IP)의 수입, 유통, 총판, 판매, 라이선스 및 관련 부대사업",엔터·콘텐츠·게임
모비데이즈,20260723000317,20260723,코스닥,"지식재산권(IP), 브랜드, 캐릭터, 콘텐츠 권리의 개발, 취득, 관리, 중개, 판매, 이용허락, 라이선스 및 관련 부대사업",엔터·콘텐츠·게임
주성코퍼레이션,20260722000441,20260722,유가증권,"무역(의류, 기계, 공구, 일반잡화, 식자재 )",
주성코퍼레이션,20260722000441,20260722,유가증권,일반화물자동차운수사업,
주성코퍼레이션,20260722000441,20260722,유가증권,특수화물자동차운수사업,
주성코퍼레이션,20260722000441,20260722,유가증권,폐기물 운송사업,탄소·환경
바이브컴퍼니,20260722000414,20260722,코스닥,유전자 정보 데이터베이스 구축 사업,클라우드·SW·빅데이터;바이오·헬스케어
바이브컴퍼니,20260722000414,20260722,코스닥,유전자 정보를 이용한 상업화 사업,바이오·헬스케어
바이브컴퍼니,20260722000414,20260722,코스닥,화장품 판매 및 유통업,화장품·뷰티
SDN,20260721000660,20260721,코스닥,"데이터센터, 인터넷데이터센터(IDC), AI 데이터센터 및 집적정보통신시설의 기획, 개발, 구축, 소유, 임대, 운영 및 관리업",AI(인공지능);데이터센터
SDN,20260721000660,20260721,코스닥,"데이터센터의 설계, 구축, 이전, 운영, 유지보수 및 이와 관련된 컨설팅, 용역, 공사업",데이터센터
SDN,20260721000660,20260721,코스닥,"데이터센터 관련 에너지 효율화, 신재생에너지 및 탄소배출권 관련 사업",데이터센터;신재생·에너지·전력;탄소·환경
틸론,20260721000377,20260721,코넥스,호스팅 및 관련 서비스업,
틸론,20260721000377,20260721,코넥스,"데이터센터 구축, 운영, 관리 및 임대업",데이터센터
MSDI,20260716000221,20260716,코스닥,"관련 법령상 허용되는 범위 내에서 국내외 부동산, 주식 기타 유가증권, 금전채권, 부실채권 기타 채권 등 기타 자산에 대한 투자 및 관련 부대사업",부동산·임대·건설
비비안,20260715000539,20260715,유가증권,풍력발전 설비업 및 제조업,신재생·에너지·전력
비비안,20260715000539,20260715,유가증권,풍력발전 관련 기술 개발업,신재생·에너지·전력
비비안,20260715000539,20260715,유가증권,풍력발전 관련 컨설팅 및 지원 서비스업,신재생·에너지·전력
비비안,20260715000539,20260715,유가증권,풍력발전 전문 유지보수 서비스업,신재생·에너지·전력
비비안,20260715000539,20260715,유가증권,풍력발전 기자재 및 부품 판매업,신재생·에너지·전력
비비안,20260715000539,20260715,유가증권,소형풍력발전 등 그린 홈 및 그린에너지 보급사업 대행업,신재생·에너지·전력
비비안,20260715000539,20260715,유가증권,풍력발전사업,신재생·에너지·전력
비비안,20260715000539,20260715,유가증권,태양광 설비업 및 제조업,신재생·에너지·전력
비비안,20260715000539,20260715,유가증권,태양광 관련 기술 개발업,신재생·에너지·전력
비비안,20260715000539,20260715,유가증권,태양광 관련 컨설팅 및 지원 서비스업,신재생·에너지·전력
비비안,20260715000539,20260715,유가증권,태양광 전문 유지보수 서비스업,신재생·에너지·전력
비비안,20260715000539,20260715,유가증권,태양광 기자재 및 부품 판매업,신재생·에너지·전력
비비안,20260715000539,20260715,유가증권,태양광발전사업,신재생·에너지·전력
비비안,20260715000539,20260715,유가증권,수소에너지 설비업 및 제조업,신재생·에너지·전력
비비안,20260715000539,20260715,유가증권,수소에너지 관련 기술 개발업,신재생·에너지·전력
비비안,20260715000539,20260715,유가증권,수소에너지 관련 컨설팅 및 지원 서비스업,신재생·에너지·전력
비비안,20260715000539,20260715,유가증권,수소에너지 전문 유지보수 서비스업,신재생·에너지·전력
비비안,20260715000539,20260715,유가증권,수소에너지 기자재 및 부품 판매업,신재생·에너지·전력
비비안,20260715000539,20260715,유가증권,수소에너지발전사업,신재생·에너지·전력
비비안,20260715000539,20260715,유가증권,신재생에너지 사업계획 컨설팅업,신재생·에너지·전력
비비안,20260715000539,20260715,유가증권,신재생에너지 사업장 위탁관리 및 대행업,신재생·에너지·전력
비비안,20260715000539,20260715,유가증권,"신재생에너지 사업기획, 조사, 설계, 운용업",신재생·에너지·전력
비비안,20260715000539,20260715,유가증권,신재생에너지 비즈니스센터 운영업,신재생·에너지·전력
비비안,20260715000539,20260715,유가증권,신재생에너지설비 제조 및 설지,신재생·에너지·전력
비비안,20260715000539,20260715,유가증권,"신재생에너지설비(전력설비, 기계설비) 설치공사업",신재생·에너지·전력
비비안,20260715000539,20260715,유가증권,신재생에너지 사업,신재생·에너지·전력
비비안,20260715000539,20260715,유가증권,플랜트 설비 제작 및 판매,
비비안,20260715000539,20260715,유가증권,에너지 설비 제작 및 판매,
비비안,20260715000539,20260715,유가증권,"전력시설물 설계, 감리, 안전관리 대행업",신재생·에너지·전력
비비안,20260715000539,20260715,유가증권,고효율 에너지 사용 기자재 보급사업,
비비안,20260715000539,20260715,유가증권,전기공사업,
MDS스피어,20260715000531,20260715,유가증권,"소프트웨어 및 솔루션 개발, 자문, 공급 및 서비스업",클라우드·SW·빅데이터
MDS스피어,20260715000531,20260715,유가증권,"임베디드 시스템의 제조, 판매, 대여 및 유지 보수업",
MDS스피어,20260715000531,20260715,유가증권,"IT 시스템 및 솔루션의 개발 자문, 컨설팅업, 장비 관련 무역업, 관련 교육업",교육
MDS스피어,20260715000531,20260715,유가증권,정보통신 공사업,
아리바이오LAB,20260715000490,20260715,코스닥,화장품 제조업,화장품·뷰티
아리바이오LAB,20260715000490,20260715,코스닥,화장품 판매업(도·소매 및 수출입 포함),화장품·뷰티
아리바이오LAB,20260715000490,20260715,코스닥,"기능성화장품 개발, 제조 및 판매업",화장품·뷰티
아리바이오LAB,20260715000490,20260715,코스닥,"피부미용 관련 제품 개발, 제조 및 판매업",화장품·뷰티
바이오인프라생명과학,20260714000489,20260714,코넥스,외국인환자 유치업,
바이오인프라생명과학,20260714000489,20260714,코넥스,외국인환자 유치 관련 마케팅 및 홍보헙,
바이오인프라생명과학,20260714000489,20260714,코넥스,의료관광 알선 및 지원업,바이오·헬스케어
바이오인프라생명과학,20260714000489,20260714,코넥스,국제의료사업 컨설팅업,바이오·헬스케어
바이오인프라생명과학,20260714000489,20260714,코넥스,외국인 환자 통역 및 안내 서비스업,
바이오인프라생명과학,20260714000489,20260714,코넥스,의료기관과의 업무제휴 및 운영지원업,바이오·헬스케어
슈프리마에이치큐,20260713000656,20260713,코스닥,전자전기기계기구의 임대업,
슈프리마에이치큐,20260713000656,20260713,코스닥,"벤처기업이나 창업자에 대한 투자 또는 이에 투자하는 조합에 대한 출자, 엑셀러레이터 활동(창업자 선발, 보육, 투자 등), 경영 및 기술 컨설팅업",
슈프리마에이치큐,20260713000656,20260713,코스닥,소프트웨어 개발 및 공급업,클라우드·SW·빅데이터
슈프리마에이치큐,20260713000656,20260713,코스닥,"방범·방재 및 설비기기 등의 제조, 판매, 서비스업",
슈프리마에이치큐,20260713000656,20260713,코스닥,"방범,방재, 재난대응 및 공공안전 관련 정보시스템의 개발, 구축, 운영 및 유지관리업",
슈프리마에이치큐,20260713000656,20260713,코스닥,"위치정보의 수집, 이용, 제공 및 위치기반 서비스업",
슈프리마에이치큐,20260713000656,20260713,코스닥,"영상감시, 영상관제 시스템 및 관련 소프트웨어, 하드웨어의 개발, 제조 및 판매 및 구축업",클라우드·SW·빅데이터
슈프리마에이치큐,20260713000656,20260713,코스닥,"컴퓨터, 서버, 정보처리 시스템의 구축, 운영, 유지보수 및 관리업",
알파칩스,20260710000735,20260710,코스닥,"유.무선 통신장비 제조, 유지 보수업",
알파칩스,20260710000735,20260710,코스닥,"광섬유 케이블, 접착 장치업",
세니젠,20260710000454,20260710,코스닥,"화장품, 기능성화장품 및 의약외품의 제조, 수입, 수출 및 판매업",화장품·뷰티
세니젠,20260710000454,20260710,코스닥,"의료기기 및 피부미용 기기의 연구개발, 제조, 수입, 수출, 도소매 및 판매업",바이오·헬스케어;화장품·뷰티
세니젠,20260710000454,20260710,코스닥,"종합무역업, 무역중개업 및 수출입 대행업",
세니젠,20260710000454,20260710,코스닥,"바이오 의약품, 백신 및 약물중독 치료ㆍ예방용 치료제의 연구개발, 제조, 가공, 수출입 및 판매업",바이오·헬스케어
세니젠,20260710000454,20260710,코스닥,"의약품ㆍ의료기기 및 미용제품 관련 지식재산권의 취득, 관리, 라이선스 및 기술이전업",바이오·헬스케어;화장품·뷰티
세니젠,20260710000454,20260710,코스닥,"국내외 바이오ㆍ헬스케어 기업에 대한 투자, 지분 취득, 경영 참여 및 경영 자문업",바이오·헬스케어
DH오토넥스,20260709000713,20260709,유가증권,금형 개발 및 제조 판매입,
DH오토넥스,20260709000713,20260709,유가증권,비철금속 제조 판매업,
DH오토넥스,20260709000713,20260709,유가증권,탄소 발열체 및 관련부품 제조 판매업,탄소·환경
DH오토넥스,20260709000713,20260709,유가증권,"차량용 HOD(핸즈오프감지) 시스템, 열선 및 관련 전장부품 제조, 판매업",모빌리티·전기차·자율주행
DH오토넥스,20260709000713,20260709,유가증권,"차량용 액체수소 저장용기 및 수소연료탱크 제조, 판매 및 관련 기술개발업",신재생·에너지·전력
DH오토넥스,20260709000713,20260709,유가증권,부동산 개발 및 임대업,부동산·임대·건설
윙스풋,20260708000218,20260708,코스닥,"인공지능(AI)기반 의료용 및 일반용 소프트웨어 및 의료기기 제조, 판매, 수출입업",AI(인공지능);클라우드·SW·빅데이터;바이오·헬스케어
윙스풋,20260708000218,20260708,코스닥,"건강기능식품, 일반식품, 혼합음료 및 다류 등의 제조,가공, 유통 및 판매업",바이오·헬스케어;식품·농업·외식
주연테크,20260707000485,20260707,유가증권,"LED 전광판, 디지털 사이니지 및 광고표시장치의 제조, 판매, 임대, 설치, 운영 및 유지보수업",
조이웍스앤코,20260703000988,20260703,코스닥,"방사성동위원소 판매, 운반 및 폐기",
조이웍스앤코,20260703000988,20260703,코스닥,방사성폐기물 제염해체 및 처분,탄소·환경
조이웍스앤코,20260703000988,20260703,코스닥,원자력시설 차폐공사 및 방사선 관리,원전·원자력
조이웍스앤코,20260703000988,20260703,코스닥,원자력엔지니어링 및 관련 기술 서비스업,원전·원자력
조이웍스앤코,20260703000988,20260703,코스닥,연구개발 용역업,
조이웍스앤코,20260703000988,20260703,코스닥,전자기기 제조 및 판매업,
조이웍스앤코,20260703000988,20260703,코스닥,전자기기 및 부품 수출입업,
조이웍스앤코,20260703000988,20260703,코스닥,전자기기 및 부품 임가공업,
조이웍스앤코,20260703000988,20260703,코스닥,전자기기 개발 및 용역업,
조이웍스앤코,20260703000988,20260703,코스닥,소프트웨어 개발 및 용역업,클라우드·SW·빅데이터
조이웍스앤코,20260703000988,20260703,코스닥,전기공사업,
조이웍스앤코,20260703000988,20260703,코스닥,판매대행업,
조이웍스앤코,20260703000988,20260703,코스닥,보안설비 시공 및 유지보수업,
조이웍스앤코,20260703000988,20260703,코스닥,부가통신사업,
조이웍스앤코,20260703000988,20260703,코스닥,자동차부품 제조업,모빌리티·전기차·자율주행
조이웍스앤코,20260703000988,20260703,코스닥,건축용 플라스틱 조립제품 제조업,부동산·임대·건설
조이웍스앤코,20260703000988,20260703,코스닥,건설기술용역업(조사·설계·사업관리·감리 포함),부동산·임대·건설
조이웍스앤코,20260703000988,20260703,코스닥,안전진단 및 시설물 유지관리업,
엔지켐생명과학,20260703000963,20260703,코스닥,"토지의 매입, 보유 및 개발업",
엔지켐생명과학,20260703000963,20260703,코스닥,"모듈러 주택 및 임시숙박시설의 설계, 제조, 조립 및 설치업",부동산·임대·건설
엔지켐생명과학,20260703000963,20260703,코스닥,"산업단지 근로자용 임시숙박시설의 운영, 관리 및 임대업",
엔지켐생명과학,20260703000963,20260703,코스닥,"편의점, 식당, 세탁, 빨래방, 기숙사 관리 및 기타 편의시설 운영업",
서울전자통신,20260701001061,20260701,코스닥,"화장품의 제조, 판매 및 수출입업",화장품·뷰티
서울전자통신,20260701001061,20260701,코스닥,"로봇 하드웨어 및 소프트웨어의 개발, 제조, 판매 및 서비스업",로봇;클라우드·SW·빅데이터
서울전자통신,20260701001061,20260701,코스닥,"배터리 CELL, 배터리 PACK의 수입, 개발, 제조, 판매 및 수출입업",2차전지·배터리
서울전자통신,20260701001061,20260701,코스닥,"생활용품, 식품, 의류, 장신구의 제조, 판매 및 수출입업",식품·농업·외식
서울전자통신,20260701001061,20260701,코스닥,"의료용, 환경 및 공업용 화학 및 바이오센서의 개발, 제조, 판매 및 수출입업",바이오·헬스케어;탄소·환경
서울전자통신,20260701001061,20260701,코스닥,"전자계측기의 개발, 제조, 판매 및 수출입업",
서울전자통신,20260701001061,20260701,코스닥,"각종 의료용 시약, 센서 및 계측기의 개발, 제조, 판매 및 수출입업",바이오·헬스케어
서울전자통신,20260701001061,20260701,코스닥,"의약외품 및 의료용품 제조, 판매 및 수출입업",바이오·헬스케어
서울전자통신,20260701001061,20260701,코스닥,"자동차 부품의 제조, 판매 및 수출입업",모빌리티·전기차·자율주행
서울전자통신,20260701001061,20260701,코스닥,"전기자전거, 개인형 이동장치 및 기타 운송장비의 개발, 제조, 판매 및 서비스업",
한울앤제주,20260701000802,20260701,코스닥,"방위산업 제품, 군수품 및 소방용 미사일·소방 로봇의 제조, 가공 및 판매업",로봇;방산
한울앤제주,20260701000802,20260701,코스닥,"유도무기, 미사일, 로켓 및 정밀 무기 체계의 생산, 정비, 유지보수 및 성능개량업",방산;우주항공
한울앤제주,20260701000802,20260701,코스닥,"총포, 탄약, 정밀 무기 체계 부품 및 군용 장비 제조, 판매 및 정비업",방산
한울앤제주,20260701000802,20260701,코스닥,"국방·소방·산업·재난 구조용 로봇의 연구개발, 생산, 유통, 영업, 무역 및 수출입업",로봇;방산
한울앤제주,20260701000802,20260701,코스닥,"군용 물자 유통, 군납(PX) 및 군수 장비 입찰 유통업",방산
한울앤제주,20260701000802,20260701,코스닥,"방위산업, 소방, 재난 구조 및 로봇 공학 관련 기술 연구개발, 기술 용역 및 컨설팅업",로봇;방산
한울앤제주,20260701000802,20260701,코스닥,"전기자동차, 전기버스, 전기자전거, 전기오토바이 등 친환경·전기 모빌리티의 연구개발, 제조, 판매, 유통, 정비 및 수출입업",모빌리티·전기차·자율주행;탄소·환경
한울앤제주,20260701000802,20260701,코스닥,"도시개발사업, 지역개발사업 및 산업단지 조성·분양 사업",부동산·임대·건설
한울앤제주,20260701000802,20260701,코스닥,"호텔, 리조트, 콘도미니엄 등 종합 숙박·관광 시설 개발 및 운영업",
한울앤제주,20260701000802,20260701,코스닥,"테마파크, 관광 단지 및 복합 문화·유통 공간 개발, 조성 및 운영업",
한울앤제주,20260701000802,20260701,코스닥,"장사시설(납골당, 수목장, 장례식장 등)의 설치, 조성, 운영 및 관리업",
한울앤제주,20260701000802,20260701,코스닥,"부동산 및 개발 사업 관련 타당성 조사, 대행, 용역 및 컨설팅업",부동산·임대·건설
한울앤제주,20260701000802,20260701,코스닥,"푸드트럭(주류 판매업 포함)의 제조, 개조(특장), 생산, 판매, 유통, 대여 및 관련 영업 행위 일체",
한울앤제주,20260701000802,20260701,코스닥,"커피 원두 가공, 로스팅, 도소매 및 식품 유통 (이하 2026.07.16 개정)",식품·농업·외식
폴라리스AI핸디,20260630001354,20260630,코스닥,인공지능 기반 로봇 솔루션 개발 및 공급업,AI(인공지능);로봇
폴라리스AI핸디,20260630001354,20260630,코스닥,로봇 소프트웨어 개발 및 서비스업,로봇;클라우드·SW·빅데이터
폴라리스AI핸디,20260630001354,20260630,코스닥,로봇 시스템 통합 사업,로봇
폴라리스AI핸디,20260630001354,20260630,코스닥,로봇 유지보수 및 운영 서비스업,로봇
폴라리스AI핸디,20260630001354,20260630,코스닥,로봇 관련 연구개발 및 기술사업화업,로봇
폴라리스AI핸디,20260630001354,20260630,코스닥,"로봇 제조 및 판매업, 로보틱스 기술 개발 및 서비스업",로봇
폴라리스AI핸디,20260630001354,20260630,코스닥,"지능형 로봇, 산업용 로봇, 협동 로봇, 인공지능 기반 소프트웨어 기술개발 및 서비스업",AI(인공지능);로봇;클라우드·SW·빅데이터
폴라리스AI핸디,20260630001354,20260630,코스닥,"산업용, 서비스용 로봇의 개발, 제조 및 판매업",로봇
폴라리스AI핸디,20260630001354,20260630,코스닥,"로봇 부품 및 모듈의 개발, 제조 및 판매업",로봇
휴림에이텍,20260630001173,20260630,코스닥,군사용로봇 부품 제조 및 판매업,로봇
휴림에이텍,20260630001173,20260630,코스닥,지뢰제거 장비 연구개발 및 지뢰탐지 제거작업 용역업,
휴림에이텍,20260630001173,20260630,코스닥,"생화학 및 방사능 측정, 보호장비 등 판매, 유통업",
휴림에이텍,20260630001173,20260630,코스닥,"폭발물처리 로봇 훈련장 설치, 운영, 관리업",로봇
휴림에이텍,20260630001173,20260630,코스닥,"X-Ray, 폭발물처리로봇 제조, 판매 및 유지보수업",로봇
휴림에이텍,20260630001173,20260630,코스닥,"보안장비 및 대테러장비 사업과 관련된 연구, 기술개발, 제조, 유통 임대업",
휴림에이텍,20260630001173,20260630,코스닥,"사격장비 개발, 제조, 납품업",
휴림에이텍,20260630001173,20260630,코스닥,"가상현실(VR) 시뮬레이터, 가상훈련시스템의 개발, 제작, 유통업",
휴림에이텍,20260630001173,20260630,코스닥,가상현실(VR) 테마파크 운영관련 사업,
휴림에이텍,20260630001173,20260630,코스닥,"보안장비 및 대테러장비 개발, 투자, 자문, 운용업",
휴림에이텍,20260630001173,20260630,코스닥,"총기(물포총), 카트리지 판매 및 유지보수업",
삼현,20260630000398,20260630,코스닥,"자동화 설비 및 주변기기 개발, 제조 및 판매",
삼현,20260630000398,20260630,코스닥,"IT관련 설비 및 주변기기 개발, 제조 및 판매",
삼현,20260630000398,20260630,코스닥,자동화 장비 컨설팅업,
삼현,20260630000398,20260630,코스닥,정보통신 솔루션 및 서비스 컨설팅업,
삼현,20260630000398,20260630,코스닥,산업용로봇 제조 및 판매업,로봇
삼현,20260630000398,20260630,코스닥,"응용 소프트웨어 개발 및 공급, 판매, 관련서비스업",클라우드·SW·빅데이터
삼현,20260630000398,20260630,코스닥,산업자동화설비 제조업,
아이로보틱스,20260626000898,20260626,코스닥,"마이크로파 레이더 제조, 판매, 개발업",
아이로보틱스,20260626000898,20260626,코스닥,마이크로파 송수신기 제조 및 판매업,
아이로보틱스,20260626000898,20260626,코스닥,마이크로파 관련 부분품 및 측정장치 제조 및 판매업,
아이로보틱스,20260626000898,20260626,코스닥,주파수를 사용하여 제공하는 전기통신사업,
아이로보틱스,20260626000898,20260626,코스닥,레이더기기 도소매업,
아이로보틱스,20260626000898,20260626,코스닥,전자부품 기계 제조업,
아이로보틱스,20260626000898,20260626,코스닥,비철금속 제조업,
아이로보틱스,20260626000898,20260626,코스닥,"정보통신 시스템 기술개발, 생산 및 판매업",
아이로보틱스,20260626000898,20260626,코스닥,"정보보호시스템 기술개발, 생산 및 판매업",
아이로보틱스,20260626000898,20260626,코스닥,전자 통신기기 부품 제조 판매업,
아이로보틱스,20260626000898,20260626,코스닥,로봇 무인 자동화 시스템 개발 및 제조업,로봇
셀레믹스,20260626000750,20260626,코스닥,"바이오 및 헬스케어 관련 기술개발, 기술 이전 및 라이선스 사업 및 헬스케어 제품 판매업",바이오·헬스케어
셀레믹스,20260626000750,20260626,코스닥,의료기관 경영지원 및 컨설팅업,바이오·헬스케어
셀레믹스,20260626000750,20260626,코스닥,방산 및 바이오분야 절충교역(Offset Trade) 관련 사업,방산;바이오·헬스케어
셀레믹스,20260626000750,20260626,코스닥,"투자조합, 신기술사업투자조합, 사모집합투자기구(PEF) 등 각종 투자조합 및 펀드의 설립, 출자, 운용업",투자·금융
원림,20260624000519,20260624,유가증권,비금속류 원료 재생업,
원림,20260624000519,20260624,유가증권,혼성 및 재생 플라스틱 소재 물질 제조업,
파워넷,20260623000611,20260623,코스닥,로봇 구동모듈 및 관련 제품의 제조 및 판매업,로봇
원일티엔아이,20260623000338,20260623,코스닥,전기공사업,
콜마바이오텍,20260623000334,20260623,코스닥,화장품 원료의 연구개발업,화장품·뷰티
콜마바이오텍,20260623000334,20260623,코스닥,화장품 원료의 제조 및 판매업,화장품·뷰티
콜마바이오텍,20260623000334,20260623,코스닥,화장품 원료의 기술자문 및 마케팅 자문업,화장품·뷰티
콜마바이오텍,20260623000334,20260623,코스닥,"원료의약품, 의약품 중간체 및 화학소재의 연구, 개발, 제조 및 판매업",바이오·헬스케어
콜마바이오텍,20260623000334,20260623,코스닥,"식품 원료, 식품 기능성 소재의 연구, 개발, 제조 및 판매업",식품·농업·외식
콜마바이오텍,20260623000334,20260623,코스닥,"동물용(반려동물포함) 의약품 원료 및 제품의 연구개발, 제조 및 판매업",바이오·헬스케어;반려동물(펫)
콜마바이오텍,20260623000334,20260623,코스닥,"동물용(반려동물포함) 사료 및 사료첨가 소재의 연구개발, 제조 및 판매업",반려동물(펫)
콜마바이오텍,20260623000334,20260623,코스닥,"동물용(반려동물포함) 음료 및 건강기능식품의 연구개발, 제조 및 판매업",바이오·헬스케어;반려동물(펫);식품·농업·외식
츌립앤사이언스,20260623000295,20260623,코스닥,현행 유지,
츌립앤사이언스,20260623000295,20260623,코스닥,"굿즈 및 기념품 제조, 도소매 및 수출입업",
츌립앤사이언스,20260623000295,20260623,코스닥,"캐릭터 상품 개발, 제조 및 유통업",
츌립앤사이언스,20260623000295,20260623,코스닥,인터넷 및 전자상거래업,
디에이치엑스컴퍼니,20260619000757,20260619,코스닥,"식육 및 축산물 유통, 판매업",식품·농업·외식
디에이치엑스컴퍼니,20260619000757,20260619,코스닥,육류가공 및 저장처리업,
디에이치엑스컴퍼니,20260619000757,20260619,코스닥,유통전문 판매업,
디에이치엑스컴퍼니,20260619000757,20260619,코스닥,식육포장처리업,
유니크,20260619000688,20260619,코스닥,로봇 부품의 제조 및 판매,로봇
레인보우로보틱스,20260618000732,20260618,코스닥,"휴게음식점업, 일반음식점업",식품·농업·외식
레인보우로보틱스,20260618000732,20260618,코스닥,"식음료조리, 제조, 가공, 판매업",식품·농업·외식
레인보우로보틱스,20260618000732,20260618,코스닥,"종합 소매업, 도소매업 및 유통업",
레인보우로보틱스,20260618000732,20260618,코스닥,체인화 편의점업,
레인보우로보틱스,20260618000732,20260618,코스닥,서비스로봇을 활용한 무인 및 반무인 매장 운영업,로봇
레인보우로보틱스,20260618000732,20260618,코스닥,소프트웨어 개발 및 데이터 분석 서비스업,클라우드·SW·빅데이터
삼익제약,20260618000437,20260618,코스닥,의료기기 제조업 및 판매업,바이오·헬스케어
금호전기,20260617000443,20260617,유가증권,클린룸 등기구 제조 및 판매업,
알파AI,20260616000691,20260616,코스닥,블록체인 기반 가상 자산 발행 및 유통업,디지털자산·블록체인·STO(스테이블코인)
알파AI,20260616000691,20260616,코스닥,"디지털자산 매매, 중개 및 보관업",디지털자산·블록체인·STO(스테이블코인)
알파AI,20260616000691,20260616,코스닥,토큰증권(STO) 및 자산유동화 사업,디지털자산·블록체인·STO(스테이블코인)
비큐AI,20260612000486,20260612,코스닥,피지컬 인공지능(AI)과 인공지능(AI) 기반의 멀티 디바이스향 서비스 및 학습용 데이터 플랫폼 개발·공급·운영업,AI(인공지능);클라우드·SW·빅데이터
비큐AI,20260612000486,20260612,코스닥,분산원장기술(블록체인) 기반 토큰증권(STO) 및 디지털자산 관련 플랫폼 개발·공급·운영업 (관계 법령에 따른 인허가가 필요한 경우 그 인허가를 취득한 범위 내에서),클라우드·SW·빅데이터;디지털자산·블록체인·STO(스테이블코인)
엑시온그룹,20260611000740,20260611,코스닥,"영상, 음반, 방송, 공연 및 디지털 콘텐츠의 기획, 제작, 투자 및 배급업",엔터·콘텐츠·게임
엑시온그룹,20260611000740,20260611,코스닥,"콘텐츠의 유통, 판매, 수출입 및 라이선스 사업",엔터·콘텐츠·게임
엑시온그룹,20260611000740,20260611,코스닥,연예 매니지먼트 및 엔터테인먼트 사업,엔터·콘텐츠·게임
엑시온그룹,20260611000740,20260611,코스닥,라이브커머스 플랫폼 운영 및 서비스업,클라우드·SW·빅데이터
엑시온그룹,20260611000740,20260611,코스닥,"미디어 콘텐츠 기반 상품 기획, 유통 및 판매업",엔터·콘텐츠·게임
엑시온그룹,20260611000740,20260611,코스닥,마케팅 및 디지털 미디어 서비스업,
엑시온그룹,20260611000740,20260611,코스닥,"지식재산권(IP)의 개발, 취득, 관리 및 라이선스 사업",
엑시온그룹,20260611000740,20260611,코스닥,데이터 기반 콘텐츠 및 커머스 사업,엔터·콘텐츠·게임
엑시온그룹,20260611000740,20260611,코스닥,농수산물 및 농수산가공식품 도·소매업,식품·농업·외식
엑시온그룹,20260611000740,20260611,코스닥,농수산물 및 농수산가공식품 통신판매업 및 전자상거래업,식품·농업·외식
엑시온그룹,20260611000740,20260611,코스닥,농수산물 및 농수산가공식품 수출입업 및 대행업,식품·농업·외식
엑시온그룹,20260611000740,20260611,코스닥,농수산물 유통 가공 및 유통전문판매업,식품·농업·외식
아이컴포넌트,20260611000500,20260611,코스닥,플렉시블 및 에너지 디바이스 제조업,
아이컴포넌트,20260611000500,20260611,코스닥,플렉시블디스플레이 전용부품 제조업,
아이컴포넌트,20260611000500,20260611,코스닥,페로브스카이트 및 태양전지 전용부품 제조업,
아이컴포넌트,20260611000500,20260611,코스닥,"전자가격표시기,전자종이 전용부품 제조업",
아이컴포넌트,20260611000500,20260611,코스닥,배터리 등 에너지 관련 디바이스 전용부품 제조업,2차전지·배터리
아이컴포넌트,20260611000500,20260611,코스닥,나노 단위 롤트롤 응용소재 제조업,
아이컴포넌트,20260611000500,20260611,코스닥,신재생에너지 관련 기술 및 제조업,신재생·에너지·전력
아이컴포넌트,20260611000500,20260611,코스닥,벤처투자 관련 사업,
포커스에이아이,20260611000428,20260611,코스닥,"지금, 지은 및 귀금속 수출입업",
포커스에이아이,20260611000428,20260611,코스닥,"지금, 지은 및 귀금속 제조 및 도·소매업",
포커스에이아이,20260611000428,20260611,코스닥,"금, 은, 보석류 및 관련 원석의 수입 및 판매업",
포커스에이아이,20260611000428,20260611,코스닥,"금, 은 등 귀금속 기반 파생상품 개발 및 판매업",
포커스에이아이,20260611000428,20260611,코스닥,귀금속 및 쥬얼리 제품의 판매 및 중개서비스업,
포커스에이아이,20260611000428,20260611,코스닥,"귀금속 감정, 평가 및 인증 서비스업",
포커스에이아이,20260611000428,20260611,코스닥,귀금속류 중개 및 위탁매매업,
포커스에이아이,20260611000428,20260611,코스닥,"비철금속 및 산업금속 수출입, 도·소매업",
포커스에이아이,20260611000428,20260611,코스닥,비철금속 합금 제조 및 판매업,
포커스에이아이,20260611000428,20260611,코스닥,"청화금, 청화은 및 도금재료 제조 및 도·소매업",
포커스에이아이,20260611000428,20260611,코스닥,금지금 매매 및 중개업,
포커스에이아이,20260611000428,20260611,코스닥,한국거래소 금시장 관련 거래업,
포커스에이아이,20260611000428,20260611,코스닥,"금, 은 등 귀금속 관련 전자상거래 및 중개업",
포커스에이아이,20260611000428,20260611,코스닥,"금, 은 등 귀금속 기반 자산운용 및 컨설팅업",투자·금융
포커스에이아이,20260611000428,20260611,코스닥,원두커피 및 차류 도·소매업,
베셀,20260608000498,20260608,코스닥,종합 시설 관리 서비스업,
베셀,20260608000498,20260608,코스닥,부동산 분양 및 주택공급업,부동산·임대·건설
베셀,20260608000498,20260608,코스닥,"공연, 전시, 행사 기획 및 대행사업",엔터·콘텐츠·게임
베셀,20260608000498,20260608,코스닥,옥외 및 전시 광고업,
케스피온,20260528001005,20260528,코스닥,기능성 표시 일반식품 및 건강기능식품 제조 및 판매업,바이오·헬스케어;식품·농업·외식
케스피온,20260528001005,20260528,코스닥,"의약품, 원료의약품, 의료기기, 화학약품 등 바이오 연구·개발·제조·유통업 (중략)",바이오·헬스케어
케스피온,20260528001005,20260528,코스닥,엔터테인먼트 관련 사업,엔터·콘텐츠·게임
청보,20260528000506,20260528,코스닥,"방위산업 제품 및 관련제품의 개발, 제조 및 판매업",방산
청보,20260528000506,20260528,코스닥,"방위산업 물자, 기술, 군용 총포 및 화약류 등의 수출입업",방산
청보,20260528000506,20260528,코스닥,"항공기 관련 부품, 기계, 소프트웨어의 개발, 제조, 조립 및 판매업",클라우드·SW·빅데이터;우주항공
청보,20260528000506,20260528,코스닥,"항공기 관련 구성품, 기술 등의 수출입업",우주항공
청보,20260528000506,20260528,코스닥,항공기 개발 및 정비업,우주항공
청보,20260528000506,20260528,코스닥,무인항공기 개발 및 정비업,우주항공;드론·UAM
청보,20260528000506,20260528,코스닥,미사일 개발 사업,방산
청보,20260528000506,20260528,코스닥,"미사일 창정비, MRO 등 유지 보수 정비업",방산
청보,20260528000506,20260528,코스닥,"무기, 총포탄 및 화약류 등의 제조업",방산
청보,20260528000506,20260528,코스닥,"군수품의 제조, 판매, 보관 및 수송업",방산
청보,20260528000506,20260528,코스닥,군납업,방산
청보,20260528000506,20260528,코스닥,"국내외의 보관창고, 자동창고, 물류시설 등의 운영 및 서비스업",
청보,20260528000506,20260528,코스닥,내외국인 또는 내외국법인과 위 각항에 관련되는 투자 또는 합작사업,
청보,20260528000506,20260528,코스닥,"근로자 파견 및 인사총무 대행, 알선, 도급, 위탁 운영업",
청보,20260528000506,20260528,코스닥,헤드헌팅사업 및 고급인력 채용대행 서비스업,
청보,20260528000506,20260528,코스닥,"보안컨설팅, 보안시스템 통합 보안교육 서비스업",교육
청보,20260528000506,20260528,코스닥,"경비 및 보안시설, 주차장 관리 대행업",
청보,20260528000506,20260528,코스닥,"미화, 위생관리, 사무환경 용역업 및 청소업무 대행업",탄소·환경
청보,20260528000506,20260528,코스닥,"시설경비업, 건물시설관리",
청보,20260528000506,20260528,코스닥,"공기업 사업전략, 푸트코트 관리업",
청보,20260528000506,20260528,코스닥,단속특별인부 용역업,
청보,20260528000506,20260528,코스닥,"경영컨설팅, 인사총무 위탁 운영업",
청보,20260528000506,20260528,코스닥,취업정보사이트 운영업,
청보,20260528000506,20260528,코스닥,행정대집행보조인부용역업,
청보,20260528000506,20260528,코스닥,정비지역사후관리감시용역업,
청보,20260528000506,20260528,코스닥,주정차금지구역 관리용역업,
청보,20260528000506,20260528,코스닥,인터넷정보통신 서비스업,
청보,20260528000506,20260528,코스닥,유료직업소개업,
청보,20260528000506,20260528,코스닥,직업정보제공업,
루트K,20260527000584,20260527,코스닥,(전과 同),
루트K,20260527000584,20260527,코스닥,음반 및 비디오물 도소매업,엔터·콘텐츠·게임
루트K,20260527000584,20260527,코스닥,공연 기획업,엔터·콘텐츠·게임
루트K,20260527000584,20260527,코스닥,행사대행업,
루트K,20260527000584,20260527,코스닥,대중문화예술기획업,
루트K,20260527000584,20260527,코스닥,관광객이용시설업,
루트K,20260527000584,20260527,코스닥,영상제작업,
루트K,20260527000584,20260527,코스닥,광고대행업,
루트K,20260527000584,20260527,코스닥,종합물류유통업,
루트K,20260527000584,20260527,코스닥,종합물류대행업,
루트K,20260527000584,20260527,코스닥,중고제품 도매 및 소매업,
루트K,20260527000584,20260527,코스닥,물류관리업,
루트K,20260527000584,20260527,코스닥,마케팅컨설팅(판매대행),
진원생명과학,20260526000682,20260526,유가증권,"소프트웨어 자문, 개발 공급업",클라우드·SW·빅데이터
진원생명과학,20260526000682,20260526,유가증권,인터넷 및 전자상거래업,
진원생명과학,20260526000682,20260526,유가증권,시스템 통합사업,
진원생명과학,20260526000682,20260526,유가증권,무역업,
진원생명과학,20260526000682,20260526,유가증권,수출입업 및 수출입 중개 및 대행업,
진원생명과학,20260526000682,20260526,유가증권,데이터베이스 및 온라인 정보제공업,클라우드·SW·빅데이터
진원생명과학,20260526000682,20260526,유가증권,"소프트웨어 개발, 제작 및 판매업",클라우드·SW·빅데이터
진원생명과학,20260526000682,20260526,유가증권,인터넷 정보서비스업,
진원생명과학,20260526000682,20260526,유가증권,상품권 발행 및 유통업,
진원생명과학,20260526000682,20260526,유가증권,화장품 및 생활용품의 제조 및 유통 판매업,화장품·뷰티
진원생명과학,20260526000682,20260526,유가증권,국내외 투자업,투자·금융
진원생명과학,20260526000682,20260526,유가증권,전기자동차 부품 연구개발 및 제조,모빌리티·전기차·자율주행
진원생명과학,20260526000682,20260526,유가증권,전기자동차 부품 판매,모빌리티·전기차·자율주행
진원생명과학,20260526000682,20260526,유가증권,"플라스틱 제조, 가공 및 판매업",
진원생명과학,20260526000682,20260526,유가증권,AI 기술을 활용한 의료기술 고도화 솔루션 개발 및 서비스,AI(인공지능);바이오·헬스케어
진원생명과학,20260526000682,20260526,유가증권,AI 헬스케어 및 데이터분석 및 연구 지원,AI(인공지능);클라우드·SW·빅데이터;바이오·헬스케어
진원생명과학,20260526000682,20260526,유가증권,AI 공간지능 솔루션개발 및 판매,AI(인공지능)
진원생명과학,20260526000682,20260526,유가증권,AI 기술을 활용한 빅데이터 분석 시스템 개발 및 서비스,AI(인공지능);클라우드·SW·빅데이터
진원생명과학,20260526000682,20260526,유가증권,AI 소프트웨어 연구개발 및 제조 서비스업,AI(인공지능);클라우드·SW·빅데이터
진원생명과학,20260526000682,20260526,유가증권,AI 기술을 활용한 각종 컨설팅업,AI(인공지능)
진원생명과학,20260526000682,20260526,유가증권,AI 모델생성,AI(인공지능)
진원생명과학,20260526000682,20260526,유가증권,성형관련제제의 개발.제조.판매무역업,
진원생명과학,20260526000682,20260526,유가증권,보튤리눔및 기타물질의 검출 및 진단키트 제조업,바이오·헬스케어
나인앤컴퍼니,20260520000762,20260520,코스닥,"의류, 패션잡화, 액세서리 의 제조업 및 도·소매업",
나인앤컴퍼니,20260520000762,20260520,코스닥,"전자상거래업, 통신판매업 및 통신판매중개업",
나인앤컴퍼니,20260520000762,20260520,코스닥,플랫폼 개발 및 운영업,클라우드·SW·빅데이터
나인앤컴퍼니,20260520000762,20260520,코스닥,"어플리케이션, 소프트웨어 및 정보시스템 개발, 공급 및 운영업",클라우드·SW·빅데이터
나인앤컴퍼니,20260520000762,20260520,코스닥,"인공지능(AI) 기반 패션 ·커머스 기술의 개발, 공급 및 서비스업",AI(인공지능)
나인앤컴퍼니,20260520000762,20260520,코스닥,"데이터베이스구축, 데이터 처리 및 정보 서비스업",클라우드·SW·빅데이터
나인앤컴퍼니,20260520000762,20260520,코스닥,"브랜드, 상표, 디자인, 저작권 등 지식재산권의 개발, 취득, 관리, 사용허락, 양도 및 관련사업",
나인앤컴퍼니,20260520000762,20260520,코스닥,브랜드 라이선싱 및 브랜드 사업화 관련 사업,
나인앤컴퍼니,20260520000762,20260520,코스닥,"패션잡화의 제조, 도·소매, 수출입 및 유통업",
나인앤컴퍼니,20260520000762,20260520,코스닥,"자회사, 관계회사 및 기타 회사의 설립, 출자, 지분취득 및 관리업",
나인앤컴퍼니,20260520000762,20260520,코스닥,"국내외회사, 조합, 펀드, 프로젝트 및 자산에 대한 투자업",투자·금융
나인앤컴퍼니,20260520000762,20260520,코스닥,"투자자 회사의 설립 및 운영,국내외 유가증권 및 지분 투자업",투자·금융
나인앤컴퍼니,20260520000762,20260520,코스닥,"투자 대상 회사에 대한 경영관리, 사업개발 및 경영컨설팅업",
쏘카,20260519000561,20260519,유가증권,자동차 신품 판매업,
쏘카,20260519000561,20260519,유가증권,여객 자동차 운송업,
쏘카,20260519000561,20260519,유가증권,무역업,
쏘카,20260519000561,20260519,유가증권,자동차 부품 및 부속품 판매업,모빌리티·전기차·자율주행
쏘카,20260519000561,20260519,유가증권,상품 종합 중개업,
쏘카,20260519000561,20260519,유가증권,상품 종합 도매업,
쏘카,20260519000561,20260519,유가증권,보험 대리 및 중개업,
쏘카,20260519000561,20260519,유가증권,여신금융업,
쏘카,20260519000561,20260519,유가증권,신용대출 또는 담보대출 업무,
쏘카,20260519000561,20260519,유가증권,신용카드 및 할부 금융업,
쏘카,20260519000561,20260519,유가증권,자동차 임대업,
쏘카,20260519000561,20260519,유가증권,렌탈업무,
세코닉스,20260519000201,20260519,코스닥,"전기, 전자부품 제조 및 판매업",
세코닉스,20260519000201,20260519,코스닥,"자동차용 전기, 전자 부품 개발, 제조 및 판매업",
세코닉스,20260519000201,20260519,코스닥,각종 광학렌즈 및 광학 모듈 개발 제조 및 판매업,
세코닉스,20260519000201,20260519,코스닥,"차량용 조명장치, 램프 제조 및 판매업",
세코닉스,20260519000201,20260519,코스닥,영상 표시 장치 및 관련 전자 부품의 제조 및 판매업,
세코닉스,20260519000201,20260519,코스닥,디스플레이용 광학 부품류,
세코닉스,20260519000201,20260519,코스닥,부동산 및 기계장비 임대업,부동산·임대·건설
세코닉스,20260519000201,20260519,코스닥,"친환경, 에너지 관련 사업",탄소·환경
세코닉스,20260519000201,20260519,코스닥,소프트웨어 및 라이선스 판매,클라우드·SW·빅데이터
세코닉스,20260519000201,20260519,코스닥,"치공구 및 금형의 설계, 제조, 가공 및 판매업",
세코닉스,20260519000201,20260519,코스닥,각종 기술자문용역 및 컨설팅 서비스업,
앱코,20260514000128,20260514,코스닥,인공지능(AI) 기반 의료솔루션 개발 및 서비스업,AI(인공지능);바이오·헬스케어
앱코,20260514000128,20260514,코스닥,"지능형 의료 로보틱스 및 고정밀 자동화제어시스템의 연구개발,제조,판매,임대 및 관련 서비스업",로봇;바이오·헬스케어
앱코,20260514000128,20260514,코스닥,"생명공학 기술 기반의 고감도 바이오센서 및 생체 신호 분석 장치의 연구개발, 제조,판매,임대 및 관련 서비스업",바이오·헬스케어
앱코,20260514000128,20260514,코스닥,"인공지능(AI) 기반 의료진단 알고리즘 및 디지털 트윈소프트웨어의 연구개발,제조,판매,임대 및 관련 서비스업",AI(인공지능);클라우드·SW·빅데이터;바이오·헬스케어
앱코,20260514000128,20260514,코스닥,"의료기기 제조,판매 및 수출입업",바이오·헬스케어
지슨,20260513000935,20260513,코스닥,"반도체 부품 제조, 판매업",반도체
이삭엔지니어링,20260513000459,20260513,코스닥,전력자원의 개발 및 공급,신재생·에너지·전력
이삭엔지니어링,20260513000459,20260513,코스닥,발전 및 전기판매업,
이삭엔지니어링,20260513000459,20260513,코스닥,발전설비 제조 및 판매업,
이삭엔지니어링,20260513000459,20260513,코스닥,토목건축공사업,부동산·임대·건설
이삭엔지니어링,20260513000459,20260513,코스닥,"전기관련 제품 및 전기통신기기재료 제조,판매업",
이삭엔지니어링,20260513000459,20260513,코스닥,발전소 운영 및 유지보수업,신재생·에너지·전력
경남제약,20260511000873,20260511,코스닥,의약연구개발업,
경남제약,20260511000873,20260511,코스닥,"반려동물 용품 도소매, 유통업 및 제조업",반려동물(펫)
경남제약,20260511000873,20260511,코스닥,사료 제작 및 공급·유통 및 판매업,
경남제약,20260511000873,20260511,코스닥,주류 수출입업,
경남제약,20260511000873,20260511,코스닥,주류 유통 및 판매업,
KBG,20260429001246,20260430,코스닥,"식품첨가물 제조, 판매업",식품·농업·외식
KBG,20260429001246,20260430,코스닥,"실리콘 수지 및 화합물 제조, 판매업",
KBG,20260429001246,20260430,코스닥,"전자ㆍ반도체ㆍ디스플레이용 실리콘 소재 제조, 판매업",반도체
KBG,20260429001246,20260430,코스닥,"차 전지용 소재 제조, 판매업",
KBG,20260429001246,20260430,코스닥,"화장품 원료 제조, 판매업",화장품·뷰티
KBG,20260429001246,20260430,코스닥,"세라믹 소재 제조, 판매업",
KBG,20260429001246,20260430,코스닥,자동차용 전자소재 및 고기능성 접착제 제조업,
KBG,20260429001246,20260430,코스닥,"폴리이미드 등 화학 합성수지 및 관련 제품 제조, 판매업",
KBG,20260429001246,20260430,코스닥,전자소재 관련 기술 연구 및 컨설팅업,
KBG,20260429001246,20260430,코스닥,",2,3,4,5,6,10,11,12,13,14,15,16,17항에 관련된 소재 및 원료 수출입업",
한국비티비,20260429001076,20260429,코스닥,이 회사는,
한국비티비,20260429001076,20260429,코스닥,다음의 사업을,
한국비티비,20260429001076,20260429,코스닥,영위함을,
엔시스,20260427000323,20260427,코스닥,설비공사업,
엔시스,20260427000323,20260427,코스닥,기계설비가스공사업,
엔시스,20260427000323,20260427,코스닥,배관 및 전기공사업,
푸른로보틱스,20260414000633,20260414,코스닥,지능형 로봇 개발 제조 판매업,로봇
푸른로보틱스,20260414000633,20260414,코스닥,인공지능시스템 연구개발 및 판매업,AI(인공지능)
푸른로보틱스,20260414000633,20260414,코스닥,"로봇시스템 통합에 대한 설치, 시공 및 서비스업",로봇
아이에이,20260410000554,20260410,코스닥,"인공지능(AI) 관련 제품, 서비스 개발 및 공급업",AI(인공지능)
아이에이,20260410000554,20260410,코스닥,인공지능 솔루션 연구개발 및 공급업,AI(인공지능)
아이에이,20260410000554,20260410,코스닥,"인공지능 소프트웨어 개발, 판매 및 공급업",AI(인공지능);클라우드·SW·빅데이터
아이에이,20260410000554,20260410,코스닥,인공지능 연구 및 기술 개발과 기술 정보의 제공업,AI(인공지능)
아이에이,20260410000554,20260410,코스닥,"데이터센터 구축, 운영, 임대 및 유지관리업",데이터센터
아이에이,20260410000554,20260410,코스닥,"모듈형 데이터센터 설계, 제조, 구축 및 판매업",데이터센터
아이에이,20260410000554,20260410,코스닥,클라우드 컴퓨팅 및 데이터센터 인프라 서비스업,데이터센터;클라우드·SW·빅데이터
아이에이,20260410000554,20260410,코스닥,"데이터센터 관련 장비의 제조, 공급 및 판매업",데이터센터
아이에이,20260410000554,20260410,코스닥,"데이터센터 관련 엔지니어링, 설계 및 컨설팅업",데이터센터
아이에이,20260410000554,20260410,코스닥,"데이터센터 전력, 냉각 및 환경 제어 시스템 구축 및 운영업",데이터센터;신재생·에너지·전력;탄소·환경
