k,n_corps,corps,item
데이터베이스및온라인정보제공업,13,"CSA 코스믹,KT밀리의서재,SCL사이언스,동우팜투테이블,동원F&B,모아데이타,비케이홀딩스,엑시온그룹,웰킵스하이텍,인티큐브,주연테크,진원생명과학,폰드그룹",데이터베이스 및 온라인정보 제공업
컴퓨터시스템통합자문및구축서비스업,5,"아이에스티이,웰킵스하이텍,유니온바이오메트릭스,지놈앤컴퍼니,지니언스",컴퓨터 시스템 통합 자문 및 구축 서비스업
산업처리공정제어장비제조업,5,"APS이노베이션,다보링크,엑시온그룹,엠오티,파인텍",산업처리공정 제어장비 제조업
토큰발행및토큰증권STO관련사업,5,"가온전선,다이나믹솔루션,썸에이지,청보,캐리",토큰 발행 및 토큰증권(STO) 관련 사업
로봇자동화기계설비제조및판매업,5,"광진실업,나우로보틱스,다보링크,벡트,아이엘로보틱스","로봇 자동화 기계, 설비 제조 및 판매업"
블록체인기반암호화자산매매및중개업,5,"다이나믹솔루션,더즌,썸에이지,청보,캐리",블록체인 기반 암호화 자산 매매 및 중개업
응용소프트웨어개발및공급업,5,"HLB테라퓨틱스,아티스트스튜디오,에피바이오텍,웰킵스하이텍,푸드나무",응용소프트웨어 개발 및 공급업
군수품의제조판매보관및수송업,4,"로체시스템즈,엣지파운드리,이렘,청보","군수품의 제조,판매,보관 및 수송업"
컴퓨터프로그래밍시스템통합및관리업,4,"E8,다이나믹솔루션,참엔지니어링,한양디지텍","컴퓨터 프로그래밍, 시스템 통합 및 관리업"
금속창호지붕건축물조립공사업,4,"우원개발,우진엔텍,트윔,현대퓨처넷",금속ㆍ창호ㆍ지붕ㆍ건축물 조립공사업
해상풍력및에너지관련사업투자및운영기술개발사업,4,"LS마린솔루션,LS머트리얼즈,LS에코에너지,가온전선","해상풍력 및 에너지 관련 사업 투자 및 운영, 기술개발 사업"
회사가보유하고있는유형자산또는무형자산의판매유통사업과용역사업,4,"썸에이지,청보,캐리,코디","회사가 보유하고 있는 유형자산 또는 무형자산의 판매, 유통사업과 용역 사업"
포털및기타인터넷정보매개서비스업,4,"KT밀리의서재,아센디오,웰킵스하이텍,폰드그룹",포털 및 기타 인터넷 정보매개 서비스업
인공지능솔루션적용기기연구개발및공급업,4,"HLB바이오스텝,듀켐바이오,엑스페릭스,폴라리스AI핸디",인공지능 솔루션 적용 기기 연구개발 및 공급업
시스템소프트웨어개발및공급업,4,"대양금속,아티스트스튜디오,웰킵스하이텍,푸드나무",시스템소프트웨어 개발 및 공급업
로봇부품제조판매업및서비스업,3,"라온로보틱스,메타랩스,메타케어","로봇 부품 제조, 판매업 및 서비스업"
디지털화된자산의개발유통및판매,3,"썸에이지,청보,캐리","디지털화된 자산의 개발, 유통 및 판매"
극한작업용로봇제조및판매업,3,"광진실업,다보링크,휴림에이텍",극한작업용로봇 제조 및 판매업
스마트그리드마이크로그리드가상발전소VPP수요관리DR전력거래전력중개플랫폼및관련소프트웨어시스템의개발구축운영및서비스업,3,"비비안,비투엔,아이오케이이엔엠","스마트그리드, 마이크로그리드, 가상발전소(VPP), 수요관리(DR), 전력거래·전력중개 플랫폼 및 관련 소프트웨어·시스템의 개발, 구축, 운영 및 서비스업"
국방용소프트웨어인공지능정보보호사이버보안지휘통제시뮬레이터및교육훈련체계의개발구축운영및서비스업,3,"비비안,비투엔,아이오케이이엔엠","국방용 소프트웨어, 인공지능, 정보보호, 사이버보안, 지휘통제, 시뮬레이터 및 교육훈련체계의 개발, 구축, 운영 및 서비스업"
인공지능AI가상현실VR증강현실AR관련제품서비스개발및공급업,3,"드림시큐리티,썸에이지,이스트에이드","인공지능(AI), 가상현실(VR), 증강현실(AR) 관련 제품, 서비스 개발 및 공급업"
산업용연구용군사용전문서비스용로봇하드웨어및소프트웨어수출입개발제작임대가공및용역업,3,"광진실업,다보링크,아이엘로보틱스","산업용, 연구용, 군사용, 전문서비스용, 로봇 하드웨어 및 소프트웨어 수출입, 개발 제작, 임대, 가공 및 용역업"
회사가보유하고있는지식정보등무형자산의판매및용역사업,3,"매일유업,셀레믹스,아티스트컴퍼니","회사가 보유하고 있는 지식, 정보 등 무형자산의 판매 및 용역사업"
발전송전변전배전을포함하는전기에너지관련사업,3,"DS단석,애드바이오텍,에넥스",발전·송전·변전·배전을 포함하는 전기에너지 관련 사업
인공지능AI활용한디지털콘텐츠제작업,3,"벡트,썸에이지,이스트에이드",인공지능(AI) 활용한 디지털콘텐츠 제작업
데이터센터관련에너지효율화신재생에너지및탄소배출권관련사업,3,"SDN,모아데이타,비케이홀딩스","데이터센터 관련 에너지 효율화, 신재생에너지 및 탄소배출권 관련 사업"
인공지능기반의료솔루션개발및서비스업,3,"메디아나,시선AI,엑스페릭스",인공지능 기반 의료솔루션 개발 및 서비스업
변압기개폐기차단기보호계전기배전반수배전반전력케이블송배전기자재및기타전력기기전기기기의개발설계제조조립설치판매임대운영및유지보수업,3,"비비안,비투엔,아이오케이이엔엠","변압기, 개폐기, 차단기, 보호계전기, 배전반, 수배전반, 전력케이블, 송배전기자재 및 기타 전력기기·전기기기의 개발, 설계, 제조, 조립, 설치, 판매, 임대, 운영 및 유지보수업"
방산물자군수품국방과학기술및관련장비부품소재의연구개발설계제조조립정비성능개량판매임대및유지보수업,3,"비비안,비투엔,아이오케이이엔엠","방산물자, 군수품, 국방과학기술 및 관련 장비·부품·소재의 연구, 개발, 설계, 제조, 조립, 정비, 성능개량, 판매, 임대 및 유지보수업"
송전변전배전전력저장충전인프라및기타전력설비의개발설계엔지니어링조달시공감리운영및유지보수업,3,"비비안,비투엔,아이오케이이엔엠","송전, 변전, 배전, 전력저장, 충전인프라 및 기타 전력설비의 개발, 설계, 엔지니어링, 조달, 시공, 감리, 운영 및 유지보수업"
지상해상항공우주무인체계전자통신감시정찰항법유도제어전원공급장비및관련시스템의연구개발설계제조조립정비판매및유지보수업,3,"비비안,비투엔,아이오케이이엔엠","지상, 해상, 항공, 우주, 무인체계, 전자·통신·감시정찰·항법·유도·제어·전원공급 장비 및 관련 시스템의 연구, 개발, 설계, 제조, 조립, 정비, 판매 및 유지보수업"
에너지저장장치ESS배터리시스템전력변환장치PCS에너지관리시스템EMS배터리관리시스템BMS및관련장비부품소재의개발설계제조조립설치판매임대운영및유지보수업,3,"비비안,비투엔,아이오케이이엔엠","에너지저장장치(ESS), 배터리시스템, 전력변환장치(PCS), 에너지관리시스템(EMS), 배터리관리시스템(BMS) 및 관련 장비·부품·소재의 개발, 설계, 제조, 조립, 설치, 판매, 임대, 운영 및 유지보수업"
소프트웨어자문개발및공급업,3,"동원F&B,아이에스동서,이엠앤아이","소프트웨어 자문, 개발 및 공급업"
서버및IT장비의설치구축운영유지보수및기술용역서비스업,3,"넥사다이내믹스,모아데이타,비케이홀딩스","서버 및 IT 장비의 설치, 구축, 운영, 유지보수 및 기술용역 서비스업"
전자화폐및상품권발행및공급업,3,"썸에이지,청보,캐리",전자화폐 및 상품권 발행및 공급업
전력의생산저장공급판매및거래관련사업,3,"비비안,비투엔,아이오케이이엔엠","전력의 생산, 저장, 공급, 판매 및 거래 관련 사업"
전력설비전기설비및에너지관련시설물의기술용역엔지니어링컨설팅시험검사인증교육및연구개발업,3,"비비안,비투엔,아이오케이이엔엠","전력설비, 전기설비 및 에너지 관련 시설물의 기술용역, 엔지니어링, 컨설팅, 시험, 검사, 인증, 교육 및 연구개발업"
그외기타특수목적용기계제조업,3,"마음AI,셀바이오휴먼텍,에스엔시스",그 외 기타 특수목적용 기계 제조업
기술조사연구및기술개발연구의용역과기술의제공,3,"콜마비앤에이치,한국화장품,한국화장품제조",기술조사 연구 및 기술개발 연구의 용역과 기술의 제공
전력산업및방위산업과관련한투자출자지분취득합작투자자산취득사업양수도및해외법인설립운영업,3,"비비안,비투엔,아이오케이이엔엠","전력산업 및 방위산업과 관련한 투자, 출자, 지분취득, 합작투자, 자산취득, 사업양수도 및 해외법인 설립·운영업"
전력산업관련기자재부품소재원재료의제조가공매매수출입대리중개및무역업,3,"비비안,비투엔,아이오케이이엔엠","전력산업 관련 기자재, 부품, 소재, 원재료의 제조, 가공, 매매, 수출입, 대리, 중개 및 무역업"
지능형로봇부품제조및판매업,3,"다보링크,파인텍,휴림에이텍",지능형로봇 부품 제조 및 판매업
화장품의제조매매및이와관련한서비스상품의매매,3,"SOOP,태광산업,팜스코","화장품의 제조, 매매 및 이와 관련한 서비스 상품의 매매"
자회사의주식또는지분을취득소유함으로써자회사의제반사업내용을지배경영지도정리육성하는지주사업,3,"씨케이솔루션,아이지넷,유진테크놀로지",자회사의 주식 또는 지분을 취득ㆍ소유함으로써 자회사의 제반 사업내용을 지배ㆍ경영지도ㆍ정리ㆍ육성하는 지주사업
