period,corp_name,market,n_added,nhot,added_items
2026H1reg,APS이노베이션,코스닥,9,3,"수소연료전지관련사업 | 화장품 제조, 유통, 판매 | 화장품 자동화 장비 관련사업 | 항공기 및 항공기 부품 관련사업 | 무인항공기 및 무인비행장치 관련사업 | 냉난방 관련사업 | 로봇 및 로봇부품 관련사업 | 탄소섬유 및 합성수지 관련 사업 | 산업처리공정 제어장비 제조업"
2026H1reg,KG이니시스,코스닥,23,3,"신용조사업 | 항공기대여업 (농업용드론렌탈 등) | 기타 산업용 기계 및 장비 임대업 (기계, 전기차충전소 렌탈 등) | 컴퓨터 및 사용 기계 장비 임대업 (운용렌탈 등) | 기타 운송장비 입대업 (카라반렌탈 등) | 태양광 발전사업 | 전자제품 및 사무기기 임대업 | 전자제품 및 사무기기 도,소매업 | 기계설비 임대업 | 기계설비 도.소매업 | 계량 및 계측기기 임대업 | 도서 및 기타 소비재 임대업 | 기타시설, 설비, 기계기구 임대업 | 중고 가구 소매업 | 중고 가전제품 및 통신장비 소매업 | 기타 중고상품 소매업 | 정보통신기기 및 컴퓨터 임대업 | 블록체인 기반 디지털자산의 매매, 교환, 이전 및 중개 서비스업 | 디지털자산의 보관, 관리 및 관련 서비스업 | 블록체인 기반 소프트웨어 및 플랫폼 개발·공급업 | 블록체인 기반 데이터베이스 구축 및 정보서비스업 | 외국인 세금환급 대행 및 환급창구 운영사업 | 외국인 세금환급 대행 관련 가맹점 모집 및 관리업"
2026H1reg,벡트,코스닥,10,4,"(변경) 메타버스용 콘텐츠 운영 소프트웨어 도매/중개업 | 메타버스 응용 소프트웨어 설계 및 개발업 | 인공지능(AI) 활용한 디지털콘텐츠 제작업 | 인공지능(AI), 가상(VR), 증간현상(AR) 관련 제품, 서비스 개발 및 공급업 | 로봇, 로봇 부품 제조 및 판매업 | 로봇 자동화 기계, 설비 제조 및 판매업 | 산업용, 연구용, 전문서비스용, 로봇 하드웨어 및 소프트웨어 수출입, 개발 제작, 임대, 가공 및 용역업 | 로봇과 관련한 교육 및 교육서비스 사업 | 자동차부품 제조 및 판매업 | 무인항공기 및 무인비행장치 제조, 정비, 서비스 및 도,소매업"
2026H1reg,성원에너텍,코스닥,35,6,"철강재 및 비철금속 제조, 가공, 판매, 설치업 | 극박, 냉간압연, 정밀압연 제품제조, 판매 및 판매대행 | 전자재료 스테인레스 압연 제품제조, 판매 및 판매대행 | 데이터센터의 개발, 건설, 운영 및 관리업 | AI ·빅데이터 처리용 고성능 컴퓨팅(HPC) 인프라 구축 및 운영업 | 서버 ·스토리지 ·?GPU 클러스터 운영 및 임대업 | 코로케이션(Co-location) 서비스업 | 클라우드 컴퓨팅 서비스업(IaaS, PaaS, SaaS) | 인공지능(AI) 모델 학습 및 추론 서비스업 | AI 연산 인프라 (GPU Farm) 구축 및 운영업 (1 | 데이터 가공, 정제, 라벨링 및 분석 서비스업 (1 | AI 플랫폼 개발 및 공급업 | 디지털트윈, 자율주행, 메타버스, 로보틱스용 연산서비스업 | 전력 수급 및 에너지 관리 사업 | 신재생에너지 발전 및 전력 중개 사업 | ESS(에너지저장장치) 설치 및 운영업 | 데이터센터 전기, 통신, 기계설비 공사업 | 기간통신사업 및 부가통신사업 | 네트워크 구축 및 IDC 회산 임대업 | 해저케이블, 국제회선 중개업 | 산업단지, 지식산업센터 개발 및 분양업 | 데이터센터 리츠(REITs) 관련 사업 | 서버 ·AI가속시 ·반도체 모듈 제조 및 판매업 | 데이터센터 모듈형(MDC) 제작 및 수출입업 | 통신장비 및 전산장비 도소매업 | 해외 데이터센터 투자 및 합작사업 | 블록체인 및 디지털자산 인프라 사업 | 산업폐기물(석탄재 등) 재활용 및 자원화 사업(폐자원 수집, 운반, 중간처리 포함) | 희토류 등 희소금속 및 핵심광물의 수출, 원소재 제조, 가공, 정제, 도소매 및 수출입업 | 탄소광물화 기반 친환경 건설소재(CAS 등) 연구개발 및 제조업(건축자재 도소매 포함) | 탄소광물화 융복합 소재 기반 건축자재 제조 및 판매업 | 탄소광물화 관련 온실가스 감축 사업 및 탄소배출권 획득, 거래업 | 이산화탄소 포집, 활용, 저장(CCUS) 기술 기반 친환경 사업 | 자원재활용 및 친환경 기술 관련 지식재산권(IP) 보유, 임대, 이전 및 라이선스업 | 환경 및 기후변화 대응 관련 컨설팅업"
2026H1reg,다보링크,코스닥,12,6,"방위산업 물자, 기술, 군용 총포 및 화약류 등의 수출입업 | 항공기 관련 구성품, 기술 등의 수출입업 | 항공기 개발 및 정비업 | 무인항공기 개발 및 정비업 | 미사일 개발 사업 | 미사일 창정비,MRO등 유지 보수 정비업 | 휴머노이드 및 피지컬 인공지능(Physical AI), 인공지능(AI), 머신러닝 및 딥러닝 기반 기술 및 AI 에이전트 개발 및 유통업 | 산업용·서비스용 로봇 및 지능형 로봇 시스템의 개발, 제조, 유통 및 판매업 | 스마트팩토리 구축 및 산업 자동화 시스템 개발업 | IoT, 센서, 제어시스템 및 AI 반도체 등 첨단기술 개발업 | AI 및 로봇 기반 플랫폼 서비스 및 로봇 렌탈·구독 서비스업 | 드론 및 안티드론 시스템 및 고주파(RF)·통신 기반 드론 대응 기술 및 장비의 개발, 제조, 유통 및 판매업"
2026H1reg,네오리진,코스닥,4,3,"인공지능 및 데이터 인프라 관련 사업(AI, 데이터센터 및 관련 서비스의 개발, 제공, 운영 포함) | 콘텐츠 및 지식재산권의 창작, 취득, 라이선스, 유통 관련 사업 | 마케팅 및 프로모션 사업 | 국내 또는 해외 자산(가상 자산 및 디지털 자산을 포함함)의 취득, 보유, 매각 등 관련 투자사업"
2026H1reg,비비안,유가증권,13,4,"전력의 생산, 저장, 공급, 판매 및 거래 관련 사업 | 에너지저장장치(ESS), 배터리시스템, 전력변환장치(PCS), 에너지관리시스템(EMS), 배터리관리시스템(BMS) 및 관련 장비·부품·소재의 개발, 설계, 제조, 조립, 설치, 판매, 임대, 운영 및 유지보수업 | 변압기, 개폐기, 차단기, 보호계전기, 배전반, 수배전반, 전력케이블, 송배전기자재 및 기타 전력기기·전기기기의 개발, 설계, 제조, 조립, 설치, 판매, 임대, 운영 및 유지보수업 | 송전, 변전, 배전, 전력저장, 충전인프라 및 기타 전력설비의 개발, 설계, 엔지니어링, 조달, 시공, 감리, 운영 및 유지보수업 | 스마트그리드, 마이크로그리드, 가상발전소(VPP), 수요관리(DR), 전력거래·전력중개 플랫폼 및 관련 소프트웨어·시스템의 개발, 구축, 운영 및 서비스업 | 전력설비, 전기설비 및 에너지 관련 시설물의 기술용역, 엔지니어링, 컨설팅, 시험, 검사, 인증, 교육 및 연구개발업 | 전력산업 관련 기자재, 부품, 소재, 원재료의 제조, 가공, 매매, 수출입, 대리, 중개 및 무역업 | 방산물자, 군수품, 국방과학기술 및 관련 장비·부품·소재의 연구, 개발, 설계, 제조, 조립, 정비, 성능개량, 판매, 임대 및 유지보수업 | 지상, 해상, 항공, 우주, 무인체계, 전자·통신·감시정찰·항법·유도·제어·전원공급 장비 및 관련 시스템의 연구, 개발, 설계, 제조, 조립, 정비, 판매 및 유지보수업 | 국방용 소프트웨어, 인공지능, 정보보호, 사이버보안, 지휘통제, 시뮬레이터 및 교육훈련체계의 개발, 구축, 운영 및 서비스업 | 방산물자 및 국방과학기술의 수출입업, 판매업, 대리업, 중개업, 무역업 및 기술도입·기술이전·라이선스업 | 군납, 정부조달, 해외조달, 절충교역, 현지생산, 공동개발 및 후속군수지원 사업 | 전력산업 및 방위산업과 관련한 투자, 출자, 지분취득, 합작투자, 자산취득, 사업양수도 및 해외법인 설립·운영업"
2026H1reg,MSDI,코스닥,40,3,"인쇄업 | 실크인쇄업 | 태양광발전기기, 풍력발전기기 제조 및 도소매업 | 스마트제어시스템기기 제조 및 도소매업 | 전동리프팅기기(헬스케어) 제조 및 도소매업 | 조명기기(엘이디램프) 제조 및 도소매업 | 통신공사업 | 전기공사업 | 상온 및 상압 초전도 소재 및 제조공정의 연구개발 | 합금계 초전도체 등 초전도 소재의 연구개발, 제조 및 판매 | 금속 기반 합금계 초전도체의 설계, 합성 및 가공 기술 개발 | 초전도 소재의 전자구조 설계 및 결정구조 제어 기술 개발 | 초전도 소재 기반 산업용 소재 및 부품의 연구개발 및 제조 | 초전도 자석 기반 의료영상 장비의 연구개발, 제조 및 판매 | 소형 MRI 및 이동식 MRI 장비의 연구개발 및 사업화 | 초전도 기반 의료영상 및 진단 장비의 연구개발 및 제조 | 초전도 자석 및 산업용 고자기장 장비의 연구개발 및 제조 | 초전도 센서 및 첨단 산업용 장비의 연구개발 | 초전도 소재 기반 전력전달 및 전력 효율 향상 기술 개발 | 초전도 전력 케이블 및 전력기기 연구개발 및 제조 | 초전도 기반 고효율 전력 시스템 및 에너지 인프라 기술 개발 | 초전도 전력 인프라 구축 및 관련 장비 개발 | 합금계 초전도체를 활용한 데이터센터 전력 효율화 기술 개발 | 초전도 기반 데이터센터 전력 인프라 구축 및 운영 | 초전도 전력 기술 기반 Pilot 데이터센터 구축 및 실증사업 | 초전도 소재 기반 고효율 전기모터 및 구동 시스템의 연구개발, 제조 및 판매 | 자체 개발한 인공지능 기반 신소재 설계 플랫폼(SuperMatics)의 개발, 구축 및 운영 | 초전도체 및 첨단 기능성 소재의 조성 설계, 구조 설계 및 물성 예측을 위한 인공지능 기반 소재 설계 기술 개발 | 초전도체 및 첨단 소재의 합성 공정 및 제조 공정 설계를 위한 인공지능 기반 공정 설계 기술 개발 | 초전도체 및 첨단소재 후보물질 탐색 및 조성 최적화를 위한 데이터 기반 소재 설계 엔진 개발 | 소재 설계 데이터 및 실험 데이터를 통합한 소재 설계 데이터 플랫폼 구축 및 운영 | 인공지능 기반 소재 설계 소프트웨어 및 플랫폼의 개발, 판매 및 라이선스 사업 | 초전도 소재 합성, 소결 및 가공 공정기술 개발 | 레이저 어블레이션 및 박막 증착 장비의 연구개발, 제조 및 판매 | 초전도 소재 제조 및 증착 장비의 개발, 제조 및 판매 | 신소재 및 첨단소재 관련 연구개발 및 기술사업화 | 신소재 관련 기술 이전, 기술 자문 및 컨설팅 | 초전도 소재, 합금계 초전도체 및 첨단 신소재 기술을 기반으로 한 전력, 에너지, 의료, 정보기술, 데이터센터, 양자기술, 산업장비 및 기타 미래 산업 분야의 연구개발, 제조, 판매 및 사업화 | 인공지능 기반 소재 설계 기술, 데이터 기반 소재 개발 기술 및 관련 플랫폼의 구축, 운영 및 서비스 | 초전도 및 첨단소재 기술을 활용한 시스템, 장비, 인프라 및 관련 서비스의 개발, 구축, 운영 및 사업화"
2026H1reg,모바일어플라이언스,코스닥,13,5,"항공기, 우주선 및 부품 제조업 | 무선 및 위성 통신업 | 경영 컨설팅업 | AI 및 로봇 장비 판매업 | 매니지먼트 사업 | 데이터 센터 구축 및 공급업 | 분산원장 기술을 활용한 데이터 보관 및 인증 서비스업 | 전기통신공사업 및 정보통신공사업 | 재생에너지 발전사업 및 에너지 효율 관리업 | 클라우드 컴퓨팅 서비스 및 인프라 구축업 | 컴퓨터 시스템 통합 구축 및 관리업 | 가상자산 및 디지털 토큰 개발 및 공급업 | 블록체인 기반 소프트웨어 개발 및 공급업"
2026H1reg,비투엔,코스닥,16,4,"전력의 생산, 저장, 공급, 판매 및 거래 관련 사업 | 전기전자 체계 개발 및 유통업 | 전원 공급 시스템 개발 및 유통업 | 전력 관리 기술 개발 및 유통업 | 에너지저장장치(ESS), 배터리시스템, 전력변환장치(PCS), 에너지관리시스템(EMS), 배터리관리시스템(BMS) 및 관련 장비·부품·소재의 개발, 설계, 제조, 조립, 설치, 판매, 임대, 운영 및 유지보수업 | 변압기, 개폐기, 차단기, 보호계전기, 배전반, 수배전반, 전력케이블, 송배전기자재 및 기타 전력기기·전기기기의 개발, 설계, 제조, 조립, 설치, 판매, 임대, 운영 및 유지보수업 | 송전, 변전, 배전, 전력저장, 충전인프라 및 기타 전력설비의 개발, 설계, 엔지니어링, 조달, 시공, 감리, 운영 및 유지보수업 | 스마트그리드, 마이크로그리드, 가상발전소(VPP), 수요관리(DR), 전력거래·전력중개 플랫폼 및 관련 소프트웨어·시스템의 개발, 구축, 운영 및 서비스업 | 전력설비, 전기설비 및 에너지 관련 시설물의 기술용역, 엔지니어링, 컨설팅, 시험, 검사, 인증, 교육 및 연구개발업 | 전력산업 관련 기자재, 부품, 소재, 원재료의 제조, 가공, 매매, 수출입, 대리, 중개 및 무역업 | 방산물자, 군수품, 국방과학기술 및 관련 장비·부품·소재의 연구, 개발, 설계, 제조, 조립, 정비, 성능개량, 판매, 임대 및 유지보수업 | 지상, 해상, 항공, 우주, 무인체계, 전자·통신·감시정찰·항법·유도·제어·전원공급 장비 및 관련 시스템의 연구, 개발, 설계, 제조, 조립, 정비, 판매 및 유지보수업 | 국방용 소프트웨어, 인공지능, 정보보호, 사이버보안, 지휘통제, 시뮬레이터 및 교육훈련체계의 개발, 구축, 운영 및 서비스업 | 방산물자 및 국방과학기술의 수출입업, 판매업, 대리업, 중개업, 무역업 및 기술도입·기술이전·라이선스업 | 군납, 정부조달, 해외조달, 절충교역, 현지생산, 공동개발 및 후속군수지원 사업 | 전력산업 및 방위산업과 관련한 투자, 출자, 지분취득, 합작투자, 자산취득, 사업양수도 및 해외법인 설립·운영업"
2026H1reg,아이오케이이엔엠,코스닥,15,4,"전력의 생산, 저장, 공급, 판매 및 거래 관련 사업 | 전기전자 체계 개발 및 유통업 | 전원 공급 시스템 개발 및 유통업 | 전력 관리 기술 개발 및 유통업 | 에너지저장장치(ESS), 배터리시스템, 전력변환장치(PCS), 에너지관리시스템(EMS), 배터리관리시스템(BMS) 및 관련 장비·부품·소재의 개발, 설계, 제조, 조립, 설치, 판매, 임대, 운영 및 유지보수업 | 변압기, 개폐기, 차단기, 보호계전기, 배전반, 수배전반, 전력케이블, 송배전기자재 및 기타 전력기기·전기기기의 개발, 설계, 제조, 조립, 설치, 판매, 임대, 운영 및 유지보수업 | 송전, 변전, 배전, 전력저장, 충전인프라 및 기타 전력설비의 개발, 설계, 엔지니어링, 조달, 시공, 감리, 운영 및 유지보수업 | 스마트그리드, 마이크로그리드, 가상발전소(VPP), 수요관리(DR), 전력거래·전력중개 플랫폼 및 관련 소프트웨어·시스템의 개발, 구축, 운영 및 서비스업 | 전력설비, 전기설비 및 에너지 관련 시설물의 기술용역, 엔지니어링, 컨설팅, 시험, 검사, 인증, 교육 및 연구개발업 | 전력산업 관련 기자재, 부품, 소재, 원재료의 제조, 가공, 매매, 수출입, 대리, 중개 및 무역업 | 방산물자, 군수품, 국방과학기술 및 관련 장비·부품·소재의 연구, 개발, 설계, 제조, 조립, 정비, 성능개량, 판매, 임대 및 유지보수업 | 지상, 해상, 항공, 우주, 무인체계, 전자·통신·감시정찰·항법·유도·제어·전원공급 장비 및 관련 시스템의 연구, 개발, 설계, 제조, 조립, 정비, 판매 및 유지보수업 | 국방용 소프트웨어, 인공지능, 정보보호, 사이버보안, 지휘통제, 시뮬레이터 및 교육훈련체계의 개발, 구축, 운영 및 서비스업 | 방산물자 및 국방과학기술의 수출입업, 판매업, 대리업, 중개업, 무역업 및 기술도입·기술이전·라이선스업 118 군납, 정부조달, 해외조달, 절충교역, 현지생산, 공동개발 및 후속군수지원 사업 | 전력산업 및 방위산업과 관련한 투자, 출자, 지분취득, 합작투자, 자산취득, 사업양수도 및 해외법인 설립·운영업"
2026H1reg,스피어,코스닥,8,4,"인공지능(AI) 기반 머신러닝, 딥러닝 관련 소프트웨어 개발 및 공급 | 인공지능(AI) 기반 데이터센터의 구축, 운영, 관리 및 관련 서비스업 | 산업용 휴머노이드 로봇, 지능형 로봇, 의료용 로봇과 동 부품 및 시스템의 개발, 제조 및 판매업 | 스마트팩토리, 로봇자동화 기계, 설비 제조 및 판매업 | 로봇 부품 및 부분품 유통, 판매업 | 특수합금 및 기타금속 관련 국내·외 복합물류센터 운영 및 관련 서비스업 | 금속 단조제품 제조, 판매업 | 위성통신기기 및 위성시스템 관련 개발, 제조, 설치, 판매 및 부가통신사업"
2026H1reg,드림시큐리티,코스닥,10,3,"블록체인 관련 소프트웨어 개발 및 판매업 | 블록체인 관련 정보 서비스업 | 빅데이터, 인공지능(AI), 블록체인 데이터 분석 및 개발, 판매, 유지보수업 | 인공지능(AI), 가상현실(VR), 증강현실(AR) 관련 제품, 서비스 개발 및 공급업 | 인공지능 기반 버추얼 휴먼 활용 콘텐츠 제작 및 유통, 콘텐츠 활용 파생 사업 | 인공지능(AI) 활용한 디지털콘텐츠 제작업 및 유통, 서비스업 | 디지털트윈 소프트웨어 및 플랫폼 개발 및 그와 관련된 유통, 서비스업 | 가상 자산의 개발 및 매매, 중개업 | 무기체계·전자장비·통신장비 제조·조립·개량·정비 | 레이더·무기 시스템 관련 소프트웨어 개발 및 판매업"
2026H1reg,APS,코스닥,12,4,"디스플레이 관련 장비, 정밀부품 및 소재 제조, 판매, 세정, 보수업 | 반도체 관련 장비, 정밀부품 및 소재 제조, 판매, 세정, 보수업 | 이차 전지 관련 장비, 정밀부품 및 소재 제조, 판매, 세정, 보수업 | LED 전광판, 조명, 관련 장비 및 정밀부품 제조, 판매, 세정 및 보수업 | 태양전지 관련 장비, 정밀부품 및 소재 제조, 판매, 세정, 보수업 | 항공우주산업 관련 장비, 정밀부품 및 소재 제조, 판매, 세정 보수업 | 자동차, 조선, 방위산업 관련 장비, 정밀부품 및 소재 제조, 판매, 세정, 보수업 | 용사, 코팅 정밀부품 제조 및 관련 서비스업 | 통신 및 품질검사 관련 장비, 제반 치공구류 제조 및 유통업 | 화학물질, 박막강화유리 제조 및 유통업 | 수소 등 청정에너지 관련 장비 및 부품 제조, 판매업 | 수전해 설비, 수소연료전지 관련 장비 및 부품 제조, 판매업"
2026H1reg,퀀텀레일,코스닥,12,3,"양자 컴퓨팅 클라우드 서비스 플랫폼 구축 및 운영업(QaaS, Quantum as a Service) | 양자 컴퓨팅용 운영체제(OS) 및 소프트웨어 개발도구(SDK) 개발 및 공급업 | 범용 양자 컴퓨터 및 특정 목적형(ASIC) 양자 프로세서 소프트웨어 개발업 | 양자 암호 키 분배(QKD) 시스템 및 장비 개발, 제조 및 판매업 | 양자 난수 생성기(QRNG) 칩셋 및 하드웨어 개발 및 솔루션 공급업 | 양자 내성 암호(PQC) 알고리즘 및 보안 솔루션 개발업 | 양자 보안 통신망(Quantum Network) 구축, 운영 및 유지보수업 | 국방, 금융, 행정용 초보안 양자 통신 서비스업 | 인공지능(AI)과 양자 컴퓨팅을 결합한 하이브리드 데이터 처리 및 분석업 | 양자 기술 관련 지식재산권(IP)의 라이선스업 및 기술 컨설팅업 | 양자 컴퓨팅 교육 서비스 및 전문 인력 양성 사업 | 실시간 물리 시스템 제어를 위한 피지컬 인공지능(Physical AI) 알고리즘 및 솔루션 개발업"
2026H1reg,HT로보틱스,코스닥,7,4,"지능형 로봇, 자동화 시스템 및 관련 부품의 개발, 제조, 판매, 수출입업 | 피지컬 AI 기술을 활용한 하드웨어의 개발, 공급 및 자문업 | 산업용, 서비스용, 협동 로봇 등 각종 로봇 및 자동화 설비의 시스템 통합(SI), 설치, 유지보수, 대여.리스업 | AI 데이터센터용 냉각.열관리 부품(히트싱크, 콜드플레이트, CDU구성부품, 액침 냉각용 하우징 등)의 개발, 제조, 판매 및 수출입업 | 데이터센터용 에너지저장장치(ESS), 무정전전원장치(UPS) 및 전력 인프라 관련 알루미늄 방열.차폐 부품과 전기.전자 하우징의 제조, 가공, 판매 및 수출입업 | AI 서버 랙, 섀시, 마운팅 브래컷 등 데이터센터 인프라용 금속 구조 부품의 개발, 제조 및 판매업 | AI 데이터센터 구축 관련 설비.부품의 공급, 기술 컨설팅 및 관련 용역 서비스업"
2026H1reg,대동금속,코스닥,25,4,"철강, 비철금속 및 경금속(알루미늄, 마그네슘, 티타늄 등)과 각종 합금소재의 제조, 가공, 주조, 단조, 압연, 압출, 연신 및 판매 | 금속 소재의 열처리, 표면처리, 코팅, 후처리 및 정밀가공업 | 알루미늄 잉곳, 빌렛 등 금속 기초소재의 제조 및 판매 | 금속소재 기반 구조부품, 기능부품 및 산업부품의 제조 및 판매 | 이종금속 접합 및 복합소재 금속부품의 제조 및 판매 | 주문자상표부착생산, 제조자개발생산, 공동개발 및 위탁생산 사업 | 농업기계, 건설기계, 산업기계용 금속 및 주물부품의 제조 및 판매 | 자동차, 전기자동차, 자율주행, 철도, 항공우주용 금속소재 및 부품의 제조 및 판매 | 방산·군납·우주·항공용 고신뢰성 금속소재 및 부품의 제조 및 판매 | 로봇, 스마트팩토리 및 자동화 설비용 금속부품의 제조 및 판매 | 의료기기 및 그 부품의 제조 및 판매 | 신재생에너지 설비용 금속부품 및 구조물의 제조 및 판매 | 수소, 연료전지, 배터리 등 에너지 관련 금속부품 및 소재의 제조 및 판매 | 탄소저감 및 친환경 공정 관련 금속소재, 설비의 제작 및 판매 | 금속소재 및 공정기술에 대한 연구개발, 시험, 분석 | 신소재, 신공정, 공정자동화 및 디지털 제조기술의 개발 및 사업화 | 기술개발, 기술도입, 기술이전 및 첨단소재 기반 사업화 | 지식재산권(특허, 실용신안, 상표 등)의 취득, 관리 및 라이선싱 | 금속소재 및 산업부품의 유통, 무역, 수출입업 | 전자상거래 및 인터넷 기반 사업 | 산업설비 유지보수, 기술지원 및 컨설팅 서비스업 | 제품 보관 및 창고업 | 신사업 발굴, 투자, 인수합병(M&A), 합작투자 | 국내외 법인 및 지점 설립, 지분 투자 | 시설·기계 등과 이에 관련된 부동산 및 재산권의 대여 및 투자"
2026H1reg,다이나믹솔루션,코스닥,35,4,"산업용 로봇, 배전반, 전기 자동제어반, 자동측정 및 제어장치, 산업처리공정 제어장비 제조업 | 전기·전자제품, 전자장비, 제조장비 및 기타장비 개발, 제조, 도소매, 유통업 | 기초 무기화학물질, 알루미늄·마그네슘·스트론튬·바륨 산화물 및 과산화물, 도료, 유기 혼합용제 제조업 | 의료기기 제조업 | 의료기기 판매업 | 의료기기 연구개발, 유통, 렌탈, 유지보수 및 자문업 | 의료기기 도소매 및 무역업 | 의료용·환경·공업용 바이오센서 및 분석기기 개발, 제조, 판매업 | 의약품 제조업 | 의약부외품·위생용품 연구개발, 제조, 판매, 유통업 | 의학연구개발업 | 디지털 헬스케어 제품 및 서비스 개발, 제조, 판매업 | 원격의료사업 | 건강관리서비스업 | 의료관련 데이터베이스를 이용한 프로그램 제작, 판매 및 서비스업 | 인간의 질병 진단·치료·예방 관련 제품 및 서비스업 | 인공지능 솔루션·알고리즘 연구, 개발, 판매업 | 인공지능·가상현실(VR)·증강현실(AR) 관련 제품 및 서비스 개발·공급업 | 인공지능 클라우드 데이터센터(AI CLOUD DATACENTER) 구축, 렌탈 및 리스업 | 인공지능 데이터(AI DATA) 개발, 정보 제공업 | 시스템응용,소프트웨어 개발, 판매, 임대 및 공급업 | 컴퓨터 프로그래밍, 시스템 통합 및 관리업 | 데이터베이스 구축, 운영, 전산서비스 및 온라인 정보제공업 | 정보통신기기 제조, 판매 및 유통업 | 모바일 콘텐츠, 온라인 서비스, 정보서비스 및 전자상거래업 | 교육 콘텐츠 개발 및 서비스업 | 가상자산 투자, 매매 및 중개업 | 블록체인 기반 디지털 자산의 개발, 유통, 판매업 | 토큰 발행 및 토큰증권(STO) 관련 사업 | 여신금융업(소비자금융 및 기업금융) | 금융업 및 투자운용업 | 화장품 제조, 유통, 판매업 | 미용기기 및 전자제품 제조, 유통, 판매업 | 농축산물의 가공, 제조, 유통, 판매 및 수출업 | 자연과학, 공학 및 기술 연구개발업"
2026H1reg,신화프리텍,코스닥,8,4,산업용로봇 및 자동화로봇 제작업 | 항공기부품 제작업 | 방산부품 제작업 | 원자력 및 핵융합설비 제작업 | 금형 및 금형부품 제작업 | 자동차부품 제작업 | 금속열처리?도금 및 기타 금속 가공업 | 부동산 및 설비 임대업
2026H1reg,가온전선,유가증권,4,3,"영구자석을 포함한 희토류 소재 및 응용제품의 제조,가공 및 판매업 | 지능형 로봇 및 액추에이터의 설계, 제조 및 판매업 | 인공지능(AI) 기반 소프트웨어 개발 및 공급업 | 토큰발행 및 토큰 증권(STO) 관련 사업"
2026H1reg,만호제강,유가증권,6,3,"무역업 | 전자부품 및 자동차부품 제조업 | 기계부품 가공업 | 로봇 , 로봇 부품 제조 및 판매업 | 인공지능 (AI) 데이터센터의 구축 , 운영 및 임대업 | 데이터센터 관련 부동산의 개발 , 취득 , 임대 및 운영업"
2025H1reg,아이로보틱스,코스닥,8,3,I. 태양광발전 재생에너지의 생산 및 판매업 | I. 구동장치 개발 제조 판매 | I. 동력전달장치 개발 제조 판매 | I. 로봇 감속기 개발 제조 판매 | I. 방산장비용 고효율 웜기어 및 감속장치 개발 제조 판매 | I. 탄소배출권 거래플랫폼 구축 운영 | I. 블록체인 기반 탄소배출권 거래 증명시스템 | I. 신재생에너지 발전시스템
2025H1reg,에코글로우,코스닥,10,3,"신재생에너지 관련 설비, 장비, 기계장치 및 부품 제조업 | 전동기,발전기 및 전기변환장치 제조, 판매업 | 무인항공기제품 및 부품 제조업, 조립가공업, 판매업 및 수출입업 | 인공지능(AI) 기반 데이터베이스업 및 정보처리업 | 인공지능(AI) 기반 데이터 및 정보의 축적, 배급, 판매업 | 의약품 제조,유통 판매업 | 의료기기 제조/도소매,판매업 | 방송 및 통신 플랫폼 사업 | 방송제작 및 배급업 | 엔터테인먼트관련 투자업"
2025H1reg,코칩,코스닥,9,4,AI 컴퓨터서버용 이차전지 개발업 및 판매업 | 드론용 이차전지 개발업 및 판매업 | 휴머노이드용 이차전지 개발업 및 판매업 | 바이오 생체삽입형 의료기기용 이차전지 개발업 및 판매업 | 전자부품 유통업 | 전자부품 관련 전자상거래 사업 | 해외자회사에 대한 투자업 | 특허권 및 특허관련 기술제공 서비스업 | 부동산 임대업 및 매매업
2025H1reg,포톤,코스닥,11,4,"생체인증관련 연구개발 및 제품 제조 판매업 | 전자부품, 반도체소자 설계 제조, 설계용역 및 교육서비스업 | 큐비트 방식을 적용한 광원 광센서 일체형 모듈 제조 및 판매업 | 큐비트 방식을 적용한 바이오, 메디컬 디바이스 및 시스템 개발 제조 판매업 | 큐비트 방식을 적용한 태양광패널, 이미지센서, 반도체, 평판 디스플레이 및 관련제품, 부품의 연구개발 제조, 판매 및 수출입업 | 큐비트 방식을 적용한 전자계측기기의 제조, 교정, 검사 장비 개발 및 판매업 | 큐비트 방식을 적용한 비즈니스 어플리케이션 개발, 서비스제공 등의 융복합 사업 | 드론, 농기계, 자동차 등 모든 운행장비 부품 및 소프트웨어 개발, 제작 및 판매 | 인공지능 (AI), 딥러닝, 행위기반 데이터 수집, 분석, 개발 및 기술정보 제공업 | 자율주행차 관련 소프트웨어 개발과 기술정보제공 및 부품 개발업 | 블록체인 플랫폼, 보안솔루션 및 어플리케이션 개발 및 운영사업"
2025H1reg,데이터스트림즈,코넥스,14,5,"데이터 패브릭 솔루션 판매, 기술자문 및 용역 | DX, Data Driven 컨설팅 및 관련 서비스 개발 | AI기반 정보시스템 개발 및 용역 | 로봇시스템 개발, 제조, 임대 및 도소매업 | 전자 자금결제 대행업 및 결제자금 예치업 | 온라인 통신 중개업 및 판매업 | 초소형 원자력 모듈 및 시스템 개발 공급 | 전자인증 서비스업 | 포인트 마일리지 사업 | 항공기, 우주선 및 부품 제조업 | 초경량 비행장치 및 UAM, 드론 등 사용사업 | 국내외 항공운송업 및 항공기 사용사업 | SOC기반 정보시스템 개발 및 구축 | 기타 전기장비 제조업"
2026post,더코디,코스닥,47,7,"위 사업과 관련 제품 및 로봇·자동화설비의 수입 판매, 설치, 시운전, 개조 개선, 유지 보수 및 수리업 | 전기 자동차 배터리팩, 로봇용 전원장치, 전력변환장치 및 주변장치 제조 및 판매업 | 방송프로그램 제작 및 배급업, 방송채널사용사업 및 기타 방송사업 | 인터넷방송, 소셜 미디어, 메신저, 숏폼·라이브 스트리밍 등 미디어사업 및 그와 관련된 콘텐츠(인공지능 기반 콘텐츠 포함)의 제작, 유통, 라이선스 및 서비스업 | 광고 제작 및 대행업, 광고매체판매업, 옥외광고업, 온라인·모바일 광고업, 인플루언서 마케팅 및 소셜 미디어 마케팅 대행업 | 국내외 공연, 전시, 이벤트 및 문화예술분야의 기획, 제작, 투자, 알선 및 판매업 | 스포츠, 연예인 등 공인 에이전시업 및 크리에이터·인플루언서 매니지먼트(MCN)업 | 컴퓨터, 서버, GPU, 주변기기 및 통신기기관련제품의 제조, 판매, 대여 및 임대업 | 시스템 통합(SI), 정보처리시스템 및 소프트웨어(인공지능 소프트웨어, 솔루션, 플랫폼 포함)의 연구개발, 개발, 판매, 임대, 유지보수 및 서비스업 | 정보통신, 전기 및 기계설비 관련 공사업 | 컴퓨터 정보처리, 로봇 및 인공지능 관련 교육, 자격인증, 교구·콘텐츠 공급업 | 온라인 서비스업, 정보자료처리업 및 정보통신서비스업 | 산업용로봇, 협동로봇, 제조용 로봇 및 에이아이(AI) 산업용 로봇의 연구개발, 제조, 판매업 및 서비스업 | 반도체, 이차전지, 태양전지 제조용 기계 및 로봇 자동화·스마트팩토리 설비의 설계, 제조, 시공, 판매업 | 서비스로봇(물류·배송·안내·청소·방역·조리·의료·재활·돌봄·교육용·가정용 로봇 등)의 연구개발, 제조, 판매업 및 서비스업 | 지능형로봇, 휴머노이드 로봇 및 인공지능 기반 자율로봇의 연구개발, 제조, 판매업 및 서비스업 | 산업용, 연구용, 군사용, 전문서비스용 로봇 하드웨어 및 소프트웨어의 개발, 제작, 판매, 수출입, 임대, 가공 및 용역업 | 천문, 우주, 항공, 해양, 방송, 무대 및 특수환경용 로봇·자동화장치 하드웨어 및 소프트웨어의 개발, 제작, 판매, 수출입, 임대, 가공 및 용역업 | 드론 및 무인이동체(무인항공기·무인차량·무인선박)와 자율주행장치의 개발, 제조, 판매 및 운용서비스업 | 로봇 부품(감속기, 서보모터, 액추에이터, 센서, 그리퍼, 제어기, 구동모듈 등) 및 관련 소재의 연구개발, 제조, 판매업 및 서비스업 | 유공압기기, 정밀기계 및 구동장치의 제조 및 판매업 | 유무선 원격자동 계측 및 제어시스템의 개발, 제조, 판매업 | 쌍안경, 단안경, 현미경, 거리측정기, 속도측정기, 열화상기기, 카메라 및 비전센서 등 각종 광학기기·부품·관련장비의 제조, 도소매 및 수출입업 | 로봇 제어 소프트웨어, 로봇운영체제, 로봇 관제·통합 플랫폼 및 자율주행 소프트웨어의 개발, 판매, 임대 및 서비스업 | 로봇 임대업 및 로봇 구독형 서비스(RaaS) 제공업 | 로봇 운용·대행 서비스업 및 로봇 기반 무인화 솔루션 서비스업 | 로봇 기반 무인판매업 및 자동판매기 운영업 | 타회사의 주식 또는 지분을 취득·소유함으로써 그 회사 제반사업 내용의 지배·경영지도 및 육성 | 브랜드, 상표권, 특허권, 캐릭터 등 지식재산권 및 노하우 기술의 취득, 관리, 판매, 임대, 라이선스업 및 무형재산권의 중개, 알선, 임대업 | 과학, 로봇공학 및 인공지능 분야 서적, 정기간행물 및 교습지의 출판업, 만화·웹툰 출판업 및 도소매, 수출입업 | 인공지능 기반 서비스형 소프트웨어(SaaS), 클라우드 컴퓨팅, 호스팅 및 관련 서비스업, AI 에이전트 및 API 서비스 제공업 | 인공지능 반도체, AI 연산장치 및 AI 데이터센터·컴퓨팅 인프라의 개발, 구축, 운영 및 임대업 | 인공지능·로봇 학습용 데이터 및 이용자 데이터의 수집, 가공, 라벨링, 분석, 판매업, 데이터베이스 검색·개발·구축·운영업 및 데이터 거래·중개업 | 인공지능 기반 검색엔진, 추천 시스템 및 정보검색 서비스업 | 인공지능 및 빅데이터 기반 여론조사, 시장조사 및 리서치업 | 인공지능 기술을 활용한 의료·헬스케어, 금융, 교육, 제조, 유통, 마케팅, 보안, 자율주행, 로봇 등 산업별 응용 솔루션의 개발 및 서비스업 | 인공지능 관련 기술·기업에 대한 투자 및 사업개발업 | 소셜 네트워크 서비스(SNS) 및 온라인 커뮤니티 플랫폼의 개발, 운영 및 서비스업 | 부가통신사업, 기간통신사업(유선·무선통신업) 및 인터넷 정보 제공업 | 위치정보사업, 위치기반서비스업 및 지도제작업 | 온·오프라인 연계(O2O) 서비스업 및 플랫폼 중개업 | 팬덤 커뮤니티 서비스, 구독형 멤버십 서비스 및 유료 콘텐츠 제공업 | 온라인 여행 예약·중개 플랫폼업 및 종합여행업 | 음반물, 영상물, 사진, 출판물, 만화, 웹툰 등의 유선 및 무선 대리중개업 | 저작권 및 저작인접권 등의 대리중개업과 음악, 영상, 출판물 관련 저작권 관리업 | 직업정보제공사업 및 온라인 인재·용역 매칭 플랫폼업 | 기타 위 각호에 부대되는 사업 일체 및 필요 또는 유익한 사업의 영위 및 투자"
2026post,금양,유가증권,6,3,데이터 센터 전력 공급 및 에너지 관리 사업 | ESS 및 에너지 저장 장치 관련 사업 | 데이터 센터 열 관리 사업 | 데이터 센터 설비 및 장비의 유지 보수 사업 | 데이터 센터 보안 사업 | 에이아이(AI) 플랫폼 및 에이아이(AI) 서비스 사업
2026post,다보링크,코스닥,64,4,"로봇, 로봇 부품제조 및 판매업 | 로봇 자동화 기계, 설비 제조 및 판매업 | 산업용, 연구용, 군사용, 전문서비스용, 로봇 하드웨어 및 소프트웨어 수출입, 개발제작, 임대, 가공 및 용역업 | 지능형로봇 제조 및 판매업 | 지능형로봇 부품 제조 및 판매업 | 산업용로봇 제조 및 판매업 | 로봇부품 및 부분품 유통업 | 군사용로봇 제조 및 판매업 | 극한작업용로봇 제조 및 판매업 | 로봇 및 로봇시스템의 연구, 개발, 제조, 생산, 판매 및 유통업 | 산업용 로봇, 서비스로봇, 협동로봇 및 자동화설비 제조업 | 로봇부품, 센서, 제어장치, 구동장치 및 주변기기 제조·판매업 | 인공지능(AI) 기반 로봇 소프트웨어 개발 및 공급업 | 로봇 관련 수출입업 및 무역업 | 로봇 관련 플랫폼 구축 및 데이터 서비스업 | 광 트랜시버 칩의 연구개발, 설계, 제조 및 판매업 | 광반도체, 광집적회로(PIC), 실리콘 포토닉스 칩의 연구개발, 제조 및 판매업 | 광통신용 송수신 모듈 및 부품의 연구개발, 제조 및 판매업 | 광통신용 장치 및 광 계측기 제작 및 판매 | 엔터테인먼트업 | 엔터테인먼트관련 투자 컨설팅업 | 매니지먼트업 | 멀티미디어 콘텐츠 개발,기획,제작 및 판매 | 뉴미디어서비스 사업 및 그와 관련된 제작유통, 서비스업 | 음악 콘텐츠 제작, 배급 및 유통판매 | 공연기획 및 제작 | 영상기획, 제작 및 판매 | 방송용(공중파, 위성, 케이블, 인터넷 및 기타방송) 프로그램의 제작 및 국내외 판권구입, 배급, 상영, 판매업 | 영화, 드라마, 뮤지컬, 애니메이션 등 각종 영상 프로그램 제작 및 투자, 국내외 판권구입, 배급, 상영, 판매업 | 비디오, DVD, VCD, VOD, DMB등 영상물의 제작, 복사, 서비스 및 국내외 판매업 | PPL 및 BPL등을 통한 광고 대행업 | 광고행사 기획 및 국내외 프로모션 | 광고물 제작 대행업 | 캐릭터, 게임물 등의 제작, 수출, 배급 및 기타 관련사업 | 연예대행업(흥행알선) | 연예보조업 | 인터넷 광고업 | 인터넷 서비스 | 음반의 제작 및 유통 판매업 | 음반의 도소매업 | 각종 음향물 녹음제작업 | 저작권 대리중개업- 이벤트사업(각종행사의 기획, 연출, 제작) | 인테리어(방송국실내인테리어) | 외식사업 | 의류, 신발용품 도소매업 및 무역업 | 식자재 및 가공식품 유통업 | 신재생에너지 사업 | 신에너지 개발 및 제조업 | 신재생에너지 개발 및 제조업 | 세포 치료제 및 치료기술 연구개발 및 제조업 | 의약외품 및 의약품 원료 연구개발 및 제조업 | 화장품 및 화장품 원료 연구개발 및 제조업 | 외국인 환자 유치업 | 바이오 의약품 및 의약품 원료 연구 개발 및 제조업 | 화장품 개발, 제조, 마케팅 및 유통관련업 | 세포 가공 및 세포 배양 관련 연구개발 및 제조업 | 건강기능식품 및 건강기능식품 원료 연구개발 및 제조업 | 의료진단장비 연구개발 및 제조업 | 원자재 수출입업 | 액체연료 및 관련제품 도매업 | 염료 안료 관련제품 도매업 | 기타 화학물질 및 화학제품 도매업 | 기타 화학제품 제조업 | 잉크 페인트 코팅제 세제 제조업"
2026post,엠젠솔루션,코스닥,24,3,"부동산 매매업, 임대업 및 부동산 관리업 | 원유정제분해업 | 벙커씨(Bunker-C), 벙커비(Bunker-B) 크래킹 고도화사업 | 나프타 크래킹 석유화학업 | 신재생에너지, 폐기물 및 폐자원 기반 전기, 발전사업 | 전기, 발전사업 개발, 건설 및 운영 유지관리사업 | 에너지저장(ESS)관련 설비의 개발, 제조, 설치 및 운영사업 | 환경 및 의료폐기물, 에너지, 산업플랜트의 설계, 제작, 시공(설치) 및 운영사업 | 각종 플랜트, 열분해 및 고분자분해 산업설비의 제조 판매, 임대 및 유지보수사업 | 폐기물 및 폐자원의 열분해 및 자원화사업 | 폐플라스틱, 폐타이어, 폐윤활유 등 폐기물 재활용사업 | 폐기물(의료폐기물) 및 폐자원의 수집, 운반 처리업 | 대체에너지, 석유화학, 원유정제 파생상품 등 위험물 주선 및 특수차량 운수업 | 각종플랜트 관련 기술용역 및 위탁관리운영 용역업 | 데이터센터(인공지능 데이터센터 및 고성능 컴퓨팅 시설 포함)의 개발, 건설, 소유, 운영 및 관리업 | 데이터센터 시설의 임대업 및 코로케이션(Colocation) 서비스업 | 서버 호스팅 및 관련 데이터 처리 서비스업 | 전기설비 및 냉각설비의 설치, 운영 및 유지관리업 | 부가통신사업 | 부동산 개발 및 공급업 | 부동산 개발 관련 기획, 컨설팅 및 자문업 | 토지 매입, 개발 및 분양업 | 부동산 투자 및 프로젝트 금융 관련 업무 | 제1조(시행일) 본 정관은 2026년 10월 13일부터 시행한다."
2026post,모아데이타,코스닥,42,4,"소프트웨어 개발, 자문 및 공급업, 컴퓨터 프로그래밍업, 시스템 통합 자문·구축 및 관리업 및 정보처리 서비스업 | 하드웨어, 컴퓨터 주변기기 및 영상·음향기기의 개발, 제조 및 공급업 | 소프트웨어, 컴퓨터 및 주변기기, 서버, 스토리지, 네트워크 장비 등 IT 관련 장비의 판매, 유통 및 도소매업 | 전자상거래 및 통신판매업 | 시스템 통합 자문·구축·운영·관리 및 정보처리 서비스업 | 컴퓨터 및 주변기기, 소프트웨어, 서버 및 IT 장비의 서비스, 판매, 유통, 도소매 및 임대업 | 아이티(IT) 관련 컨설팅, 통합 솔루션 제공 및 시스템의 기획, 설계, 구축, 운영, 관리 및 유지보수 사업 | 아이티(IT) 관련 교육사업, 호스팅 및 관련 서비스업 | 하드웨어, 소프트웨어, IT 관련 장비 및 솔루션의 판매, 재판매 또는 임대업 (중략) | 무선통신 장비, 유·무선 네트워크 장비 및 5G 네트워크 장비의 개발, 제조, 조립, 판매, 유통 및 수출입업 | 서버, 스토리지, 네트워크 장비, 5G 네트워크 장비 등 IT 인프라 장비와 AI 인프라 및 데이터센터 관련 장비·부품의 개발, 제조, 조립, 판매, 유통, 도소매 및 수출입업 | 서버 및 IT 장비의 설치, 구축, 운영, 유지보수 및 기술용역 서비스업 | 데이터센터, 인터넷데이터센터(IDC), AI 데이터센터 및 집적정보통신시설의 기획, 개발, 설계, 시공, 구축, 이전, 소유, 임대, 운영, 관리, 유지보수 및 이와 관련된 컨설팅, 용역 및 공사업 | AI 서비스업(AI 베어메탈, AI 컴퓨팅 플랫폼, AI 에이전트, AI 로보틱스 및 기타 AI 시스템·서비스) | 데이터센터 관련 에너지 효율화, 신재생에너지 및 탄소배출권 관련 사업 | 데이터베이스 및 온라인 정보 제공업 | 정보통신업 및 기타 컴퓨터 운영 관련 서비스업 | 비주거용 건물 및 창고·운송 관련 시설 건설업 | 게임 소프트웨어 및 모바일·온라인·컴퓨터·콘솔 게임의 개발, 제작, 생산, 제조, 유통, 판매, 서비스 및 퍼블리싱(배급)업 | 가상현실(VR), 증강현실(AR) 및 확장현실(XR) 콘텐츠 개발 및 공급업 | 게임 캐릭터 및 브랜드 지식재산권(IP)의 라이선스, 제작 및 판매업 | 디지털 콘텐츠 제작, 유통, 판매 및 중개 서비스업 | 광고 대행, 마케팅 프로모션 및 인터넷 광고 관련 사업 | 게임 관련 상품 및 서비스의 유통, 무역업 및 수출입업 | 각종 상품의 도매 및 소매업 | 전기식 칠러용 부품의 개발, 제조 및 판매업 | 반도체 온도검사 관련 장비·부품·모듈 및 온도검사용 방열구조체의 개발, 제조, 조립, 판매, 수리 및 교환(AS)업 | 지피유(GPU) 및 씨피유(CPU) 방열용 액냉식 콜드플레이트의 개발, 제조 및 판매업 | 데이터센터용 열관리 시스템의 설계, 구축 및 보수업 | 데이터센터용 랙 및 관련 설비의 개발, 제조 및 판매업 | 데이터센터용 액체냉각 시스템 및 냉각장치의 개발, 제조 및 판매업 | 산업용 냉장 및 냉동장비 제조업 | 증류기, 열교환기 및 가스발생기 제조업 | 반도체 소자, 전자부품 및 반도체 장비용 핵심 부품·소재·전장품의 개발, 제조 및 판매업 | 반도체 제조용 기계 및 장비의 개발, 제조, 판매 및 유통업 | 반도체 검사장비 및 물질 검사·측정·분석기구의 개발 및 제조업 | 반도체 및 평판디스플레이(FPD) 제조용 장비 부품의 가공 및 표면처리업 | 반도체 장비의 설치(셋업), 개조(Retrofit), 유지보수 및 수리업 | 반도체 관련 기술용역, 시스템 엔지니어링 및 컨설팅업 | 반도체 장비 및 부품의 수출입업 및 무역대행업 | 산업용 기계 및 장비 수리업 | 연구개발업"
2026post,베노티앤알,코스닥,35,3,"반도체,LCD,OLED,태양광, 2차전지 장비 제조업 | 초순수설비 | 정수설비 | 산업용 플랜트설비 | 정밀화학 화학물 제조 및 판매업 | 자동화기기와 동 부품 및 시스템의 조 및 도,소매업 | 자동측정, 제어장치와 동 부품 및 시스템의 제조 및 도,소매업 | 지능형 자동화 장비와 동 부품 및 시스템의 제조 및 도,소매업 | 스마트팩토리 물류자동화 기계장비 제조 및 도,소매업 | 폐전지 재활용업 | 기계설비공사업 | 기계설비공사 관련자재 도소매업 및 무역업 | 기계설비공사 관련 장비임대업 | 가스공사업 | 가스공사 관련 자재 도소매업 및 무역업 | 가스공사 관련 장비임대업 | 제조업, 도소매업 | 환경설비 | 폐기물 재활용업 및 처리업 | 폐유 정제 및 재생유 제조업 | 석유류 및 석유화학제품 제조업 및 판매업 | 폐기물 수집, 운반 및 중간 처리업 | 태양광 폐패널 재활용업 | 비철금속제품의 제조 및 판매업 | 기타 화학 물질 및 화학제품 판매업 | 수처리용 필터 및 역삼투막 제조 및 판매업 | 마이크로 그리드 운용 설치업 | 태양광 발전시스템 구축 및 운영업 | 태양열 발전시스템 구축 및 운영업 | 로봇용 소형에너지 발전장치업 | 에너지저장장치 개발 및 제조업 | 전기판매업 | 부동산개발업,부동산공급업,건물신축판매업 | 전기차 충전소 개발 및 판매업 | 운수 및 창고업"
2026post,벡트,코스닥,12,3,"벡트로보틱스 | 라고 부른다. 또한, 영문회사명으로는 VECT | Robotics | VECT Robotics | 로봇, 로봇 부품 및 피지컬 인공지능(AI) 기반 제조용·국방용·특수목적용 로봇 시스템의 연구개발, 제조 및 판매업 | 로봇 자동화 기계·설비 및 시스템의 제조, 판매, 시스템 통합(SI), 구축, 운영 및 유지보수업 | 인공지능(AI) 및 로봇 관련 기술 자문, 컨설팅, 교육, 교육서비스 및 연구개발업 | 인공지능(AI) 기반 소프트웨어 및 알고리즘 개발업 | 로봇 제어용 소프트웨어 및 운영 플랫폼 개발업 | 로봇 시뮬레이션, 디지털 트윈 및 가상환경 기반 엔지니어링 소프트웨어 개발업 | 데이터 분석, 머신러닝, 지식그래프 및 검색증강생성(RAG) 기반 시스템 개발업 | 클라우드 기반 소프트웨어 서비스 및 플랫폼 구축 및 운영업"
2026post,광진실업,코스닥,43,5,"세포치료제의 개발, 제조, 판매 및 도소매업 | 세포배양을 위한 배양액 원료의 개발, 제조, 판매 및 도소매업 | 생물학적 제제의 개발, 제조, 판매, 도소매업 | 의료기기의 개발, 제조, 판매 및 도소매업 | 생체재료의 개발, 제조, 판매 및 도소매업 | 동물의약품 및 동물의료기기의 제조, 개발, 판매 및 도소매업 | 의약품, 의약부외품, 수의약품(獸醫藥品)의 개발, 제조, 판매 및 도소매업 | 의료용품, 의료용구, 위생용품의 개발, 제조, 판매 및 도소매업 | 건강기능식품의 개발, 제조, 판매 및 도소매업 | 화장품의 개발, 제조, 판매 및 도소매업 | 의약품 원료, 건강기능식품 원료, 화장품 원료의 제조, 판매 및 소분매매업 | 로봇, 로봇 부품제조 및 판매업 | 로봇 자동화 기계, 설비 제조 및 판매업 | 산업용, 연구용, 군사용, 전문서비스용, 로봇 하드웨어 및 소프트웨어 수출입, 개발제작, 임대, 가공 및 용역업 | 지능형로봇 제조 및 판매업 | 지능형로봇 부품 제조 및 판매업 31, 산업용로봇 제조 및 판매업 32, 로봇부품 및 부분품 유통업 | 군사용로봇 제조 및 판매업 | 극한작업용로봇 제조 및 판매업 | 로봇 및 로봇시스템의 연구, 개발, 제조, 생산, 판매 및 유통업 | 산업용 로봇, 서비스로봇, 협동로봇 및 자동화설비 제조업 | 로봇부품, 센서, 제어장치, 구동장치 및 주변기기 제조·판매업 | 인공지능(AI) 기반 로봇 소프트웨어 개발 및 공급업 39 로봇 관련 수출입업 및 무역업 | 로봇 관련 플랫폼 구축 및 데이터 서비스업 | 광 트랜시버 칩의 연구개발, 설계, 제조 및 판매업 | 광반도체, 광집적회로(PIC), 실리콘 포토닉스 칩의 연구개발, 제조 및 판매업 | 광통신용 송수신 모듈 및 부품의 연구개발, 제조 및 판매업 | 광통신용 장치 및 광 계측기 제작 및 판매 | 광소자 패키징 도급 용역 | 광소자 및 광소자 패키징 기술개발 용역 | 광센서 부품 개발 및 제조, 판매 | 광센서 응용기기 개발 및 제조, 판매 | 광학부품, 광케이블 및 광통신 관련 소재의 제조 및 판매업 | 통신장비, 데이터센터 및 AI 서버용 광통신 부품의 개발 및 판매업 | 전기, 전자, 통신기기의 개발 및 제조, 판매 | 차전지 배터리 셀 모듈 제조, 판매, 유통 및 수출입업 | 차전지 모듈부품 제조, 판매, 유통 및 수출입업 | 퍼스널모빌리티 배터리 팩 제조, 판매, 유통 및 수출입업 | 전기자동차(2륜, 3륜, 4륜) 제조, 판매, 유통 및 수출입업 | 전기자동차(2륜, 3륜, 4륜), 퍼스널모빌리티 관련 부품 제조, 판매, 유통 및 수출입업 | 전기자동차(2륜, 3륜, 4륜) 관련부품 악세서리 제조, 판매, 유통 서비스 및 수출입업 | 비철금속 제조업 | 비철금속 유통업 | 비철금속 판매업"
2026post,비케이홀딩스,코스닥,23,3,"디스플레이 제조 및 판매업 | 디스플레이 제조 연구, 개발업 | 디스플레이 관련 설비건설 및 컨설팅업 | 액정화면 제조 및 판매업 | 필름 도소매업 | 필름 제조, 공정, 가공업 | 필름 코팅업 | 산업용 재화 도소매업 | 자동문 제조 및 도소매업 | 창호 제조 및 도소매업 | 유리 제조 및 도소매업 | 서버, 스토리지, 네트워크 장비 등 IT 인프라 장비의 제조, 조립, 판매 및 유통업 | AI 인프라 및 데이터센터 관련 장비·부품의 도소매 및 수출입업 | 서버 및 IT 장비의 설치, 구축, 운영, 유지보수 및 기술용역 서비스업 | 데이터센터, 인터넷데이터센터(IDC), AI 데이터센터 및 집적정보통신시설의 기획, 개발, 설계, 시공, 구축, 이전, 소유, 임대, 운영, 관리, 유지보수 및 이와 관련된 컨설팅, 용역, 공사업 | AI 서비스업 ― AI 베어메탈, AI 컴퓨팅 플랫폼, AI 에이전트, AI 로보틱스 및 기타 AI 시스템·서비스 일체 | 데이터센터 관련 에너지 효율화, 신재생에너지 및 탄소배출권 관련 사업 | 데이터베이스 및 온라인 정보제공업 | 한국전자통신연구원이 출자 또는 이전한 기술의 사업화 | 투자업 및 투자자문업 | 석탄재 등 산업부산물 및 순환자원의 수집·운반·처리·재활용 및 이를 활용한 제품의 제조·판매업 | 석탄재 및 광물자원으로부터 희토류·희소금속 등 유가금속의 추출·분리·정제·가공 및 제조·판매·수출입업 | 이산화탄소 포집·활용(CCU) 기술을 이용한 시멘트·콘크리트 혼화재 등 건설자재의 제조·판매업 및 온실가스 배출권의 확보·거래·중개업"
2026post,넥사다이내믹스,코스닥,7,3,"서버, 스토리지, 네트워크 장비 등 IT 인프라 장비의 제조, 조립, 판매 및 유통업 | GPU 서버 및 고성능 컴퓨팅(HPC) 시스템의 제조, 조립, 판매, 임대 및 유지보수업 | AI 인프라 및 데이터센터 관련 장비·부품의 도매, 소매 및 수출입업 | 서버 및 IT 장비의 설치, 구축, 운영, 유지보수 및 기술용역 서비스업 | 데이터센터의 시행, 개발, 운영 및 관리업 | 데이터센터 시설의 기획, 설계, 시공 및 임대업 | AI 서비스업 ― AI 베어메탈, AI 컴퓨팅 플랫폼, AI 에이전트, AI 로보틱스 및 기타AI 시스템·서비스 일체"
2026post,손오공,코스닥,24,4,"자동차 정비업(자동차판금·도장 포함) 및 관련 서비스업 | 자동차의 시세·잔존가치·이력·성능·상태에 대한 조사, 분석, 평가 및 관련 정보의 제공·판매업 | 전기자동차 및 친환경 자동차의 판매, 유통, 임대업과 충전설비의 설치·운영 및 관련 서비스업 | 로봇 및 로봇부품·주변기기의 제조, 수입, 유통, 판매, 임대, 설치, 유지보수 및 수출입업 | 지능형 로봇용 소프트웨어·제어시스템 및 로봇 서비스 플랫폼의 개발, 공급, 운영업 | 자동차의 온라인 신차·중고차 거래 플랫폼의 개발·운영업 | 캐릭터상품(피규어·컬렉터블 등)의 제조, 유통, 수출입 및 판매업 | 캐릭터의 개발, 디자인, 라이선스 사업 및 관련 지식재산권의 취득·활용·양도·관리업 | 아트토이(Art Toy) IP의 기획·개발, 작가 매니지먼트·에이전시업 및 관련 지식재산권의 취득·활용·라이선스업 | 영상 콘텐츠 플랫폼의 기획·제작·유통·광고 및 채널 운영업 | 키즈카페, 놀이시설, 체험형 콘텐츠 공간 등의 운영, 프랜차이즈 및 관련 컨설팅업 | 전시회 등 문화행사의 기획·운영과 입장료·티켓 판매를 포함한 관련 수익사업 | 상기 컨텐츠, 게임기기 및 타이틀, 굿즈 등 상품의 온라인 신품·중고 거래 플랫폼의 개발·운영업 | 인공지능 기술의 연구개발, 인공지능 모델·알고리즘의 개발, 공급, 라이선스 및 관련 컨설팅업 | 인공지능 기반 문자·이미지·음성·영상 인식(OCR, 음성인식, 비전) 솔루션의 개발, 공급 및 서비스업 | 생성형 인공지능을 활용한 이미지·영상·음성·문서 콘텐츠의 제작, 공급 및 관련 플랫폼 운영업 | 인공지능 에이전트 및 업무자동화 소프트웨어의 개발, 공급, 운영 및 구독형 소프트웨어 서비스(SaaS)업 | 기계학습용 데이터의 수집, 가공, 정제, 라벨링 및 판매업과 지식그래프·온톨로지 기반 데이터 기술의 개발·구축·서비스업 | 클라우드 컴퓨팅 서비스업, 호스팅·데이터센터 운영업 및 관련 전산 인프라의 임대·관리업 | 정보통신기기·소프트웨어·플랫폼 및 시스템의 개발, 구축, 유지보수, 판매, 기술컨설팅, 라이선스 및 관련 서비스업 | 블록체인 및 디지털자산 기반 무역금융·공급망관리·거래정산 시스템의 개발, 구축 및 운영업 | 합작법인 설립, 해외사업 진출 및 사업 제휴에 대한 투자·운영 및 컨설팅업 | 물류, 택배, 화물운송 대행 및 관련 소프트웨어의 개발·공급·운영업 | 정부·지방자치단체의 보조금·지원금 신청 대행 및 관련 행정 대행·컨설팅업"
2026post,한울앤제주,코스닥,14,3,"방위산업 제품, 군수품 및 소방용 미사일·소방 로봇의 제조, 가공 및 판매업 | 유도무기, 미사일, 로켓 및 정밀 무기 체계의 생산, 정비, 유지보수 및 성능개량업 | 총포, 탄약, 정밀 무기 체계 부품 및 군용 장비 제조, 판매 및 정비업 | 국방·소방·산업·재난 구조용 로봇의 연구개발, 생산, 유통, 영업, 무역 및 수출입업 | 군용 물자 유통, 군납(PX) 및 군수 장비 입찰 유통업 | 방위산업, 소방, 재난 구조 및 로봇 공학 관련 기술 연구개발, 기술 용역 및 컨설팅업 | 전기자동차, 전기버스, 전기자전거, 전기오토바이 등 친환경·전기 모빌리티의 연구개발, 제조, 판매, 유통, 정비 및 수출입업 | 도시개발사업, 지역개발사업 및 산업단지 조성·분양 사업 | 호텔, 리조트, 콘도미니엄 등 종합 숙박·관광 시설 개발 및 운영업 | 테마파크, 관광 단지 및 복합 문화·유통 공간 개발, 조성 및 운영업 | 장사시설(납골당, 수목장, 장례식장 등)의 설치, 조성, 운영 및 관리업 | 부동산 및 개발 사업 관련 타당성 조사, 대행, 용역 및 컨설팅업 | 푸드트럭(주류 판매업 포함)의 제조, 개조(특장), 생산, 판매, 유통, 대여 및 관련 영업 행위 일체 | 커피 원두 가공, 로스팅, 도소매 및 식품 유통 (이하 2026.07.16 개정)"
2026post,청보,코스닥,29,3,"방위산업 제품 및 관련제품의 개발, 제조 및 판매업 | 방위산업 물자, 기술, 군용 총포 및 화약류 등의 수출입업 | 항공기 관련 부품, 기계, 소프트웨어의 개발, 제조, 조립 및 판매업 | 항공기 관련 구성품, 기술 등의 수출입업 | 항공기 개발 및 정비업 | 무인항공기 개발 및 정비업 | 미사일 개발 사업 | 미사일 창정비, MRO 등 유지 보수 정비업 | 무기, 총포탄 및 화약류 등의 제조업 | 군수품의 제조, 판매, 보관 및 수송업 | 군납업 | 국내외의 보관창고, 자동창고, 물류시설 등의 운영 및 서비스업 | 내외국인 또는 내외국법인과 위 각항에 관련되는 투자 또는 합작사업 | 근로자 파견 및 인사총무 대행, 알선, 도급, 위탁 운영업 | 헤드헌팅사업 및 고급인력 채용대행 서비스업 | 보안컨설팅, 보안시스템 통합 보안교육 서비스업 | 경비 및 보안시설, 주차장 관리 대행업 | 미화, 위생관리, 사무환경 용역업 및 청소업무 대행업 | 시설경비업, 건물시설관리 | 공기업 사업전략, 푸트코트 관리업 | 단속특별인부 용역업 | 경영컨설팅, 인사총무 위탁 운영업 | 취업정보사이트 운영업 | 행정대집행보조인부용역업 | 정비지역사후관리감시용역업 | 주정차금지구역 관리용역업 | 인터넷정보통신 서비스업 | 유료직업소개업 | 직업정보제공업"
2025post,로지스몬,코넥스,12,3,"인공지능(AI) 알고리즘 및 관련 소프트웨어 연구개발업 | 인공지능(AI) 하드웨어 연구개발, 제조, 판매 및 유통업 | 인공지능(AI) 기반 로봇, 자율주행, 드론 등 연구개발, 제조, 판매 및 유통업 | 탄소배출 및 탄소중립 진단 솔루션 개발, 제공 및 운영업 | 환경관련 측정, 진단, 기술연구, 영향 평가 컨설팅 및 대행업 | 청정개발체제(Clean Development Mechanism)관련 컨설팅 및 업무대행업 | 탄소배출권(온실가스) 포집소재 판매대행 및 유통업 | 신재생에너지 개발, 제조, 발전 사업 | 식품 수출입 및 글로벌 유통업 | 글로벌 온·오프라인 유통 및 판매대행업 | 자동차 및 관련 부품 수출입업 및 수출입대행업 | 부동산 개발 및 분양업"
2025post,KS인더스트리,코스닥,64,4,"중기, 건설기계, 하역운반기계 및 그 부품의 제작 판매 정비(2010.10.29) | 각종 장비 임대업(2010.10.29) | 선박건조 수리판매(2010.10.29) | 집진기 및 환경오염방지시설 제조 및 판매업(2010.10.29) | 산업플랜트 설비 제조, 수리판매업(2010.10.29) | 전력설비의 설치 및 개보수(2010.10.29) | 소방설비업(2010.10.29) | 폐기물 처리설비 제작, 설계시공 및 처리사업(2010.10.29) | 엔지니어링사업(2010.10.29) | 기계설비 공사업(2010.10.29) | 일반건설업(산업환경설비, 토목건축공사업)(2010.10.29) | 무역업(2010.10.29) | 전문공사업(비계, 구조물해체공사업)(2010.10.29) | 지하수 정화업(2010.10.29) | 전기공사업(2010.10.29) | 신재생에너지사업(2010.10.29) | 육상용 크레인 제작(2010.10.29) | 기타 공학 연구개발업(2010.10.29) | 소각로 및 주변시설 제작(2010.10.29) | 유가증권, 부동산 등 유무형 자산에의 투자(2011.02.25) | 산업기계 및 조선기자재 관련 사업(2011.02.25) | 부동산 개발업(2016.10.19) | 설계 용역 사업(2019.01.30.) | 기체 여과기 및 공기 조화장치 제조,판매업 | low-power air conditioning 장비,플랜트 및 modulation device 제조,판매업 | SiOC위상절연체 연구개발,제조,판매업 | 음극활물질, 도전재 등 소재의 개발,제조,판매업 | 흑연의 구형화와 정제에 관한 연구.개발,판매업 | 화학물질 및 화학약품,제품,생산기계(금형 포함) 개발,제조,판매업 | 전지 소재(흑연 외)의 연구개발, 제조 수입 및 판매업 | 국내·외 광물 개발 및 관련된 사업 | 식·의약품(화장)품 원.부자재,첨가물,용구 국내·외 가공.제조,도소매 판매업 | 국·내외 탄소배출권 개발 사업 | 이에스지(ESG) 관련 조사, 연구업 | 기술컨설팅 및 관련 서비스업 | 전문, 과학 및 기술 서비스업(2024.11.29.) | 인공지능 기반제품의 개발, 생산 및 판매업(2024.11.29.) | 인공지능 솔루션 연구, 개발 공급업(2024.11.29.) | 인공지능 서버 기술을 활용한 제품, 서비스 연구개발 및 공급업(2024.11.29.) | 전기전자제품의 부품제조업(2025.07.10.) | 전기전자제품 제조업(2025.07.10.) | 유선, 무선통신제품의 부품제조업(2025.07.10.) | 유선, 무선제품 제조업(2025.07.10.) | 인쇄회로기판(PCB) 및 관련 소재의 설계·제조·가공·판매업(2025.07.10.) | 표면실장기술(SMT) 부품 실장·검사 서비스업(2025.07.10.) | 전자부품 및 모듈 조립·테스트업(2025.07.10.) | 전자부품·장비의 수출입 및 도·소매업(2025.07.10.) | 전자기기·통신장비의 제조·개발·판매업((2025.07.10.) | 전자부품·장비 유지보수 및 A/S 서비스업(2025.07.10.) | 알루미늄 압연, 압출 및 연신제품 제조업(2025.07.10.) | 알루미늄포일 제조업(2025.07.10.) | 알루미늄박 제조업(2025.07.10.) | 포장용 알루미늄포일 및 포일 용기 제조업(2025.07.10.) | 전기차 2차전지용 양극박 제조업(2025.07.10.) | 항공기 및 관련 기기의 제조, 정비, 수리개조 및 재생 사업(2025.07.10.) | 항공기 및 관련 기기의 임대, 위탁판매 및 운송업(2025.07.10.) | 항공기 및 관련 기기의 무역 및 무역 대행업(2025.07.10.) | 부동산(격납고 및 그 부대공간을 포함)의 임대, 관리 및 운영업(2025.07.10.) | 국내외 항공운송업(2025.07.10.) | 항공기 전자정비업(2025.07.10.) | 항공운송 지원 서비스업(2025.07.10.) | 항공 관련 위탁업 및 대리업(2025.07.10.) | 차세대 항공기 및 무인 운송체계(UAM, 드론 등) 및 관련 시스템의 연구개발, 제조, 판매, 운용 및 관련 서비스업(2025.07.10.) | 항공우주 산업 관련 연구개발 사업(2025.07.10.)"
2025post,나우로보틱스,코스닥,24,5,"산업용로봇 제조 및 판매업 | 지능형(AI)로봇 제조 및 판매업 | 직교로봇 제조 및 판매업 | 협동로봇 제조 및 판매업 | 다관절로봇 제조 및 판매업 | 스카라로봇 제조 및 판매업 | 모바일 로봇 제조 및 판매업 | 물류로봇(AGV, AMR) 제조 및 판매업 | 휴머노이드로봇 제조 및 판매업 | 로봇 부품 제조 및 판매업 | 로봇 자동화 기계, 설비 제조 및 판매업 | 로봇공유서비스,로봇렌탈 및 로봇구독서비스 | 로봇 및 실험장비 시스템 개발 및 판매업 | 자동화 장비 및 부품,주변기기의 제조 및 판매업 | 산업용 컨텐츠 개발 및 판매업 | 산업용 기계 제작, 장비 운영 및 수리업 | 스마트팩토리 개발, 자문, 공급, 판매업 | 소프트웨어, 서버시스템 개발, 자문, 공급, 판매업 | 아이오티(IoT) 디바이스 개발, 자문, 서비스, 공급, 판매업 | SMART MODULE 제조 및 판매업 | 도심항공모빌리티(UAM) 제조,유통 및 판매업 | 통신기기,전자제품,전자부품 개발, 생산, 판매업 | 이차전지 자동화 장비 제조 및 판매업 | 스타트업 등 벤처기업에 대한 투자 및 지분참여"
2025post,애드바이오텍,코스닥,39,3,"해외 원전 수출 및 사업 개발업 | 원전 건설 타당성 및 환경영향 평가 | 소형원전 개발, 설계 및 제조 사업 | 소형원전 성능 시험 및 검증 사업 | 원전 보조기기 개발 및 제조 사업 | 동물사체 소각 및 처리 설비 개발 및 제조 | 해양쓰레기 소각 및 처리 설비 개발 및 제조 | 플라즈마 발생장치 개발, 제조 및 판매업 | 방사성물질 운반, 저장 및 처분 용기 개발 및 제조 | 방사성물질 취급 관련 설비 개발, 제조 및 시공 | 방사성폐기물 및 사용후핵연료 용기 개발 및 제조 | 방사능 모니터링 장치 개발, 제조 및 판매업 | 방사선 계측기 및 의료장비 수출입업 | 원전 설계, 건설, 운용 및 해체 관련 지식서비스업 | 원전 및 발전시설 유지관리 소프트웨어 개발 및 판매업 | 원자력 및 공학 관련 기술 연구개발업 | 차원 영상 시뮬레이터 및 홍보물 제작 및 판매업 | 연구 및 학술 활동 | 핵반응기 및 증기보일러 제조업 | 원전해체 폐기물 감용설비 개발 및 제조업 | 원전해체 폐기물 감용 서비스업 | 원전해체용 자동화 설비 및 로봇 개발 및 제조업 | 원전해체 폐기물 취급 로봇 개발 및 제조업 | 폐기물 수집, 운반, 처리, 재생산 및 재활용업 | 데이터저장용 자재 또는 부품 및 제품의 수입, 제조, 가공 및 매매 | 전력저장용 설비 및 관련 제품의 제조, 설치 및 매매 | 발전ㆍ송전ㆍ변전ㆍ배전을 포함하는 전기에너지 관련 사업 | 에너지의 진단 및 효율화 관련 사업 | 신재생에너지 이용설비 설계, 제조, 판매 및 시공 | 신재생에너지 발전사업 및 관련 기계 수출입업 | 배터리 CELL, 배터리 PACK의 수입, 개발, 제조 및 매매 | 에너지저장장치(ESS) 개발, 제조 및 시공 사업 | 전기차 및 전기차 배터리의 리스 관련 사업 | 이차연료전지 소재의 제조, 가공 및 판매업 | 배터리 및 배터리집합체 연구개발 사업 | 차량, 장비, 각종 설비 등의 제조 및 임대업 | 부동산업 및 임대업 | 유가증권 투자업 | 경영자문 및 컨설팅업"
2025post,제이케이시냅스,코스닥,25,6,"드론 및 무인 비행장치 관련 제조, 유통, 판매 및 임대업 | 방위산업관련(총포류, 무기 포함) 및 군수품의 제조, 유통, 판매, 보관 , 수송, 수입 및 수출업 | 이차전지를 이용한 자동차(전투용 자동차 포함) 및 동 부품의 제조, 정비, 판매, 임대 및 서비스업 | 전기, 전자기기, 컴퓨터, 광학기기(사진기, 렌즈, 현미경, 망원경 등) 및 동 부분품과 소재의 제조, 판매, 직매, 임대, 설치, 보관 및 서비스업 | 로봇(산업용, 방위산업용 포함) 및 동 부품의 제작, 정비, 판매, 임대, 서비스업 | 대테러 장비 리스사업 | 원자력 발전소 방사선 및 위험물 처리로봇 제조 및 도, 소매업 | 군납업 | 내외국인 또는 내외국법인과 위 각항에 관련되는 투자 또는 합작사업 | 드론 및 무인 비행장치 관련 시스템(레이더, 소프트웨어 등)의 구축, 설치, 유지보수 및 서비스업 | 항공기, 우주선, 무인/유인 비행장치 및 | 보조장치의 제조, 정비, 판매, 임대, 서비스업 | 항공모빌리티 및 동 부품의 제조, 판매, 정비, 임대, 서비스업 | 국방 및 방위산업 관련(무기체계, 비무기체계, 대테러장비 포함) 컨설팅 및 에이전트업 | 특수차량 및 특수목적용 기계와 동 부분품의 제작, 정비, 판매, 임대, 서비스업 | 친환경 냉매 (Hychill) 수입, 판매 및 유통 | 혼압가스(고압가스)의 제조, 수출입, 판매 및 유통 | 기타 대체냉매의 수출입, 판매 및 유통 | 냉매관련 재포장, 수송, 기타 서비스에 관한 업무 | 폐냉매 회수 재생 및 탄소배출권사업 | 휴대폰액세서리 디자인, 제조 및 유통업 | 휴대폰액세서리 온, 오프라인 도, 소매업 | 전자제품 제조 및 유통업 | 전자제품 온, 오프라인 도,소매업 | 컴퓨터 및 모바일 제품 주변기기 및 액세사리 도, 소매업"
2025post,캐리,코스닥,23,3,"블록체인 기반 암호화자산매매 및 중개업 | 토큰 발행 및 토큰증권(STO)관련 사업 | 디지털화된 자산의 개발,유통 및 판매 | 전자화폐 및 상품권 발행및 공급업 | 가상화폐 투자업 | 회사가 보유하고 있는 유형자산 또는 무형 자산의 판매,유통사업과 용역사업 | 웹 소설, 웹툰 등 콘텐츠자산의 위탁판매 및 자기판매, 유통사업과 중개업 | AX 플랫폼 개발 및 서비스 제공 | 인공지능 소프트웨어의 개발, 제조, 판매 및 서비스업 | 머신러닝 및 딥러닝 알고리즘 연구 및 개발 | AI 기반 데이터 분석 및 컨설팅 서비스 제공 | 자연어처리(NLP), 음성인식, 이미지/영상 인식 시스템 개발 | AI 모델링 및 시뮬레이션 서비스 | AI 클라우드 플랫폼 구축 및 운영 | AI 기반 추천 시스템 개발 및 판매 | AI 솔루션의 커스터마이징 및 시스템 통합(SI) 사업 | AI 관련 교육, 강의, 워크숍 및 컨설팅 서비스 | AI 기술을 활용한 마케팅, 헬스케어, 금융, 제조, 유통 등의 솔루션 제공 | 로봇 소프트웨어 및 지능형 자동화 시스템 개발 | 사물인터넷(IoT), 빅데이터, 클라우드 컴퓨팅 관련 사업 | 통신판매업 및 전자상거래 관련사업 | AI 영상 제작 및 판매 업무 | 위 관련제품의 통신판매업"
2025post,삼현,코스닥,3,4,"군납 물자 및 장비와 동 부품에 대한 설계, 제조, 개조, 수리, 용역 및 군납품업 (삭제) | 휴머노이드로봇, 물류이송로봇, 헬스케어, 산업용·의료용·서비스로봇 및 관련 부품에 대한 설계, 제조, 개조, 수리, 용역, 판매 및 무역업 | 미래항공 모빌리티(유·무인항공기, AAM, 드론), 로켓, 우주선 및 관련 부품에 대한 설계, 제조, 개조, 수리, 용역, 판매 및 무역업"
2025post,청보,코스닥,36,4,"인공지능 소프트웨어 개발 | 머신러닝, 딥러닝 및 기타 AI 기술을 활용한 소프트웨어의 개발 및 판매 | 게임 및 AI 관련 연구 및 개발 | 게임 디자인, 사용자 경험, AI 알고리즘 최적화 등에 대한 연구 및 개발 | AI 기반 게임 분석 및 운영 서비스 | 게임 및 AI 교육 및 컨설팅 서비스 | 게임 개발 및 AI 기술 관련 교육 프로그램 운영 및 컨설팅 서비스 제공 | 게임 및 AI 관련 투자 및 M&A | 게임 개발사 및 AI 스타트업에 대한 투자, 인수합병 및 파트너십 체결 | VR/AR 콘텐츠 개발 | 가상현실(VR) 및 증강현신(AR) 기술을 활용한 게임 및 기타 콘텐츠 개발 | 블록체인 기술 활용 | 블록체인 기술을 이용한 게임 및 AI 애플리케이션 개발 및 운영 | 관련법령상 허용되는 부동산, 주식 기타 유가증권, 금전채권, 부실채권 등 기타 자산에 대한 투자 | 관련법령상 허용되는 자금 차입 또는 채무보증 기타 다른 활동 | 기업 인수 및 투자자 발굴, 인수대상기업 발굴 등 전반에 대한 자문 | 인수기업의 경영전반에 대한 자문 | 부동산 및 실물투자, 대체투자와 관련한 자문 | 해외기술 및 자금의 도입 및 알선업 | 게임 소프트웨어 개발 및 퍼블리싱 | 다양한 플랫폼(모바일, PC, 콘솔 등)에서 사용할 수 있는 게임 소프트웨어의 개발, 마케팅, 판매 및 퍼블리싱 | 무인항공기(드론) 및 초경량비행장치의 개발, 제조, 판매, 수출입업 | 무인항공기 관련 소프트웨어의 개발, 판매, 유지보수 및 기술지원업 | 드론 기반통합관제 플랫폼의 기획, 개발 및 운영업 | 드론 영상 촬영 및 데이터 수집, 분석 서비스업 | 항공 촬영, 공간정보 구축 및 3D/4D 맵핑 서비스업 | 드론을 활용한 재난감시, 환경모니터링, 보안 및 감시 서비스업 | 농업용 드론 운영 및 방제 서비스업 | 드론 물류 및 배송 서비스업 | 드론 교육 및 자격증 관련 교육사업 | 드론 관련 시스템 통항(SI) 및 솔루션 공급업 | 드론 관련 특허, 디자인 및 지식재산권의 개발, 취득, 라이선스 및 매매업 | 도싱항공교통(UAM) 관련 시스템 및 관제 기술 개발업 | Iot(사물인터넷), AI(인공지능), 빅데이터를 활용한 드론 기술 연구 및 개발업 | 국책 과제 및 민간 프로젝트 수주 및 공동 연구개발사업 | 상기 목적의 달성에 직접 또는 간접적으로 관련, 부수되거나 도움이 되는 모든 활동"
