acptno,dt,corp_name,market,title,submitter
20261008000775,2026-10-08 17:07,인성정보,코스닥,주주총회소집결의,인성정보
20261008000729,2026-10-08 16:47,롯데쇼핑,유가증권,[정정]주주총회소집결의,롯데쇼핑
20261008000730,2026-10-08 16:46,아티스트스튜디오,코스닥,[정정]주주총회소집결의(임시주주총회),아티스트스튜디오
20261008000656,2026-10-08 16:24,씨엑스아이,코스닥,주주총회소집결의,씨엑스아이헬스케어테크놀리지그룹리미티드
20261008000644,2026-10-08 16:20,세종메디칼,코스닥,[정정]주주총회소집결의(임시주주총회),세종메디칼
20261008000515,2026-10-08 15:44,멤레이비티,코스닥,주주총회소집결의(임시주주총회),멤레이비티
20261008000495,2026-10-08 15:36,프리티,유가증권,[정정]주주총회소집결의,프리티
20261008000450,2026-10-08 15:12,아센디오,유가증권,[정정]주주총회소집결의,아센디오
20261008000422,2026-10-08 15:07,한독크린텍,코스닥,주주총회소집결의(임시주주총회),한독크린텍
20261008000445,2026-10-08 15:05,STX엔진,유가증권,주주총회소집결의,STX엔진
20261008000288,2026-10-08 13:24,플래스크,코스닥,[정정]주주총회소집결의(임시주주총회),플래스크
20261007000668,2026-10-07 17:51,더코디,코스닥,[정정]주주총회소집결의(임시주주총회),더코디
20261007000591,2026-10-07 17:24,TS트릴리온,코스닥,[정정]주주총회소집결의(임시주주총회),티에스트릴리온
20261007000619,2026-10-07 17:17,에스디생명공학,코스닥,[정정]주주총회소집결의(임시주주총회-철회),에스디생명공학
20261007000605,2026-10-07 17:07,오건에코텍,코넥스,주주총회소집 결의,오건에코텍
20261007000569,2026-10-07 16:59,에피소드컴퍼니,코스닥,주주총회소집결의(임시주주총회),에피소드컴퍼니
20261007000541,2026-10-07 16:47,동일기연,코스닥,주주총회소집결의(임시주주총회),동일기연
20261007000500,2026-10-07 16:42,나이스정보통신,코스닥,주주총회소집결의(임시주주총회),나이스정보통신
20261007000498,2026-10-07 16:42,오아,코스닥,주주총회소집결의(임시주주총회),오아
20261007000374,2026-10-07 15:54,롯데렌탈,유가증권,[정정]주주총회소집결의,롯데렌탈
20261007000332,2026-10-07 15:51,아이지넷,코스닥,주주총회소집결의(임시주주총회),아이지넷
20261007000315,2026-10-07 15:16,나노팀,코스닥,[정정]주주총회소집결의(임시주주총회),나노팀
20261007000248,2026-10-07 14:10,나노팀,코스닥,주주총회소집결의(임시주주총회),나노팀
20261006000730,2026-10-06 18:14,서울전자통신,코스닥,[정정]주주총회소집결의(임시주주총회),서울전자통신
20261006000750,2026-10-06 17:56,오스코텍,코스닥,주주총회소집결의(임시주주총회),오스코텍
20261006000743,2026-10-06 17:49,DKME,유가증권,주주총회소집결의,디케이엠이
20261006000738,2026-10-06 17:48,이렘,코스닥,[정정]주주총회소집결의,이렘
20261006000661,2026-10-06 17:18,노타,코스닥,주주총회소집결의(임시주주총회),노타
20261006000481,2026-10-06 16:34,파라택시스이더리움,코스닥,[정정]주주총회소집결의(임시주주총회-철회),파라택시스이더리움
20261006000479,2026-10-06 16:19,로지스몬,코넥스,[정정]주주총회소집 결의,로지스몬
20261006000456,2026-10-06 16:17,컬러레이,코스닥,주주총회소집결의(임시주주총회),컬러레이홀딩스
20261006000380,2026-10-06 16:06,파라택시스코리아,코스닥,[정정]주주총회소집결의(임시주주총회-철회),파라택시스 코리아
20261006000379,2026-10-06 16:06,파라택시스코리아,코스닥,기타 주요경영사항(회사합병 결정 및 임시주주총회 소집결의 철회),파라택시스 코리아
20261006000397,2026-10-06 15:56,비투엔,코스닥,주주총회소집결의,비투엔
20261006000383,2026-10-06 15:46,제넥신,코스닥,주주총회소집결의(임시주주총회),제넥신
20261006000181,2026-10-06 13:31,파인디앤씨,코스닥,주주총회소집결의(임시주주총회),파인디앤씨
20261002001092,2026-10-02 18:10,프롬바이오,코스닥,주주총회소집결의(임시주주총회),프롬바이오
20261002001005,2026-10-02 17:33,크라우드웍스,코스닥,[정정]주주총회소집결의(임시주주총회),크라우드웍스
20261002000874,2026-10-02 16:23,비츠로시스,코스닥,주주총회소집결의(임시주주총회),비츠로시스
20261002000795,2026-10-02 16:09,소노스퀘어,코스닥,주주총회소집결의(임시주주총회),소노스퀘어
20261002000573,2026-10-02 14:52,리파인,코스닥,주주총회소집결의(임시주주총회),리파인
20261002000537,2026-10-02 14:45,KB금융,유가증권,주주총회소집결의,KB금융지주
20261002000442,2026-10-02 14:18,라온로보틱스,코스닥,주주총회소집결의(임시주주총회),라온로보틱스
20261002000493,2026-10-02 14:13,IBKS제24호스팩,코스닥,주주총회소집결의(임시주주총회),아이비케이에스제24호기업인수목적
20261002000458,2026-10-02 14:07,이스타코,유가증권,[정정]주주총회소집결의,이스타코
20261002000437,2026-10-02 14:00,아이오케이이엔엠,코스닥,[정정]주주총회소집결의,아이오케이이엔엠
20261001000708,2026-10-01 17:46,써니전자,유가증권,주주총회소집결의,써니전자
20261001000638,2026-10-01 17:06,듀오백,코스닥,주주총회소집결의,듀오백
20261001000551,2026-10-01 16:49,케이쓰리아이,코스닥,주주총회소집결의(임시주주총회),케이쓰리아이
20261001000468,2026-10-01 16:36,휴림에이텍,코스닥,[정정]주주총회소집결의(임시주주총회),휴림에이텍
20261001000452,2026-10-01 16:09,대구백화점,유가증권,[정정]주주총회소집결의,대구백화점
20261001000413,2026-10-01 15:58,엘브이엠씨,유가증권,주주총회소집결의,엘브이엠씨홀딩스
20261001000311,2026-10-01 15:21,더블유에스아이,코스닥,주주총회소집결의(임시주주총회),더블유에스아이
20261001000290,2026-10-01 15:00,다보링크,코스닥,[정정]주주총회소집결의(임시주주총회),다보링크
20261001000246,2026-10-01 14:20,사토시홀딩스,코스닥,주주총회소집결의(임시주주총회),사토시홀딩스
20261001000208,2026-10-01 13:36,아세아텍,코스닥,주주총회소집결의(임시주주총회),아세아텍
20261001000089,2026-10-01 10:05,이노에이엑스,코스닥,주주총회소집결의,이노에이엑스
20261001000001,2026-10-01 07:32,GRT,코스닥,주주총회소집결의,그레이트리치과기유한공사
20260930001310,2026-09-30 18:35,메디콕스,코스닥,[정정]주주총회소집결의(임시주주총회),메디콕스
20260930001132,2026-09-30 17:16,신테카바이오,코스닥,[정정]주주총회소집결의(임시주주충회),신테카바이오
20260930001145,2026-09-30 17:13,비케이홀딩스,코스닥,[정정]주주총회소집결의(임시주주총회),비케이홀딩스
20260930001041,2026-09-30 16:57,엔젤로보틱스,코스닥,주주총회소집결의(임시주주총회),엔젤로보틱스
20260930000935,2026-09-30 16:50,코람코더원리츠,유가증권,주주총회소집결의,코람코더원위탁관리부동산투자회사
20260930000870,2026-09-30 16:33,가비아,코스닥,[정정]주주총회소집결의(임시주주총회),가비아
20260930000854,2026-09-30 16:16,디에스케이,코스닥,[정정]주주총회소집결의,디에스케이
20260930000755,2026-09-30 16:13,퀀텀레일,코스닥,주주총회소집결의(임시주주총회),퀀텀레일
20260930000650,2026-09-30 15:41,현대모비스,유가증권,주주총회소집결의,현대모비스
20260930000554,2026-09-30 15:17,핀텔,코스닥,[정정]주주총회소집결의(임시주주총회),핀텔
20260930000559,2026-09-30 15:15,모바일어플라이언스,코스닥,[정정]주주총회소집결의,모바일어플라이언스
20260930000425,2026-09-30 14:27,로젠,코스닥,[정정]주주총회소집결의(임시주주총회),로젠
20260930000421,2026-09-30 14:26,로젠,코스닥,주주총회소집결의(임시주주총회),로젠
20260929000965,2026-09-29 17:44,해성에어로보틱스,코스닥,주주총회소집결의(임시주주총회),해성에어로보틱스
20260929000981,2026-09-29 17:37,NH농우바이오,코스닥,주주총회소집결의,농업회사법인 엔에이치농우바이오
20260929000903,2026-09-29 17:24,CSA 코스믹,코스닥,[정정]주주총회소집결의(임시주주총회),씨에스에이코스믹
20260929000876,2026-09-29 17:21,아리바이오홀딩스,코스닥,[정정]주주총회소집결의(임시주주총회),아리바이오홀딩스
20260929000840,2026-09-29 17:16,삼부토건,유가증권,[정정]주주총회소집결의,삼부토건
20260929000594,2026-09-29 16:01,삼성FN리츠,유가증권,주주총회소집결의,삼성에프엔위탁관리부동산투자회사
20260929000589,2026-09-29 16:01,오리엔트정공,코스닥,주주총회소집결의(임시주주총회),오리엔트정공
20260929000588,2026-09-29 15:55,한주에이알티,코스닥,[정정]주주총회소집결의(임시주주총회),한주에이알티
20260929000445,2026-09-29 15:14,알엔투테크놀로지,코스닥,[정정]주주총회소집결의(임시주주총회),알엔투테크놀로지
20260929000301,2026-09-29 13:27,IBKS제25호스팩,코스닥,주주총회소집결의(임시주주총회),아이비케이에스제25호기업인수목적
20260929000262,2026-09-29 11:59,코메론,코스닥,주주총회소집결의(임시주주총회),코메론
20260929000166,2026-09-29 10:41,한화플러스제5호스팩,코스닥,주주총회소집결의(임시주주총회),한화플러스제5호기업인수목적
20260928000782,2026-09-28 17:20,엠젠솔루션,코스닥,[정정]주주총회소집결의(임시주주총회),엠젠솔루션
20260928000490,2026-09-28 16:32,모아라이프플러스,코스닥,[정정]주주총회소집결의(임시주주총회),모아라이프플러스
20260928000295,2026-09-28 15:03,씨싸이트,코스닥,주주총회소집결의(임시주주총회),씨싸이트
20260928000201,2026-09-28 13:46,유니켐,유가증권,[정정]주주총회소집결의,유니켐
20260928000204,2026-09-28 13:45,나우로보틱스,코스닥,[정정]주주총회소집결의(임시주주총회),나우로보틱스
20260923000766,2026-09-23 18:01,더코디,코스닥,[정정]주주총회소집결의(임시주주총회),더코디
20260923000736,2026-09-23 17:40,이스트에이드,코스닥,[정정]주주총회소집결의,이스트에이드
20260923000694,2026-09-23 16:49,이스트에이드,코스닥,[정정]주주총회소집결의(임시주주총회),이스트에이드
20260923000628,2026-09-23 16:34,강원에너지,코스닥,주주총회소집결의(임시주주총회),강원에너지
20260923000562,2026-09-23 16:07,비케이홀딩스,코스닥,주주총회소집결의(임시주주총회),비케이홀딩스
20260923000459,2026-09-23 15:13,대양금속,유가증권,주주총회소집결의,대양금속
20260923000402,2026-09-23 14:45,THE E&M,코스닥,[정정]주주총회소집결의(임시주주총회),더이앤엠
20260923000372,2026-09-23 14:38,셀루메드,코스닥,[정정]주주총회소집결의(임시주주총회),셀루메드
20260923000320,2026-09-23 14:00,비스토스,코스닥,[정정]주주총회소집결의(임시주주총회),비스토스
20260923000280,2026-09-23 13:32,에스디생명공학,코스닥,[정정]주주총회소집결의(임시주주총회),에스디생명공학
20260923000173,2026-09-23 10:49,세경하이테크,코스닥,주주총회소집결의(임시주주총회),세경하이테크
20260922000638,2026-09-22 17:52,아로마티카,코스닥,[정정]주주총회소집결의(임시주주총회),아로마티카
20260922000606,2026-09-22 17:22,메디콕스,코스닥,[정정]주주총회소집결의(임시주주총회),메디콕스
20260922000516,2026-09-22 17:16,대호특수강,코스닥,주주총회소집결의(임시주주총회),대호특수강
20260922000532,2026-09-22 17:02,아이티엠반도체,코스닥,주주총회소집결의(임시주주총회),아이티엠반도체
20260922000515,2026-09-22 16:50,더코디,코스닥,[정정]주주총회소집결의(임시주주총회),더코디
20260922000452,2026-09-22 16:21,아리바이오홀딩스,코스닥,[정정]주주총회소집결의(임시주주총회),아리바이오홀딩스
20260922000402,2026-09-22 15:59,씨씨에스,코스닥,주주총회소집결의(임시주주총회),씨씨에스충북방송
20260922000395,2026-09-22 15:59,씨씨에스,코스닥,[정정]주주총회소집결의(철회),씨씨에스충북방송
20260922000370,2026-09-22 15:39,딜리셔스,코스닥,[정정]주주총회소집결의(임시주주총회),딜리셔스
20260922000342,2026-09-22 15:35,금양,유가증권,[정정]주주총회소집결의,금양
20260922000318,2026-09-22 15:22,우리기술,코스닥,주주총회소집결의(임시주주총회),우리기술
20260922000316,2026-09-22 15:20,진도,유가증권,[정정]주주총회소집결의,진도
20260922000278,2026-09-22 14:49,딜리셔스,코스닥,주주총회소집결의(임시주주총회),딜리셔스
20260922000276,2026-09-22 14:48,KS인더스트리,코스닥,[정정]주주총회소집결의(임시주주총회),케이에스인더스트리
20260921000563,2026-09-21 18:07,모아데이타,코스닥,[정정]주주총회소집결의(임시주주총회),모아데이타
20260921000576,2026-09-21 18:05,유니켐,유가증권,[정정]주주총회소집결의,유니켐
20260921000620,2026-09-21 17:56,셀리드,코스닥,주주총회소집결의(임시주주총회),셀리드
20260921000502,2026-09-21 17:23,이엔플러스,유가증권,[정정]주주총회소집결의,이엔플러스
20260921000445,2026-09-21 16:49,에이원큐브텍,코넥스,주주총회소집 결의,에이원큐브텍
20260921000389,2026-09-21 16:21,이미지스,코스닥,[정정]주주총회소집결의(임시주주총회),이미지스테크놀로지
20260921000213,2026-09-21 13:52,앤씨앤,코스닥,주주총회소집결의(임시주주총회),앤씨앤
20260921000090,2026-09-21 10:44,모아라이프플러스,코스닥,[정정]주주총회소집결의(임시주주총회),모아라이프플러스
20260918000592,2026-09-18 16:42,에스엠국일,코스닥,주주총회소집결의(임시주주총회),에스엠국일
20260918000630,2026-09-18 16:41,비케이홀딩스,코스닥,[정정]주주총회소집결의(임시주주총회),비케이홀딩스
20260918000491,2026-09-18 16:27,디앤디플랫폼리츠,유가증권,주주총회소집결의,디앤디플랫폼위탁관리부동산투자회사
20260918000429,2026-09-18 16:17,진원생명과학,유가증권,주주총회소집결의,진원생명과학
20260918000444,2026-09-18 16:03,블루탑,코넥스,주주총회소집 결의,블루탑
20260918000372,2026-09-18 15:39,비비안,유가증권,주주총회소집결의,비비안
20260918000205,2026-09-18 13:49,한국정밀기계,코스닥,주주총회소집결의(임시주주총회),한국정밀기계
20260917000597,2026-09-17 17:27,더코디,코스닥,주주총회소집결의(임시주주총회),더코디
20260917000590,2026-09-17 17:20,프리티,유가증권,주주총회소집결의,프리티
20260917000581,2026-09-17 17:20,프리티,유가증권,[정정]주주총회소집결의,프리티
20260917000438,2026-09-17 16:10,테라사이언스,코스닥,[정정]주주총회소집결의(임시주주총회),테라사이언스
20260917000429,2026-09-17 16:08,휴림에이텍,코스닥,[정정]주주총회소집결의(임시주주총회),휴림에이텍
20260917000404,2026-09-17 16:07,리튬포어스,코스닥,[정정]주주총회소집결의(임시주주총회),리튬포어스
20260917000419,2026-09-17 16:05,라닉스,코스닥,주주총회소집결의,라닉스
20260917000386,2026-09-17 15:50,롯데쇼핑,유가증권,주주총회소집결의,롯데쇼핑
20260917000375,2026-09-17 15:41,다보링크,코스닥,[정정]주주총회소집결의,다보링크
20260917000321,2026-09-17 15:41,뉴보텍,코스닥,[정정]주주총회소집결의(임시주주총회),뉴보텍
20260917000358,2026-09-17 15:37,하이퍼코퍼레이션,코스닥,[정정]주주총회소집결의,하이퍼코퍼레이션
20260917000324,2026-09-17 15:13,비츠로시스,코스닥,[정정]주주총회소집결의(임시주주총회),비츠로시스
20260917000289,2026-09-17 14:37,와이엠,코스닥,주주총회소집결의,와이엠
20260917000244,2026-09-17 14:06,KS인더스트리,코스닥,[정정]주주총회소집결의(임시주주총회),케이에스인더스트리
20260917000136,2026-09-17 10:45,에스앤더블류,코스닥,주주총회소집결의(임시주주총회),에스앤더블류
20260916000630,2026-09-16 17:45,이엠앤아이,코스닥,[정정]주주총회소집결의(임시주주총회),이엠앤아이
20260916000586,2026-09-16 17:36,엑시온그룹,코스닥,주주총회소집결의(임시주주총회),엑시온그룹
20260916000524,2026-09-16 17:24,서울전자통신,코스닥,주주총회소집결의(임시주주총회),서울전자통신
20260916000516,2026-09-16 17:23,에이전트AI,코스닥,[정정]주주총회소집결의,에이전트에이아이
20260916000424,2026-09-16 16:29,한전KPS,유가증권,주주총회소집결의,한전KPS
20260916000416,2026-09-16 16:09,모바일어플라이언스,코스닥,[정정]주주총회소집결의(임시주주총회),모바일어플라이언스
20260916000414,2026-09-16 16:07,꿈비,코스닥,주주총회소집결의(임시주주총회),꿈비
20260916000387,2026-09-16 15:58,이니텍,코스닥,[정정]주주총회소집결의,이니텍
20260916000378,2026-09-16 15:58,한국유니온제약,코스닥,[정정]주주총회소집결의,한국유니온제약
20260916000376,2026-09-16 15:39,깨끗한나라,유가증권,주주총회소집결의,깨끗한나라
20260916000359,2026-09-16 15:37,제이케이시냅스,코스닥,[정정]주주총회소집결의(임시주주총회),제이케이시냅스
20260916000300,2026-09-16 15:02,육일씨엔에쓰,코스닥,[정정]주주총회소집결의(임시주주총회),육일씨엔에쓰
20260916000245,2026-09-16 14:19,솔디펜스,코스닥,주주총회소집결의(임시주주총회),솔디펜스
20260915000795,2026-09-15 18:00,CG인바이츠,코스닥,주주총회소집결의(임시주주총회),씨지인바이츠
20260915000647,2026-09-15 17:01,화일약품,코스닥,주주총회소집결의(임시주주총회),화일약품
20260915000654,2026-09-15 16:44,디에스케이,코스닥,[정정]주주총회소집결의,디에스케이
20260915000623,2026-09-15 16:34,모아라이프플러스,코스닥,[정정]주주총회소집결의(임시주주총회),모아라이프플러스
20260915000596,2026-09-15 16:16,에넥스,유가증권,주주총회소집결의,에넥스
20260915000519,2026-09-15 16:02,휴마시스,코스닥,[정정]주주총회소집결의(임시주주총회),휴마시스
20260915000534,2026-09-15 16:01,세원정공,유가증권,주주총회소집결의,세원정공
20260915000520,2026-09-15 15:55,메디포스트,코스닥,주주총회소집결의,메디포스트
20260915000490,2026-09-15 15:50,코아스,유가증권,주주총회소집결의,코아스
20260915000481,2026-09-15 15:26,풍전약품,코스닥,[정정]주주총회소집결의(임시주주총회),풍전약품
20260915000479,2026-09-15 15:17,레메디,코스닥,주주총회소집결의(임시주주총회),레메디
20260915000427,2026-09-15 15:00,소프트센,코스닥,주주총회소집결의(임시주주총회),소프트센
20260915000356,2026-09-15 13:44,세븐브로이맥주,코넥스,주주총회소집 결의,세븐브로이맥주
20260915000334,2026-09-15 12:58,플래스크,코스닥,[정정]주주총회소집결의(임시주주총회),플래스크
20260915000292,2026-09-15 11:01,보령,유가증권,주주총회소집결의,보령
20260914000716,2026-09-14 18:53,베노티앤알,코스닥,[정정]주주총회소집결의(임시주주총회),베노티앤알
20260914000612,2026-09-14 17:37,멕아이씨에스,코스닥,주주총회소집결의(임시주주총회),멕아이씨에스
20260914000655,2026-09-14 17:33,디에이치엑스컴퍼니,코스닥,주주총회소집결의(임시주주총회),디에이치엑스컴퍼니
20260914000619,2026-09-14 17:33,롯데리츠,유가증권,주주총회소집결의,롯데위탁관리부동산투자회사
20260914000564,2026-09-14 17:19,3S,코스닥,주주총회소집결의(임시주주총회),삼에스코리아
20260914000614,2026-09-14 17:18,덱스터,코스닥,주주총회소집결의,덱스터스튜디오
20260914000526,2026-09-14 17:10,경동인베스트,유가증권,주주총회소집결의,경동인베스트
20260914000519,2026-09-14 16:50,빌리언스,코스닥,주주총회소집결의(임시주주총회),빌리언스
20260914000459,2026-09-14 16:39,프레스티지바이오파마,유가증권,주주총회소집결의,프레스티지바이오파마
20260914000394,2026-09-14 16:02,아센디오,유가증권,주주총회소집결의,아센디오
20260914000357,2026-09-14 15:47,판타지오,코스닥,주주총회소집결의,판타지오
20260914000356,2026-09-14 15:37,비트맥스,코스닥,주주총회소집결의(임시주주총회),비트맥스
20260914000253,2026-09-14 14:24,KS인더스트리,코스닥,[정정]주주총회소집결의(임시주주총회),케이에스인더스트리
20260914000216,2026-09-14 13:58,나우IB,코스닥,주주총회소집결의(임시주주총회),나우아이비캐피탈
20260911000787,2026-09-11 18:00,에스테크엠,코넥스,[정정]주주총회소집 결의,에스테크엠
20260911000776,2026-09-11 17:44,프레스티지바이오로직스,코스닥,주주총회소집결의,프레스티지바이오로직스
20260911000637,2026-09-11 16:51,루멘스바이오스,코스닥,주주총회소집결의(임시주주총회),루멘스바이오스
20260911000538,2026-09-11 16:43,유디엠텍,코스닥,[정정]주주총회소집결의(임시주주총회),유디엠텍
20260911000521,2026-09-11 16:38,페이퍼코리아,유가증권,[정정]주주총회소집결의,페이퍼코리아
20260911000395,2026-09-11 15:40,엔투텍,코스닥,[정정]주주총회소집결의,엔투텍
20260911000383,2026-09-11 15:35,케이사인,코스닥,주주총회소집결의,케이사인
20260911000381,2026-09-11 15:33,한국기업평가,코스닥,주주총회소집결의(임시주주총회),한국기업평가
20260911000295,2026-09-11 15:33,벡트,코스닥,[정정]주주총회소집결의(임시주주총회),벡트
20260911000228,2026-09-11 14:00,신테카바이오,코스닥,[정정]주주총회소집결의(임시주주총회),신테카바이오
20260911000190,2026-09-11 13:09,엘리비젼,코넥스,[정정]주주총회소집 결의,엘리비젼
20260911000176,2026-09-11 11:52,덕산테코피아,코스닥,주주총회소집결의(임시주주총회),덕산테코피아
20260910000688,2026-09-10 17:51,오름테라퓨틱,코스닥,주주총회소집결의(임시주주총회),오름테라퓨틱
20260910000626,2026-09-10 17:33,엠엑스로보틱스,코스닥,[정정]주주총회소집결의(임시주주총회),엠엑스로보틱스
20260910000572,2026-09-10 17:08,에스아이리소스,코스닥,[정정]주주총회소집결의(임시주주총회),에스아이리소스
20260910000555,2026-09-10 17:05,대우건설,유가증권,주주총회소집결의,대우건설
20260910000532,2026-09-10 16:47,이오플로우,코스닥,[정정]주주총회소집결의(임시주주총회),이오플로우
20260910000450,2026-09-10 16:31,지역난방공사,유가증권,주주총회소집결의,한국지역난방공사
20260910000445,2026-09-10 16:29,헝셩그룹,코스닥,[정정]주주총회소집결의(임시주주총회),헝셩그룹유한회사
20260910000377,2026-09-10 16:06,벡트,코스닥,주주총회소집결의(임시주주총회),벡트
20260910000353,2026-09-10 16:02,아티스트스튜디오,코스닥,주주총회소집결의(임시주주총회),아티스트스튜디오
20260910000322,2026-09-10 15:24,로지스몬,코넥스,[정정]주주총회소집 결의,로지스몬
20260910000227,2026-09-10 14:26,E8,코스닥,[정정]주주총회소집결의(임시주주총회),이에이트
20260910000165,2026-09-10 13:21,엠플러스,코스닥,주주총회소집결의(임시주주총회),엠플러스
20260910000129,2026-09-10 11:34,이스타코,유가증권,[정정]주주총회소집결의,이스타코
20260910000125,2026-09-10 11:33,KR모터스,유가증권,주주총회소집결의,KR모터스
20260909000555,2026-09-09 17:03,하나머티리얼즈,코스닥,주주총회소집결의(임시주주총회),하나머티리얼즈
20260909000447,2026-09-09 16:08,금양,유가증권,주주총회소집결의,금양
20260909000426,2026-09-09 15:57,본시스템즈,코넥스,[정정]주주총회소집 결의,본시스템즈
20260908000602,2026-09-08 17:46,씨씨에스,코스닥,[정정]주주총회소집결의(임시주주총회),씨씨에스충북방송
20260908000498,2026-09-08 16:57,유니슨,코스닥,[정정]주주총회소집결의(임시주주총회),유니슨
20260908000480,2026-09-08 16:36,알에프텍,코스닥,[정정]주주총회소집결의(임시주주총회),알에프텍
20260908000470,2026-09-08 16:19,에스엔시스,코스닥,주주총회소집결의(임시주주총회),에스엔시스
20260908000376,2026-09-08 16:10,나노씨엠에스,코스닥,[정정]주주총회소집결의(임시주주총회),나노씨엠에스
20260908000332,2026-09-08 15:30,하이퍼코퍼레이션,코스닥,[정정]주주총회소집결의,하이퍼코퍼레이션
20260908000286,2026-09-08 15:13,KS인더스트리,코스닥,[정정]주주총회소집결의(임시주주총회),케이에스인더스트리
20260908000232,2026-09-08 14:19,더코디,코스닥,[정정]주주총회소집결의(임시주주총회),더코디
20260908000191,2026-09-08 14:17,비츠로시스,코스닥,[정정]주주총회소집결의(임시주주총회),비츠로시스
20260908000201,2026-09-08 13:54,에스에너지,코스닥,[정정]주주총회소집결의(임시주주총회),에스에너지
20260907000543,2026-09-07 17:11,이엔플러스,유가증권,주주총회소집결의,이엔플러스
20260907000502,2026-09-07 16:55,해성옵틱스,코스닥,주주총회소집결의(임시주주총회),해성옵틱스
20260907000478,2026-09-07 16:38,크라우드웍스,코스닥,[정정]주주총회소집결의,크라우드웍스
20260907000377,2026-09-07 15:54,삼부토건,유가증권,주주총회소집결의,삼부토건
20260907000299,2026-09-07 15:19,이엠앤아이,코스닥,[정정]주주총회소집결의(임시주주총회),이엠앤아이
20260907000277,2026-09-07 14:52,유티아이,코스닥,[정정]주주총회소집결의(임시주주총회),유티아이
20260907000183,2026-09-07 13:11,롯데렌탈,유가증권,주주총회소집결의,롯데렌탈
20260907000132,2026-09-07 10:53,에이프릴바이오,코스닥,[정정]주주총회소집결의(임시주주총회),에이프릴바이오
20260904000749,2026-09-04 18:03,나노씨엠에스,코스닥,[정정]주주총회소집결의(임시주주총회),나노씨엠에스
20260904000754,2026-09-04 17:54,네오오토,코스닥,주주총회소집결의(임시주주총회),네오오토
20260904000650,2026-09-04 17:13,엠브레인,코스닥,주주총회소집결의,마크로밀엠브레인
20260904000639,2026-09-04 17:12,우성,유가증권,주주총회소집결의,우성
20260904000559,2026-09-04 16:32,프리티,유가증권,[정정]주주총회소집결의,프리티
20260904000431,2026-09-04 16:09,포시에스,코스닥,주주총회소집결의(정기주주총회),포시에스
20260904000400,2026-09-04 16:00,핌스,코스닥,[정정]주주총회소집결의(임시주주총회),핌스
20260904000442,2026-09-04 15:59,차이커뮤니케이션,코스닥,주주총회소집결의(임시주주총회),차이커뮤니케이션
20260904000357,2026-09-04 15:52,하이드로리튬,코스닥,주주총회소집결의(임시주주총회),하이드로리튬
20260904000305,2026-09-04 15:34,광진실업,코스닥,[정정]주주총회소집결의(임시주주총회),광진실업
20260904000356,2026-09-04 15:30,한주에이알티,코스닥,주주총회소집결의(임시주주총회),한주에이알티
20260904000283,2026-09-04 15:25,아이오케이이엔엠,코스닥,[정정]주주총회소집결의,아이오케이이엔엠
20260904000238,2026-09-04 14:29,이렘,코스닥,주주총회소집결의,이렘
20260903000647,2026-09-03 17:51,비케이홀딩스,코스닥,[정정]주주총회소집결의(임시주주총회),비케이홀딩스
20260903000627,2026-09-03 17:36,로지스몬,코넥스,주주총회소집 결의,로지스몬
20260903000612,2026-09-03 17:35,멤레이비티,코스닥,[정정]주주총회소집결의(임시주주총회),멤레이비티
20260903000561,2026-09-03 17:06,비츠로시스,코스닥,[정정]주주총회소집결의(임시주주총회),비츠로시스
20260903000444,2026-09-03 16:09,하이퍼코퍼레이션,코스닥,[정정]주주총회소집결의(임시주주총회),하이퍼코퍼레이션
20260903000366,2026-09-03 15:47,이지스레지던스리츠,유가증권,주주총회소집결의,이지스레지던스위탁관리부동산투자회사
20260903000330,2026-09-03 15:16,한전기술,유가증권,[정정]주주총회소집결의,한국전력기술
20260903000194,2026-09-03 13:22,리튬포어스,코스닥,[정정]주주총회소집결의(임시주주총회),리튬포어스
20260903000128,2026-09-03 10:59,모델솔루션,코스닥,주주총회소집결의(임시주주총회),모델솔루션
20260902000651,2026-09-02 18:16,더코디,코스닥,[정정]주주총회소집결의(임시주주총회),더코디
20260902000515,2026-09-02 17:05,베노티앤알,코스닥,[정정]주주총회소집결의(임시주주총회),베노티앤알
20260902000453,2026-09-02 16:48,핌스,코스닥,주주총회소집결의(임시주주총회),핌스
20260902000358,2026-09-02 16:02,SK리츠,유가증권,주주총회소집결의,에스케이위탁관리부동산투자회사
20260902000332,2026-09-02 15:40,TS트릴리온,코스닥,[정정]주주총회소집결의(임시주주총회),티에스트릴리온
20260902000250,2026-09-02 14:27,디모아,코스닥,주주총회소집결의(임시주주총회),디모아
20260901000662,2026-09-01 17:24,베노티앤알,코스닥,[정정]주주총회소집결의(임시주주총회),베노티앤알
20260901000660,2026-09-01 17:24,핀텔,코스닥,주주총회소집결의(임시주주총회),핀텔
20260901000643,2026-09-01 17:05,세종메디칼,코스닥,[정정]주주총회소집결의(임시주주총회),세종메디칼
20260901000553,2026-09-01 16:48,현대사료,코스닥,[정정]주주총회소집결의(임시주주총회),현대사료
20260901000552,2026-09-01 16:48,성우,코스닥,주주총회소집결의(임시주주총회),성우
20260901000510,2026-09-01 16:26,넥사다이내믹스,코스닥,[정정]주주총회소집결의(임시주주총회),넥사다이내믹스
20260901000481,2026-09-01 16:14,다보링크,코스닥,[정정]주주총회소집결의(임시주주총회),다보링크
20260901000386,2026-09-01 15:52,이엠앤아이,코스닥,[정정]주주총회소집결의(임시주주총회),이엠앤아이
20260901000407,2026-09-01 15:51,한국유니온제약,코스닥,주주총회소집결의(임시주주총회),한국유니온제약
20260901000370,2026-09-01 15:29,체리부로,코스닥,[정정]주주총회소집결의(임시주주총회),체리부로
20260901000273,2026-09-01 14:36,레이,코스닥,[정정]주주총회소집결의(임시주주총회),레이
20260901000206,2026-09-01 13:27,자이언트스텝,코스닥,주주총회소집결의(임시주주총회),자이언트스텝
20260831000871,2026-08-31 18:03,다보링크,코스닥,[정정]주주총회소집결의(임시주주총회),다보링크
20260831000888,2026-08-31 18:01,넥사다이내믹스,코스닥,[정정]주주총회소집결의(임시주주총회),넥사다이내믹스
20260831000814,2026-08-31 17:51,비츠로시스,코스닥,[정정]주주총회소집결의,비츠로시스
20260831000836,2026-08-31 17:49,나우로보틱스,코스닥,주주총회소집결의(임시주주총회),나우로보틱스
20260831000819,2026-08-31 17:32,아미코젠,코스닥,[정정]주주총회소집결의(임시주주총회),아미코젠
20260831000759,2026-08-31 17:19,아로마티카,코스닥,주주총회소집결의(임시주주총회),아로마티카
20260831000745,2026-08-31 17:18,베노티앤알,코스닥,[정정]주주총회소집결의(임시주주총회),베노티앤알
20260831000752,2026-08-31 17:15,THE E&M,코스닥,주주총회소집결의(임시주주총회),더이앤엠
20260831000713,2026-08-31 17:10,신테카바이오,코스닥,[정정]주주총회소집결의(임시주주총회),신테카바이오
20260831000636,2026-08-31 16:45,대구백화점,유가증권,[정정]주주총회소집결의,대구백화점
20260831000641,2026-08-31 16:39,한전기술,유가증권,주주총회소집결의,한국전력기술
20260831000490,2026-08-31 16:06,HPSP,코스닥,주주총회소집결의(임시주주총회),에이치피에스피
20260831000315,2026-08-31 15:12,이스트에이드,코스닥,주주총회소집결의(임시주주총회),이스트에이드
20260831000217,2026-08-31 15:09,유디엠텍,코스닥,[정정]주주총회소집결의(임시주주총회),유디엠텍
20260831000239,2026-08-31 13:49,대동고려삼,코넥스,주주총회소집 결의,대동고려삼
20260831000222,2026-08-31 13:32,유니켐,유가증권,주주총회소집결의,유니켐
20260828000967,2026-08-28 18:18,체리부로,코스닥,주주총회소집결의(임시주주총회),체리부로
20260828000942,2026-08-28 17:56,아세아텍,코스닥,주주총회소집결의,아세아텍
20260828000903,2026-08-28 17:44,엠젠솔루션,코스닥,주주총회소집결의(임시주주총회),엠젠솔루션
20260828000906,2026-08-28 17:38,에스테크엠,코넥스,주주총회소집 결의,에스테크엠
20260828000819,2026-08-28 17:20,가비아,코스닥,주주총회소집결의(임시주주총회),가비아
20260828000716,2026-08-28 16:45,한주라이트메탈,코스닥,주주총회소집결의(임시주주총회),한주라이트메탈
20260828000622,2026-08-28 16:23,앱튼,코스닥,[정정]주주총회소집결의(임시주주총회),앱튼
20260828000480,2026-08-28 15:44,퀀타매트릭스,코스닥,[정정]주주총회소집결의(임시주주총회),퀀타매트릭스
20260828000396,2026-08-28 14:54,이리츠코크렙,유가증권,주주총회소집결의,이리츠코크렙기업구조조정부동산투자회사
20260828000184,2026-08-28 10:37,대성창투,코스닥,주주총회소집결의(임시주주총회),대성창업투자
20260827000867,2026-08-27 18:42,롯데관광개발,유가증권,주주총회소집결의,롯데관광개발
20260827000860,2026-08-27 18:33,셀루메드,코스닥,[정정]주주총회소집결의(임시주주총회),셀루메드
20260827000795,2026-08-27 17:59,빅텐츠,코스닥,[정정]주주총회소집결의(임시주주총회),빅토리콘텐츠
20260827000718,2026-08-27 17:51,광진실업,코스닥,[정정]주주총회소집결의(임시주주총회),광진실업
20260827000546,2026-08-27 17:32,휴림에이텍,코스닥,[정정]주주총회소집결의(임시주주총회),휴림에이텍
20260827000468,2026-08-27 17:32,베노티앤알,코스닥,[정정]주주총회소집결의(임시주주총회),베노티앤알
20260827000562,2026-08-27 17:10,에스디생명공학,코스닥,주주총회소집결의(임시주주총회),에스디생명공학
20260827000511,2026-08-27 17:02,메디콕스,코스닥,주주총회소집결의(임시주주총회),메디콕스
20260827000528,2026-08-27 16:54,CSA 코스믹,코스닥,[정정]주주총회소집결의(임시주주총회),씨에스에이코스믹
20260827000517,2026-08-27 16:52,비스토스,코스닥,주주총회소집결의(임시주주총회),비스토스
20260827000202,2026-08-27 13:42,플래스크,코스닥,[정정]주주총회소집결의(임시주주총회),플래스크
20260827000171,2026-08-27 13:27,테라뷰,코스닥,[정정]주주총회소집결의,테라뷰홀딩스
20260826000728,2026-08-26 17:29,휴온스글로벌,코스닥,기타 주요경영사항(임시주주총회 소집결의 철회),휴온스글로벌
20260826000718,2026-08-26 17:29,휴온스글로벌,코스닥,[정정]주주총회소집결의(임시주주총회-철회),휴온스글로벌
20260826000708,2026-08-26 17:17,휴온스글로벌,코스닥,기타 주요경영사항(회사합병 결정 및 임시주주총회 소집결의 철회)(자회사의 주요경영사항),휴온스글로벌
20260826000701,2026-08-26 17:10,휴온스,코스닥,기타 주요경영사항(회사합병 결정 및 임시주주총회 소집결의 철회),휴온스
20260826000697,2026-08-26 17:10,휴온스,코스닥,[정정]주주총회소집결의(임시주주총회-철회),휴온스
20260826000689,2026-08-26 17:04,본느,코스닥,[정정]주주총회소집결의,본느
20260826000678,2026-08-26 17:04,삼성FN리츠,유가증권,주주총회소집결의,삼성에프엔위탁관리부동산투자회사
20260826000574,2026-08-26 16:23,유니온머티리얼,유가증권,주주총회소집결의,유니온머티리얼
20260826000509,2026-08-26 16:13,케이이엠텍,코스닥,[정정]주주총회소집결의(임시주주총회),케이이엠텍
20260826000494,2026-08-26 16:08,제이케이시냅스,코스닥,[정정]주주총회소집결의(임시주주총회),제이케이시냅스
20260826000338,2026-08-26 15:09,본느,코스닥,[정정]주주총회소집결의,본느
20260826000325,2026-08-26 14:53,쎄트렉아이,코스닥,주주총회소집결의(임시주주총회),쎄트렉아이
20260826000244,2026-08-26 13:42,휴럼,코스닥,주주총회소집결의(임시주주총회),휴럼
20260826000234,2026-08-26 13:36,이미지스,코스닥,주주총회소집결의(임시주주총회),이미지스테크놀로지
20260826000216,2026-08-26 13:27,옵티코어,코스닥,[정정]주주총회소집결의,옵티코어
20260826000185,2026-08-26 11:33,졸스,코스닥,주주총회소집결의(임시주주총회),졸스
20260825000691,2026-08-25 17:48,이오플로우,코스닥,주주총회소집결의(임시주주총회),이오플로우
20260825000647,2026-08-25 17:20,SK아이이테크놀로지,유가증권,주주총회소집결의,에스케이아이이테크놀로지
20260825000602,2026-08-25 17:08,스트라드비젼,코스닥,주주총회소집결의(임시주주총회),스트라드비젼
20260825000547,2026-08-25 16:56,젠큐릭스,코스닥,[정정]주주총회소집결의(임시주주총회),젠큐릭스
20260825000487,2026-08-25 16:21,케이씨티,코스닥,주주총회소집결의,케이씨티
20260825000445,2026-08-25 16:11,인지디스플레,코스닥,[정정]주주총회소집결의(임시주주총회),인지디스플레이
20260825000335,2026-08-25 15:24,에쎈테크,코스닥,주주총회소집결의(임시주주총회),에쎈테크
20260825000298,2026-08-25 15:01,KS인더스트리,코스닥,[정정]주주총회소집결의(임시주주총회),케이에스인더스트리
20260825000203,2026-08-25 13:52,코스나인,코스닥,[정정]주주총회소집결의,코스나인
20260824000564,2026-08-24 17:02,신테카바이오,코스닥,[정정]주주총회소집결의(임시주주총회),신테카바이오
20260824000569,2026-08-24 16:53,스모트로닉,코스닥,주주총회소집결의(임시주주총회),스모트로닉
20260824000511,2026-08-24 16:41,핸즈코퍼레이션,유가증권,주주총회소집결의,핸즈코퍼레이션
20260824000458,2026-08-24 16:36,신한서부티엔디리츠,유가증권,주주총회소집결의,신한서부티엔디위탁관리부동산투자회사
20260824000464,2026-08-24 16:22,크라우드웍스,코스닥,[정정]주주총회소집결의,크라우드웍스
20260824000398,2026-08-24 16:06,육일씨엔에쓰,코스닥,주주총회소집결의(임시주주총회),육일씨엔에쓰
20260824000396,2026-08-24 16:06,대구백화점,유가증권,[정정]주주총회소집결의,대구백화점
20260824000375,2026-08-24 15:58,아이씨티케이,코스닥,주주총회소집결의(임시주주총회),아이씨티케이
20260824000321,2026-08-24 15:37,사토시홀딩스,코스닥,[정정]주주총회소집결의,사토시홀딩스
20260824000291,2026-08-24 15:10,알에프세미,코스닥,[정정]주주총회소집결의(임시주주총회),알에프세미
20260824000271,2026-08-24 14:51,형지엘리트,유가증권,주주총회소집결의,형지엘리트
20260824000212,2026-08-24 14:10,DXVX,코스닥,주주총회소집결의(임시주주총회),디엑스앤브이엑스
20260824000192,2026-08-24 13:38,지에프씨생명과학,코스닥,주주총회소집결의(임시주주총회),지에프씨생명과학
20260824000160,2026-08-24 11:28,유티아이,코스닥,[정정]주주총회소집결의(임시주주총회),유티아이
20260821000883,2026-08-21 17:57,모아데이타,코스닥,[정정]주주총회소집결의(임시주주총회),모아데이타
20260821000760,2026-08-21 17:06,진에어,유가증권,주주총회소집결의,진에어
20260821000751,2026-08-21 17:05,에어부산,유가증권,주주총회소집결의,에어부산
20260821000730,2026-08-21 17:00,NH올원리츠,유가증권,주주총회소집결의,㈜엔에이치올원위탁관리부동산투자회사
20260821000643,2026-08-21 16:40,광진실업,코스닥,[정정]주주총회소집결의(임시주주총회),광진실업
20260821000437,2026-08-21 15:38,다보링크,코스닥,[정정]주주총회소집결의(임시주주총회),다보링크
20260821000327,2026-08-21 14:38,아스플로,코스닥,주주총회소집결의(임시주주총회),아스플로
20260821000315,2026-08-21 14:21,에이전트AI,코스닥,주주총회소집결의(임시주주총회),에이전트에이아이
20260820000723,2026-08-20 17:49,에넥스,유가증권,[정정]주주총회소집결의,에넥스
20260820000660,2026-08-20 17:16,본시스템즈,코넥스,주주총회소집 결의,본시스템즈
20260820000567,2026-08-20 17:04,이엠앤아이,코스닥,[정정]주주총회소집결의(임시주주총회),이엠앤아이
20260820000506,2026-08-20 16:49,오가닉티코스메틱,코스닥,[정정]주주총회소집결의,오가닉티코스메틱스홀딩스컴퍼니리미티드
20260820000500,2026-08-20 16:32,만호제강,유가증권,주주총회소집결의,만호제강
20260820000421,2026-08-20 16:09,이지케어텍,코스닥,[정정]주주총회소집결의(임시주주총회),이지케어텍
20260820000404,2026-08-20 16:01,엔비티,코스닥,주주총회소집결의(임시주주총회),엔비티
20260820000395,2026-08-20 15:49,빅텐츠,코스닥,[정정]주주총회소집결의,빅토리콘텐츠
20260820000355,2026-08-20 15:39,인지디스플레,코스닥,[정정]주주총회소집결의(임시주주총회),인지디스플레이
20260820000219,2026-08-20 13:37,케이옥션,코스닥,주주총회소집결의(임시주주총회),케이옥션
20260819000589,2026-08-19 17:29,양지사,코스닥,주주총회소집결의,양지사
20260819000280,2026-08-19 14:54,다이나믹솔루션,코스닥,[정정]주주총회소집결의(임시주주총회),다이나믹솔루션
20260819000273,2026-08-19 14:54,뉴보텍,코스닥,주주총회소집결의(임시주주총회),뉴보텍
20260819000230,2026-08-19 14:22,헝셩그룹,코스닥,주주총회소집결의(임시주주총회),헝셩그룹유한회사
20260819000160,2026-08-19 11:34,손오공,코스닥,[정정]주주총회소집결의(임시주주총회),손오공
20260819000158,2026-08-19 11:28,우림피티에스,코스닥,주주총회소집결의(임시주주총회),우림피티에스
20260818000737,2026-08-18 19:15,에스에스알,코스닥,주주총회소집결의(임시주주총회),에스에스알
20260818000665,2026-08-18 17:54,알엔투테크놀로지,코스닥,주주총회소집결의(임시주주총회),알엔투테크놀로지
20260818000582,2026-08-18 17:13,광진실업,코스닥,[정정]주주총회소집결의(임시주주총회),광진실업
20260818000560,2026-08-18 16:56,S&K폴리텍,코스닥,주주총회소집결의(임시주주총회),에스엔케이폴리텍
20260818000366,2026-08-18 15:44,유디엠텍,코스닥,주주총회소집결의,유디엠텍
20260818000284,2026-08-18 15:16,신테카바이오,코스닥,[정정]주주총회소집결의(임시주주총회),신테카바이오
20260818000319,2026-08-18 15:12,모바일어플라이언스,코스닥,주주총회소집결의,모바일어플라이언스
20260818000264,2026-08-18 14:35,루멘스바이오스,코스닥,[정정]주주총회소집결의(임시주주총회),루멘스바이오스
20260818000251,2026-08-18 14:13,실리콘투,코스닥,주주총회소집결의(임시주주총회),실리콘투
20260818000180,2026-08-18 12:03,영흥,유가증권,[정정]주주총회소집결의,영흥
20260818000150,2026-08-18 11:22,영흥,유가증권,주주총회소집결의,영흥
20260814003722,2026-08-14 18:11,E8,코스닥,주주총회소집결의,이에이트
20260814003612,2026-08-14 17:48,에스에너지,코스닥,주주총회소집결의(임시주주총회),에스에너지
20260814003295,2026-08-14 17:17,와이바이오로직스,코스닥,주주총회소집결의(임시주주총회),와이바이오로직스
20260814003101,2026-08-14 16:58,효성오앤비,코스닥,주주총회소집결의,효성오앤비
20260814002735,2026-08-14 16:40,아고스,코스닥,[정정]주주총회소집결의,아고스
20260814002709,2026-08-14 16:38,HS효성,유가증권,주주총회소집결의,에이치에스효성
20260814002635,2026-08-14 16:33,베노티앤알,코스닥,[정정]주주총회소집결의(임시주주총회),베노티앤알
20260814002031,2026-08-14 15:59,알엔투테크놀로지,코스닥,[정정]주주총회소집결의(임시주주총회),알엔투테크놀로지
20260814001878,2026-08-14 15:46,휴마시스,코스닥,주주총회소집결의(임시주주총회),휴마시스
20260814001744,2026-08-14 15:39,넥사다이내믹스,코스닥,[정정]주주총회소집결의(임시주주총회),넥사다이내믹스
20260814001199,2026-08-14 14:34,TJ미디어,코스닥,주주총회소집결의(임시주주총회),티제이미디어
20260814000308,2026-08-14 10:30,아이씨에이치,코스닥,[정정]주주총회소집결의(임시주주총회),아이씨에이치
20260813001493,2026-08-13 18:29,제이알글로벌리츠,유가증권,주주총회소집결의,제이알글로벌위탁관리부동산투자회사
20260813001315,2026-08-13 17:21,우진아이엔에스,유가증권,주주총회소집결의,우진아이엔에스
20260813001273,2026-08-13 17:10,동아쏘시오홀딩스,유가증권,주주총회소집결의,동아쏘시오홀딩스
20260813000905,2026-08-13 16:03,대림제지,코스닥,[정정]주주총회소집결의(임시주주총회),대림제지
20260813000904,2026-08-13 16:01,엔시트론,코스닥,[정정]주주총회소집결의,엔시트론
20260813000852,2026-08-13 15:47,페이퍼코리아,유가증권,주주총회소집결의,페이퍼코리아
20260813000814,2026-08-13 15:45,아이큐어,코스닥,[정정]주주총회소집결의,아이큐어
20260813000674,2026-08-13 15:03,엔바이오니아,코스닥,[정정]주주총회소집결의(임시주주총회),엔바이오니아
20260813000642,2026-08-13 14:58,비투엔,코스닥,[정정]주주총회소집결의,비투엔
20260813000547,2026-08-13 14:32,매드업,코스닥,주주총회소집결의(임시주주총회),매드업
20260813000559,2026-08-13 14:31,제노코,코스닥,주주총회소집결의(임시주주총회),제노코
20260813000183,2026-08-13 10:40,파라택시스이더리움,코스닥,주주총회소집결의(임시주주총회),파라택시스이더리움
20260813000105,2026-08-13 09:54,코윈로보틱스,코스닥,주주총회소집결의(임시주주총회),코윈로보틱스
20260812000848,2026-08-12 17:24,코난테크놀로지,코스닥,주주총회소집결의(임시주주총회),코난테크놀로지
20260812000852,2026-08-12 17:10,모아라이프플러스,코스닥,주주총회소집결의(임시주주총회),모아라이프플러스
20260812000721,2026-08-12 16:38,썸에이지,코스닥,주주총회소집결의(임시주주총회),썸에이지
20260812000733,2026-08-12 16:31,DMS,코스닥,[정정]주주총회소집결의(임시주주총회),디엠에스
20260812000563,2026-08-12 16:04,제이엠아이,코스닥,주주총회소집결의(임시주주총회),제이엠아이
20260812000528,2026-08-12 15:53,TS트릴리온,코스닥,[정정]주주총회소집결의,티에스트릴리온
20260812000486,2026-08-12 15:27,더코디,코스닥,[정정]주주총회소집결의(임시주주총회),더코디
20260812000471,2026-08-12 15:21,엘리비젼,코넥스,주주총회소집 결의,엘리비젼
20260812000276,2026-08-12 13:13,인바이오,코스닥,주주총회소집결의(임시주주총회),인바이오
20260812000234,2026-08-12 11:42,비케이홀딩스,코스닥,주주총회소집결의(임시주주총회),비케이홀딩스
20260812000217,2026-08-12 11:32,파이온엑스,코스닥,[정정]주주총회소집결의(임시주주총회),파이온엑스
20260811001007,2026-08-11 18:33,대구백화점,유가증권,[정정]주주총회소집결의,대구백화점
20260811000962,2026-08-11 17:46,제이스코홀딩스,코스닥,[정정]주주총회소집결의(임시주주총회),제이스코홀딩스
20260811000907,2026-08-11 17:27,강원랜드,유가증권,주주총회소집결의,강원랜드
20260811000696,2026-08-11 16:59,유티아이,코스닥,[정정]주주총회소집결의(임시주주총회),유티아이
20260811000651,2026-08-11 16:35,프리티,유가증권,주주총회소집결의,프리티
20260811000616,2026-08-11 16:27,빅텐츠,코스닥,[정정]주주총회소집결의(임시주주총회),빅토리콘텐츠
20260811000538,2026-08-11 16:18,멤레이비티,코스닥,[정정]주주총회소집결의(임시주주총회),멤레이비티
20260811000492,2026-08-11 15:57,빛과전자,코스닥,[정정]주주총회소집결의,빛과전자
20260811000490,2026-08-11 15:55,대양금속,유가증권,[정정]주주총회소집결의,대양금속
20260811000351,2026-08-11 14:54,푸드웰,코스닥,주주총회소집결의(임시주주총회),푸드웰
20260811000262,2026-08-11 13:48,에이프릴바이오,코스닥,주주총회소집결의(임시주주총회),에이프릴바이오
20260810000854,2026-08-10 18:00,나노씨엠에스,코스닥,주주총회소집결의(임시주주총회),나노씨엠에스
20260810000788,2026-08-10 17:25,아센디오,유가증권,[정정]주주총회소집결의,아센디오
20260810000778,2026-08-10 17:17,코아스,유가증권,[정정]주주총회소집결의,코아스
20260810000612,2026-08-10 16:40,케이아이이,유가증권,[정정]주주총회소집결의,케이아이이
20260810000628,2026-08-10 16:34,마음AI,코스닥,주주총회소집결의(임시주주총회),마음에이아이
20260807001025,2026-08-07 18:34,엠엑스로보틱스,코스닥,주주총회소집결의(임시주주총회),엠엑스로보틱스
20260807000971,2026-08-07 17:51,대호에이엘,유가증권,[정정]주주총회소집결의,대호에이엘
20260807000927,2026-08-07 17:35,에스아이리소스,코스닥,[정정]주주총회소집결의(임시주주총회),에스아이리소스
20260807000876,2026-08-07 17:08,모아데이타,코스닥,[정정]주주총회소집결의(임시주주총회),모아데이타
20260807000764,2026-08-07 16:53,아미코젠,코스닥,[정정]주주총회소집결의(임시주주총회),아미코젠
20260807000690,2026-08-07 16:28,유니슨,코스닥,[정정]주주총회소집결의(임시주주총회),유니슨
20260807000675,2026-08-07 16:22,한국가스공사,유가증권,주주총회소집결의,한국가스공사
20260807000692,2026-08-07 16:21,대창솔루션,코스닥,[정정]주주총회소집결의(임시주주총회),대창솔루션
20260807000615,2026-08-07 16:11,카카오게임즈,코스닥,주주총회소집결의,카카오게임즈
20260807000557,2026-08-07 15:54,테라사이언스,코스닥,[정정]주주총회소집결의,테라사이언스
20260807000353,2026-08-07 14:40,ESR켄달스퀘어리츠,유가증권,주주총회소집결의,이에스알켄달스퀘어위탁관리부동산투자회사
20260807000295,2026-08-07 13:57,에스켐,코스닥,주주총회소집결의(임시주주총회),에스켐
20260807000301,2026-08-07 13:55,한화에어로스페이스,유가증권,주주총회소집결의,한화에어로스페이스
20260807000273,2026-08-07 13:38,진도,유가증권,주주총회소집결의,진도
20260806000623,2026-08-06 17:27,성우테크론,코스닥,주주총회소집결의(임시주주총회),성우테크론
20260806000620,2026-08-06 17:17,에스트래픽,코스닥,주주총회소집결의(임시주주총회),에스트래픽
20260806000582,2026-08-06 16:53,인바이츠바이오코아,코넥스,주주총회소집 결의,인바이츠바이오코아
20260806000390,2026-08-06 16:31,휴젤,코스닥,[정정]주주총회소집결의(임시주주총회),휴젤
20260806000321,2026-08-06 15:51,퀀타매트릭스,코스닥,주주총회소집결의(임시주주총회),퀀타매트릭스
20260806000349,2026-08-06 15:45,지놈앤컴퍼니,코스닥,[정정]주주총회소집결의,지놈앤컴퍼니
20260806000327,2026-08-06 15:40,아이오케이이엔엠,코스닥,[정정]주주총회소집결의,아이오케이이엔엠
20260806000274,2026-08-06 15:03,코람코더원리츠,유가증권,주주총회소집결의,코람코더원위탁관리부동산투자회사
20260806000197,2026-08-06 14:00,플래스크,코스닥,[정정]주주총회소집결의(임시주주총회),플래스크
20260805000737,2026-08-05 17:15,알리코제약,코스닥,주주총회소집결의(임시주주총회),알리코제약
20260805000681,2026-08-05 17:11,현대사료,코스닥,주주총회소집결의(임시주주총회),현대사료
20260805000639,2026-08-05 16:40,비츠로시스,코스닥,주주총회소집결의(임시주주총회),비츠로시스
20260805000621,2026-08-05 16:38,세종메디칼,코스닥,주주총회소집결의(임시주주총회),세종메디칼
20260805000583,2026-08-05 16:14,테라뷰,코스닥,주주총회소집결의,테라뷰홀딩스
20260805000445,2026-08-05 15:35,리튬포어스,코스닥,주주총회소집결의(임시주주총회),리튬포어스
20260805000395,2026-08-05 14:55,디모아,코스닥,[정정]주주총회소집결의(임시주주총회),디모아
20260805000360,2026-08-05 14:28,미래에셋맵스리츠,유가증권,주주총회소집결의,㈜미래에셋맵스제1호위탁관리부동산투자회사
20260805000256,2026-08-05 11:31,아센디오,유가증권,[정정]주주총회소집결의,아센디오
20260805000173,2026-08-05 10:22,다보링크,코스닥,[정정]주주총회소집결의(임시주주총회),다보링크
20260804000967,2026-08-04 18:25,좋은사람들,코스닥,[정정]주주총회소집결의(임시주주총회),좋은사람들
20260804000593,2026-08-04 16:42,아이엘,코스닥,[정정]주주총회소집결의(임시주주총회),아이엘
20260804000503,2026-08-04 16:23,코이즈,코스닥,[정정]주주총회소집결의(임시주주총회),코이즈
20260804000478,2026-08-04 16:01,에이텀,코스닥,[정정]주주총회소집결의(임시주주총회),에이텀
20260804000467,2026-08-04 15:52,휴온스,코스닥,[정정]주주총회소집결의(임시주주총회),휴온스
20260804000431,2026-08-04 15:47,엔키AX,코스닥,주주총회소집결의(임시주주총회),엔키에이엑스
20260804000401,2026-08-04 15:33,한화시스템,유가증권,주주총회소집결의,한화시스템
20260804000392,2026-08-04 15:10,알에프텍,코스닥,[정정]주주총회소집결의(임시주주총회),알에프텍
20260804000368,2026-08-04 15:01,에코볼트,코스닥,[정정]주주총회소집결의(임시주주총회),에코볼트
20260804000319,2026-08-04 14:25,성원에너텍,코스닥,[정정]주주총회소집결의,성원에너텍
20260804000263,2026-08-04 14:03,레이,코스닥,주주총회소집결의(임시주주충회),레이
20260804000160,2026-08-04 11:08,일월지엠엘,코스닥,[정정]주주총회소집결의,일월지엠엘
20260803001045,2026-08-03 18:00,아이큐어,코스닥,[정정]주주총회소집결의,아이큐어
20260803000982,2026-08-03 17:17,아센디오,유가증권,[정정]주주총회소집결의,아센디오
20260803000962,2026-08-03 17:16,하이퍼코퍼레이션,코스닥,[정정]주주총회소집결의,하이퍼코퍼레이션
20260803000864,2026-08-03 16:45,신한제16호스팩,코스닥,주주총회소집결의(임시주주총회),신한제16호기업인수목적
20260803000743,2026-08-03 16:11,신한제15호스팩,코스닥,주주총회소집결의(임시주주총회),신한제15호기업인수목적
20260803000564,2026-08-03 15:14,조이웍스앤코,코스닥,주주총회소집결의(임시주주총회),조이웍스앤코
20260803000529,2026-08-03 14:04,엑셈,코스닥,주주총회소집결의(임시주주총회),엑셈
20260731001288,2026-07-31 17:31,파인테크닉스,코스닥,[정정]주주총회소집결의(임시주주총회),파인테크닉스
20260731001301,2026-07-31 17:28,다스코,유가증권,주주총회소집결의,다스코
20260731001173,2026-07-31 17:03,큐렉소,코스닥,주주총회소집결의(임시주주총회),큐렉소
20260731001092,2026-07-31 16:49,코람코라이프인프라리츠,유가증권,주주총회소집결의,코람코라이프인프라위탁관리부동산투자회사
20260731000821,2026-07-31 16:26,다산솔루에타,코스닥,[정정]주주총회소집결의(임시주주총회),다산솔루에타
20260731000986,2026-07-31 16:21,월덱스,코스닥,주주총회소집결의(임시주주총회),월덱스
20260731000818,2026-07-31 15:44,이노인스트루먼트,코스닥,주주총회소집결의(임시주주총회),이노인스트루먼트
20260731000580,2026-07-31 14:17,프로이천,코스닥,주주총회소집결의(임시주주총회),프로이천
20260731000523,2026-07-31 13:59,광진실업,코스닥,[정정]주주총회소집결의(임시주주총회),광진실업
20260731000477,2026-07-31 13:36,벨로크,코스닥,주주총회소집결의(임시주주총회),벨로크
20260731000363,2026-07-31 11:03,루멘스바이오스,코스닥,[정정]주주총회소집결의(임시주주총회),루멘스바이오스
20260730000820,2026-07-30 17:05,코퍼스코리아,코스닥,[정정]주주총회소집결의(임시주주총회),코퍼스코리아
20260730000780,2026-07-30 16:55,이니텍,코스닥,[정정]주주총회소집결의(임시주주총회),이니텍
20260730000826,2026-07-30 16:54,휴림에이텍,코스닥,주주총회소집결의(임시주주총회),휴림에이텍
20260730000602,2026-07-30 16:00,다산디엠씨,코스닥,[정정]주주총회소집결의,다산디엠씨
20260730000586,2026-07-30 15:55,케이이엠텍,코스닥,[정정]주주총회소집결의(임시주주총회),케이이엠텍
20260730000531,2026-07-30 15:47,KG모빌리티플랫폼,유가증권,주주총회소집결의,케이지모빌리티플랫폼
20260730000471,2026-07-30 15:05,유아이디,코스닥,주주총회소집결의(임시주주총회),유아이디
20260730000339,2026-07-30 13:47,로젠,코스닥,[정정]주주총회소집결의(임시주주총회),로젠
20260730000275,2026-07-30 11:17,모다이노칩,코스닥,[정정]주주총회소집결의,모다이노칩
20260729001088,2026-07-29 18:29,에이전트AI,코스닥,[정정]주주총회소집결의(임시주주총회),에이전트에이아이
20260729000839,2026-07-29 16:32,엔투텍,코스닥,[정정]주주총회소집결의(임시주주총회),엔투텍
20260729000821,2026-07-29 16:22,앱튼,코스닥,[정정]주주총회소집결의(임시주주총회),앱튼
20260729000763,2026-07-29 16:17,자비스,코스닥,주주총회소집결의(임시주주총회),자비스
20260729000781,2026-07-29 16:16,한주에이알티,코스닥,[정정]주주총회소집결의(임시주주총회),한주에이알티
20260729000614,2026-07-29 15:17,제이케이시냅스,코스닥,주주총회소집결의(임시주주총회),제이케이시냅스
20260729000541,2026-07-29 14:43,대신밸류리츠,유가증권,주주총회소집결의,대신밸류리츠위탁관리부동산투자회사
20260729000436,2026-07-29 13:53,KS인더스트리,코스닥,주주총회소집결의,케이에스인더스트리
20260729000228,2026-07-29 11:01,아가방컴퍼니,코스닥,주주총회소집결의(임시주주총회),아가방앤컴퍼니
20260729000003,2026-07-29 07:38,디에스케이,코스닥,[정정]주주총회소집결의(임시주주총회),디에스케이
20260728000837,2026-07-28 17:22,대웅제약,유가증권,주주총회소집결의,대웅제약
20260728000818,2026-07-28 17:08,젠큐릭스,코스닥,주주총회소집결의(임시주주총회),젠큐릭스
20260728000751,2026-07-28 16:50,인지디스플레,코스닥,주주총회소집결의(임시주주총회),인지디스플레이
20260728000725,2026-07-28 16:31,크라우드웍스,코스닥,주주총회소집결의,크라우드웍스
20260728000722,2026-07-28 16:30,기가레인,코스닥,주주총회소집결의,기가레인
20260728000550,2026-07-28 15:46,한울소재과학,코스닥,[정정]주주총회소집결의,한울소재과학
20260728000570,2026-07-28 15:42,한울반도체,코스닥,[정정]주주총회소집결의(임시주주총회),한울반도체
20260728000511,2026-07-28 15:17,빅텐츠,코스닥,[정정]주주총회소집결의(임시주주총회),빅토리콘텐츠
20260728000485,2026-07-28 15:07,코스나인,코스닥,[정정]주주총회소집결의(임시주주총회),코스나인
20260728000474,2026-07-28 14:40,오가닉티코스메틱,코스닥,주주총회소집결의(임시주주총회),오가닉티코스메틱스홀딩스컴퍼니리미티드
20260727000762,2026-07-27 17:52,대영포장,유가증권,주주총회소집결의,대영포장
20260727000734,2026-07-27 17:48,PI첨단소재,유가증권,주주총회소집결의,피아이첨단소재
20260727000635,2026-07-27 16:53,셀루메드,코스닥,[정정]주주총회소집결의(임시주주총회),셀루메드
20260727000574,2026-07-27 16:43,한화투자증권,유가증권,주주총회소집결의,한화투자증권
20260727000463,2026-07-27 16:11,사토시홀딩스,코스닥,주주총회소집결의(임시주주총회),사토시홀딩스
20260727000434,2026-07-27 15:56,중앙첨단소재,코스닥,[정정]주주총회소집결의(임시주주총회),중앙첨단소재
20260727000411,2026-07-27 15:54,옵티코어,코스닥,주주총회소집결의,옵티코어
20260727000364,2026-07-27 15:25,본느,코스닥,주주총회소집결의,본느
20260727000188,2026-07-27 13:09,디앤디플랫폼리츠,유가증권,주주총회소집결의,디앤디플랫폼위탁관리부동산투자회사
20260727000143,2026-07-27 10:41,에어레인,코스닥,주주총회소집결의(임시주주총회),㈜에어레인
20260724000748,2026-07-24 16:50,SK디스커버리,유가증권,주주총회소집결의,에스케이디스커버리
20260724000572,2026-07-24 15:55,씨아이테크,유가증권,[정정]주주총회소집결의,씨아이테크
20260724000481,2026-07-24 15:20,대호에이엘,유가증권,[정정]주주총회소집결의,대호에이엘
20260724000466,2026-07-24 15:20,서울평가정보,코스닥,주주총회소집결의(임시주주총회),서울평가정보
20260724000432,2026-07-24 14:52,원익IPS,코스닥,주주총회소집결의,원익아이피에스
20260724000347,2026-07-24 14:11,알에프텍,코스닥,[정정]주주총회소집결의(임시주주총회),알에프텍
20260724000343,2026-07-24 14:08,엔비티,코스닥,[정정]주주총회소집결의(임시주주총회),엔비티
20260724000313,2026-07-24 13:56,에코볼트,코스닥,[정정]주주총회소집결의(임시주주총회),에코볼트
20260724000164,2026-07-24 11:06,대진첨단소재,코스닥,[정정]주주총회소집결의(임시주주총회),대진첨단소재
20260723000539,2026-07-23 16:19,케이이엠텍,코스닥,[정정]주주총회소집결의(임시주주총회),케이이엠텍
20260723000621,2026-07-23 16:15,모아데이타,코스닥,[정정]주주총회소집결의(임시주주총회),모아데이타
20260723000520,2026-07-23 15:59,이노진,코스닥,[정정]주주총회소집결의(임시주주총회),이노진
20260723000511,2026-07-23 15:57,다이나믹솔루션,코스닥,주주총회소집결의(임시주주총회),다이나믹솔루션
20260723000547,2026-07-23 15:56,넥사다이내믹스,코스닥,[정정]주주총회소집결의(임시주주총회),넥사다이내믹스
20260723000528,2026-07-23 15:52,KT지니뮤직,코스닥,주주총회소집결의(임시주주총회),케이티지니뮤직
20260723000472,2026-07-23 15:21,이엠앤아이,코스닥,주주총회소집결의(임시주주총회),이엠앤아이
20260723000465,2026-07-23 15:18,빅텐츠,코스닥,[정정]주주총회소집결의(임시주주총회),빅토리콘텐츠
20260723000346,2026-07-23 14:22,신테카바이오,코스닥,[정정]주주총회소집결의(임시주주총회),신테카바이오
20260723000186,2026-07-23 10:50,이지케어텍,코스닥,주주총회소집결의(임시주주총회),이지케어텍
20260723000152,2026-07-23 10:49,유니슨,코스닥,주주총회소집결의(임시주주총회),유니슨
20260723000180,2026-07-23 10:45,제이엠아이,코스닥,주주총회소집결의(임시주주총회),제이엠아이
20260722000853,2026-07-22 17:29,금호타이어,유가증권,주주총회소집결의,금호타이어
20260722000776,2026-07-22 17:21,윙입푸드,코스닥,[정정]주주총회소집결의(임시주주총회),윙입푸드홀딩스
20260722000673,2026-07-22 16:36,KG케미칼,유가증권,[정정]주주총회소집결의,KG케미칼
20260722000588,2026-07-22 16:15,아이씨에이치,코스닥,주주총회소집결의(임시주주총회),아이씨에이치
20260722000485,2026-07-22 15:49,아틀라스링크,코스닥,[정정]주주총회소집결의(임시주주총회),아틀라스링크
20260722000429,2026-07-22 15:18,CMG제약,코스닥,주주총회소집결의(임시주주총회),CMG제약
20260722000428,2026-07-22 15:06,아티스트컴퍼니,코스닥,주주총회소집결의(임시주주총회),아티스트컴퍼니
20260722000380,2026-07-22 14:39,바이브컴퍼니,코스닥,[정정]주주총회소집결의(임시주주총회),바이브컴퍼니
20260722000370,2026-07-22 14:20,SK디앤디,유가증권,[정정]주주총회소집결의,SK디앤디
20260721001380,2026-07-21 17:40,애드바이오텍,코스닥,[정정]주주총회소집결의(임시주주총회),애드바이오텍
20260721001311,2026-07-21 17:24,씨엑스아이,코스닥,[정정]주주총회소집결의(임시주주총회),씨엑스아이헬스케어테크놀리지그룹리미티드
20260721001331,2026-07-21 17:13,아이큐어,코스닥,[정정]주주총회소집결의(임시주주총회),아이큐어
20260721001148,2026-07-21 16:43,다보링크,코스닥,주주총회소집결의(임시주주총회),다보링크
20260721001118,2026-07-21 16:37,딥커머스,코스닥,[정정]주주총회소집결의(임시주주총회),딥커머스리미티드
20260721000687,2026-07-21 16:10,디에스케이,코스닥,[정정]주주총회소집결의,디에스케이
20260721000639,2026-07-21 16:08,SDN,코스닥,[정정]주주총회소집결의(임시주주총회),에스디엔
20260721000948,2026-07-21 16:06,에넥스,유가증권,주주총회소집결의,에넥스
20260721000787,2026-07-21 16:06,엔바이오니아,코스닥,주주총회소집결의(임시주주총회),엔바이오니아
20260721000989,2026-07-21 16:04,옴니시스템,코스닥,주주총회소집결의(임시주주총회),옴니시스템
20260721000923,2026-07-21 16:04,엘디티,코스닥,[정정]주주총회소집결의(임시주주총회),엘디티
20260721000927,2026-07-21 16:03,고려아연,유가증권,주주총회소집결의,고려아연
20260721000693,2026-07-21 15:59,HD현대일렉트릭,유가증권,주주총회소집결의,에이치디현대일렉트릭
20260721000566,2026-07-21 15:15,코스나인,코스닥,[정정]주주총회소집결의,코스나인
20260721000459,2026-07-21 14:36,DMS,코스닥,주주총회소집결의(임시주주총회),디엠에스
20260720000802,2026-07-20 18:18,파라택시스코리아,코스닥,주주총회소집결의(임시주주총회),파라택시스 코리아
20260720000667,2026-07-20 18:13,파라택시스이더리움,코스닥,주주총회소집결의(임시주주총회),파라택시스이더리움
20260720000666,2026-07-20 17:57,파라택시스이더리움,코스닥,[정정]주주총회소집결의,파라택시스이더리움
20260720000677,2026-07-20 17:48,파라택시스코리아,코스닥,[정정]주주총회소집결의(임시주주총회),파라택시스 코리아
20260720000504,2026-07-20 16:44,모아데이타,코스닥,[정정]주주총회소집결의(임시주주총회),모아데이타
20260720000493,2026-07-20 16:42,세화피앤씨,코스닥,주주총회소집결의(임시주주총회),세화피앤씨
20260720000527,2026-07-20 16:39,아세아텍,코스닥,주주총회소집결의(임시주주총회),아세아텍
20260720000506,2026-07-20 16:33,아고스,코스닥,주주총회소집결의(임시주주총회),아고스
20260720000425,2026-07-20 15:58,TS트릴리온,코스닥,주주총회소집결의(임시주주총회),티에스트릴리온
20260720000435,2026-07-20 15:57,삼일씨엔에스,유가증권,주주총회소집결의,삼일씨엔에스
20260720000438,2026-07-20 15:55,코아스,유가증권,주주총회소집결의,코아스
20260720000406,2026-07-20 15:47,비투엔,코스닥,주주총회소집결의(임시주주총회),비투엔
20260720000394,2026-07-20 15:45,NEW,코스닥,주주총회소집결의(임시주주총회),넥스트엔터테인먼트월드
20260720000361,2026-07-20 15:32,유티아이,코스닥,주주총회소집결의(임시주주총회),유티아이
20260720000354,2026-07-20 15:24,대림제지,코스닥,주주총회소집결의(임시주주총회),대림제지
20260720000346,2026-07-20 15:19,신테카바이오,코스닥,주주총회소집결의(임시주주총회),신테카바이오
20260720000344,2026-07-20 15:17,알에프세미,코스닥,주주총회소집결의(임시주주총회),알에프세미
20260720000247,2026-07-20 14:00,알엔투테크놀로지,코스닥,[정정]주주총회소집결의(임시주주총회),알엔투테크놀로지
20260720000229,2026-07-20 13:29,손오공,코스닥,주주총회소집결의(임시주주총회),손오공
20260716001117,2026-07-16 18:27,교보증권,유가증권,주주총회소집결의,교보증권
20260716001007,2026-07-16 17:26,인콘,코스닥,[정정]주주총회소집결의,인콘
20260716000947,2026-07-16 17:04,NH프라임리츠,유가증권,주주총회소집결의,엔에이치프라임위탁관리부동산투자회사
20260716000820,2026-07-16 16:49,빌리언스,코스닥,[정정]주주총회소집결의(임시주주총회),빌리언스
20260716000762,2026-07-16 16:40,아리바이오홀딩스,코스닥,[정정]주주총회소집결의(임시주주총회),아리바이오홀딩스
20260716000790,2026-07-16 16:38,케이바이오랩스,코스닥,[정정]주주총회소집결의(임시주주총회),케이바이오랩스
20260716000817,2026-07-16 16:35,케이아이이,유가증권,주주총회소집결의,케이아이이
20260716000780,2026-07-16 16:27,멕아이씨에스,코스닥,[정정]주주총회소집결의(임시주주총회),멕아이씨에스
20260716000737,2026-07-16 16:22,유틸렉스,코스닥,주주총회소집결의(임시주주총회),유틸렉스
20260716000653,2026-07-16 16:08,동일기연,코스닥,주주총회소집결의(임시주주총회),동일기연
20260716000564,2026-07-16 15:43,아이엠지티,코넥스,주주총회소집 결의,아이엠지티
20260716000583,2026-07-16 15:42,아센디오,유가증권,주주총회소집결의,아센디오
20260716000561,2026-07-16 15:29,이월드,유가증권,주주총회소집결의,이월드
20260716000535,2026-07-16 15:29,에이팩트,코스닥,주주총회소집결의(임시주주총회),에이팩트
20260716000389,2026-07-16 14:11,컴퍼니케이,코스닥,주주총회소집결의(임시주주총회),컴퍼니케이파트너스
20260716000283,2026-07-16 13:26,SK디앤디,유가증권,[정정]주주총회소집결의,SK디앤디
20260716000243,2026-07-16 11:26,디오,코스닥,주주총회소집결의(임시주주총회),디오
20260716000003,2026-07-16 07:39,대구백화점,유가증권,주주총회소집결의,대구백화점
20260715000732,2026-07-15 16:59,엘디티,코스닥,주주총회소집결의(임시주주총회),엘디티
20260715000579,2026-07-15 16:49,옵트론텍,코스닥,[정정]주주총회소집결의(임시주주총회),옵트론텍
20260715000608,2026-07-15 16:44,지니틱스,코스닥,[정정]주주총회소집결의(임시주주총회),지니틱스
20260715000625,2026-07-15 16:35,이스타코,유가증권,[정정]주주총회소집결의,이스타코
20260715000622,2026-07-15 16:29,교보16호스팩,코스닥,주주총회소집결의(임시주주총회),교보16호기업인수목적
20260715000596,2026-07-15 16:20,빅텐츠,코스닥,[정정]주주총회소집결의(임시주주총회),빅토리콘텐츠
20260715000484,2026-07-15 16:05,올릭스,코스닥,주주총회소집결의(임시주주총회),올릭스
20260715000462,2026-07-15 15:58,비비안,유가증권,[정정]주주총회소집결의,비비안
20260715000517,2026-07-15 15:57,MDS스피어,유가증권,[정정]주주총회소집결의,MDS스피어
20260715000447,2026-07-15 15:34,파이온엑스,코스닥,[정정]주주총회소집결의(임시주주총회),파이온엑스
20260715000395,2026-07-15 15:31,아리바이오LAB,코스닥,[정정]주주총회소집결의,아리바이오랩
20260715000380,2026-07-15 15:09,이지스,코스닥,주주총회소집결의(임시주주총회),이지스
20260715000333,2026-07-15 14:42,케이이엠텍,코스닥,[정정]주주총회소집결의(임시주주총회),케이이엠텍
20260715000307,2026-07-15 14:17,코이즈,코스닥,주주총회소집결의(임시주주총회),코이즈
20260715000286,2026-07-15 14:07,MSDI,코스닥,[정정]주주총회소집결의(임시주주총회),엠에스디아이
20260714000743,2026-07-14 17:23,씨씨에스,코스닥,[정정]주주총회소집결의(임시주주총회),씨씨에스충북방송
20260714000692,2026-07-14 17:06,로지스몬,코넥스,[정정]주주총회소집 결의,로지스몬
20260714000484,2026-07-14 15:24,엄지하우스,코넥스,주주총회소집 결의,엄지하우스
20260714000410,2026-07-14 14:59,멤레이비티,코스닥,[정정]주주총회소집결의(임시주주총회),멤레이비티
20260714000381,2026-07-14 14:42,이스트에이드,코스닥,[정정]주주총회소집결의(임시주주총회),이스트에이드
20260714000382,2026-07-14 14:33,경동도시가스,유가증권,주주총회소집결의,경동도시가스
20260714000369,2026-07-14 14:18,디에스케이,코스닥,[정정]주주총회소집결의,디에스케이
20260714000191,2026-07-14 10:33,CJ씨푸드,유가증권,주주총회소집결의,CJ씨푸드
20260713000777,2026-07-13 17:55,일신석재,유가증권,주주총회소집결의,일신석재
20260713000660,2026-07-13 16:54,HT로보틱스,코스닥,주주총회소집결의(임시주주총회),에이치티로보틱스
20260713000353,2026-07-13 14:51,오에스피,코스닥,[정정]주주총회소집결의(임시주주총회),오에스피
20260713000300,2026-07-13 14:19,알엔투테크놀로지,코스닥,[정정]주주총회소집결의(임시주주총회),알엔투테크놀로지
20260713000252,2026-07-13 13:24,이브이첨단소재,코스닥,주주총회소집결의(임시주주총회),이브이첨단소재
20260713000255,2026-07-13 13:17,SK이터닉스,유가증권,주주총회소집결의,SK이터닉스
20260710000982,2026-07-10 18:04,좋은사람들,코스닥,주주총회소집결의,좋은사람들
20260710000946,2026-07-10 17:30,파인테크닉스,코스닥,주주총회소집결의(임시주주총회),파인테크닉스
20260710000908,2026-07-10 17:09,프리티,유가증권,[정정]주주총회소집결의,프리티
20260710000769,2026-07-10 16:47,동방메디컬,코스닥,주주총회소집결의(임시주주총회),동방메디컬
20260710000773,2026-07-10 16:45,다산디엠씨,코스닥,주주총회소집결의(임시주주총회),다산디엠씨
20260710000711,2026-07-10 16:15,트윔,코스닥,주주총회소집결의(임시주주총회),트윔
20260710000674,2026-07-10 16:14,다산솔루에타,코스닥,주주총회소집결의(임시주주총회),다산솔루에타
20260710000636,2026-07-10 16:06,엔투텍,코스닥,[정정]주주총회소집결의,엔투텍
20260710000624,2026-07-10 16:05,지놈앤컴퍼니,코스닥,주주총회소집결의(임시주주총회),지놈앤컴퍼니
20260710000576,2026-07-10 15:48,앱튼,코스닥,[정정]주주총회소집결의(임시주주총회),앱튼
20260710000562,2026-07-10 15:29,엔시트론,코스닥,[정정]주주총회소집결의,엔시트론
20260710000443,2026-07-10 14:19,플래스크,코스닥,주주총회소집결의(임시주주총회),플래스크
20260710000416,2026-07-10 13:45,아톤,코스닥,[정정]주주총회소집결의(임시주주총회),아톤
20260710000404,2026-07-10 13:34,알에프텍,코스닥,[정정]주주총회소집결의(임시주주총회),알에프텍
20260710000401,2026-07-10 13:28,에코볼트,코스닥,[정정]주주총회소집결의(임시주주총회),에코볼트
20260709000759,2026-07-09 18:48,주성코퍼레이션,유가증권,[정정]주주총회소집결의,주성코퍼레이션
20260709000612,2026-07-09 17:03,DH오토넥스,유가증권,[정정]주주총회소집결의,디에이치오토넥스
20260709000591,2026-07-09 17:00,서울제약,코스닥,주주총회소집결의,서울제약
20260709000445,2026-07-09 16:29,모아라이프플러스,코스닥,[정정]주주총회소집결의(임시주주총회),모아라이프플러스
20260709000527,2026-07-09 16:28,넥사다이내믹스,코스닥,[정정]주주총회소집결의(임시주주총회),넥사다이내믹스
20260709000516,2026-07-09 16:24,빛과전자,코스닥,주주총회소집결의,빛과전자
20260709000402,2026-07-09 15:49,제이엘케이,코스닥,주주총회소집결의(임시주주총회),제이엘케이
20260709000301,2026-07-09 15:12,엑셈,코스닥,주주총회소집결의(임시주주총회),엑셈
20260709000191,2026-07-09 13:17,에프에스티,코스닥,주주총회소집결의(임시주주총회),에프에스티
20260708000791,2026-07-08 17:38,아즈텍WB,코스닥,주주총회소집결의(임시주주총회),아즈텍더블유비이
20260708000698,2026-07-08 16:55,크로넥스,코넥스,[정정]주주총회소집 결의,크로넥스
20260708000541,2026-07-08 16:11,아센디오,유가증권,[정정]주주총회소집결의,아센디오
20260708000512,2026-07-08 15:45,에스엠국일,코스닥,주주총회소집결의(임시주주총회),에스엠국일
20260708000483,2026-07-08 15:32,더코디,코스닥,[정정]주주총회소집결의(임시주주총회),더코디
20260708000479,2026-07-08 15:28,두올,유가증권,[정정]주주총회소집결의,두올
20260708000425,2026-07-08 14:53,토박스코리아,코스닥,주주총회소집결의(임시주주총회),토박스코리아
20260708000379,2026-07-08 14:23,누보,코스닥,[정정]주주총회소집결의,누보
20260708000183,2026-07-08 10:27,윙스풋,코스닥,[정정]주주총회소집결의,윙스풋
20260707000798,2026-07-07 18:11,아센디오,유가증권,[정정]주주총회소집결의,아센디오
20260707000745,2026-07-07 17:31,한국가스공사,유가증권,주주총회소집결의,한국가스공사
20260707000692,2026-07-07 17:19,블루산업개발,유가증권,[정정]주주총회소집결의,블루산업개발
20260707000523,2026-07-07 16:45,슈프리마,코스닥,[정정]주주총회소집결의(임시주주총회),슈프리마
20260707000564,2026-07-07 16:32,삼성FN리츠,유가증권,주주총회소집결의,삼성에프엔위탁관리부동산투자회사
20260707000525,2026-07-07 16:27,세림B&G,코스닥,[정정]주주총회소집결의(임시주주총회),세림비앤지
20260707000538,2026-07-07 16:19,수성웹툰,코스닥,[정정]주주총회소집결의(임시주주총회),수성웹툰
20260707000491,2026-07-07 16:14,퀀텀레일,코스닥,[정정]주주총회소집결의(임시주주총회),퀀텀레일
20260707000484,2026-07-07 16:09,하나투어,유가증권,주주총회소집결의,하나투어
20260707000459,2026-07-07 16:00,대양금속,유가증권,[정정]주주총회소집결의,대양금속
20260707000420,2026-07-07 15:47,슈프리마에이치큐,코스닥,[정정]주주총회소집결의(임시주주총회),슈프리마에이치큐
20260707000413,2026-07-07 15:32,흥아해운,유가증권,주주총회소집결의,흥아해운
20260707000398,2026-07-07 15:24,제주반도체,코스닥,[정정]주주총회소집결의(임시주주총회),제주반도체
20260707000380,2026-07-07 15:07,모아라이프플러스,코스닥,[정정]주주총회소집결의(임시주주총회),모아라이프플러스
20260707000233,2026-07-07 11:59,LK삼양,코스닥,주주총회소집결의(임시주주총회),엘케이삼양
20260706000896,2026-07-06 18:37,제이알글로벌리츠,유가증권,주주총회소집결의,제이알글로벌위탁관리부동산투자회사
20260706000805,2026-07-06 17:52,모아데이타,코스닥,[정정]주주총회소집결의(임시주주총회),모아데이타
20260706000775,2026-07-06 17:24,형지엘리트,유가증권,주주총회소집결의,형지엘리트
20260706000779,2026-07-06 17:20,대호에이엘,유가증권,[정정]주주총회소집결의,대호에이엘
20260706000755,2026-07-06 17:17,엔비티,코스닥,주주총회소집결의,엔비티
20260706000696,2026-07-06 17:16,에스투더블유,코스닥,주주총회소집결의,에스투더블유
20260706000602,2026-07-06 16:21,크로넥스,코넥스,주주총회소집 결의,크로넥스
20260706000460,2026-07-06 15:35,대창솔루션,코스닥,주주총회소집결의(임시주주총회),대창솔루션
20260706000385,2026-07-06 14:41,에이텀,코스닥,주주총회소집결의(임시주주총회),에이텀
20260706000320,2026-07-06 13:34,루멘스바이오스,코스닥,주주총회소집결의(임시주주총회),루멘스바이오스
20260706000304,2026-07-06 13:12,일월지엠엘,코스닥,주주총회소집결의(임시주주총회),일월지엠엘
20260703000983,2026-07-03 17:32,모비릭스,코스닥,[정정]주주총회소집결의,모비릭스
20260703000979,2026-07-03 17:28,조이웍스앤코,코스닥,[정정]주주총회소집결의,조이웍스앤코
20260703000902,2026-07-03 17:15,베노티앤알,코스닥,주주총회소집결의(임시주주총회),베노티앤알
20260703000900,2026-07-03 17:01,이스트소프트,코스닥,주주총회소집결의(임시주주총회),이스트소프트
20260703000733,2026-07-03 16:14,피플바이오,코스닥,[정정]주주총회소집결의(임시주주총회),피플바이오
20260703000541,2026-07-03 15:37,옵트론텍,코스닥,[정정]주주총회소집결의(임시주주총회),옵트론텍
20260703000557,2026-07-03 15:35,빅텐츠,코스닥,[정정]주주총회소집결의(임시주주총회),빅토리콘텐츠
20260703000377,2026-07-03 13:31,에스디시스템,코스닥,[정정]주주총회소집결의(임시주주총회),에스디시스템
20260703000340,2026-07-03 11:51,와이즈버즈,코스닥,[정정]주주총회소집결의(임시주주총회),와이즈버즈
20260703000315,2026-07-03 11:04,에이전트AI,코스닥,주주총회소집결의(임시주주총회),에이전트에이아이
20260702000956,2026-07-02 18:29,하나34호스팩,코스닥,주주총회소집결의(임시주주총회),하나34호기업인수목적
20260702000888,2026-07-02 17:48,광진실업,코스닥,주주총회소집결의(임시주주총회),광진실업
20260702000765,2026-07-02 17:00,에이비온,코스닥,주주총회소집결의(임시주주총회),에이비온
20260702000711,2026-07-02 16:41,한울앤제주,코스닥,[정정]주주총회소집결의(임시주주총회),한울앤제주
20260702000523,2026-07-02 15:33,크라우드웍스,코스닥,[정정]주주총회소집결의,크라우드웍스
20260702000461,2026-07-02 15:22,HK이노엔,코스닥,주주총회소집결의(임시주주총회),에이치케이이노엔
20260702000431,2026-07-02 14:58,중앙첨단소재,코스닥,주주총회소집결의(임시주주총회),중앙첨단소재
20260702000418,2026-07-02 14:44,RFHIC,코스닥,주주총회소집결의(임시주주총회),알에프에이치아이씨
20260702000338,2026-07-02 13:40,씨엑스아이,코스닥,주주총회소집결의(임시주주총회),씨엑스아이헬스케어테크놀리지그룹리미티드
20260702000165,2026-07-02 10:10,플랜티넷,코스닥,[정정]주주총회소집결의(임시주주총회),플랜티넷
20260701001059,2026-07-01 17:47,서울전자통신,코스닥,[정정]주주총회소집결의(임시주주총회),서울전자통신
20260701001042,2026-07-01 17:46,지니틱스,코스닥,주주총회소집결의(임시주주총회),지니틱스
20260701001007,2026-07-01 17:27,CSA 코스믹,코스닥,주주총회소집결의(임시주주총회),씨에스에이코스믹
20260701000958,2026-07-01 17:21,서울전자통신,코스닥,[정정]주주총회소집결의(임시주주총회),서울전자통신
20260701000954,2026-07-01 17:17,캠시스,코스닥,주주총회소집결의(임시주주총회),캠시스
20260701000824,2026-07-01 16:49,한울소재과학,코스닥,[정정]주주총회소집결의,한울소재과학
20260701000797,2026-07-01 16:37,조일알미늄,유가증권,주주총회소집결의,조일알미늄
20260701000717,2026-07-01 16:28,한울앤제주,코스닥,[정정]주주총회소집결의(임시주주총회),한울앤제주
20260701000736,2026-07-01 16:25,한울반도체,코스닥,[정정]주주총회소집결의(임시주주총회),한울반도체
20260701000658,2026-07-01 16:08,아이비젼웍스,코스닥,주주총회소집결의(임시주주총회),아이비젼웍스
20260701000675,2026-07-01 16:04,하이퍼코퍼레이션,코스닥,[정정]주주총회소집결의,하이퍼코퍼레이션
20260701000630,2026-07-01 16:03,이니텍,코스닥,[정정]주주총회소집결의(임시주주총회),이니텍
20260701000571,2026-07-01 15:47,세림B&G,코스닥,주주총회소집결의(임시주주총회),세림비앤지
20260701000486,2026-07-01 15:03,SK디앤디,유가증권,[정정]주주총회소집결의,SK디앤디
20260701000475,2026-07-01 14:38,광명전기,유가증권,[정정]주주총회소집결의,광명전기
20260701000432,2026-07-01 14:33,대진첨단소재,코스닥,[정정]주주총회소집결의(임시주주총회),대진첨단소재
20260701000439,2026-07-01 14:16,씨아이테크,유가증권,주주총회소집결의,씨아이테크
20260701000285,2026-07-01 11:56,대교,유가증권,주주총회소집결의,대교
20260630001558,2026-06-30 18:13,휴맥스홀딩스,코스닥,주주총회소집결의(임시주주총회),휴맥스홀딩스
20260630001551,2026-06-30 18:12,휴맥스,코스닥,주주총회소집결의(임시주주총회),휴맥스
20260630001505,2026-06-30 17:49,이노진,코스닥,주주총회소집결의(임시주주총회),이노진
20260630001411,2026-06-30 17:20,바이브컴퍼니,코스닥,주주총회소집결의(임시주주총회),바이브컴퍼니
20260630001337,2026-06-30 17:18,시지메드텍,코스닥,주주총회소집결의(임시주주총회),시지메드텍
20260630001313,2026-06-30 17:02,제이스코홀딩스,코스닥,[정정]주주총회소집결의(임시주주총회),제이스코홀딩스
20260630001243,2026-06-30 16:57,한화리츠,유가증권,주주총회소집결의,한화위탁관리부동산투자회사
20260630001220,2026-06-30 16:51,큐에이드,코스닥,주주총회소집결의,큐에이드
20260630001071,2026-06-30 16:31,하이딥,코스닥,주주총회소집결의(임시주주총회),하이딥
20260630001004,2026-06-30 16:25,상상인증권,유가증권,주주총회소집결의,상상인증권
20260630000978,2026-06-30 16:17,알비더블유,코스닥,주주총회소집결의(임시주주총회),알비더블유
20260630000969,2026-06-30 16:08,주성코퍼레이션,유가증권,주주총회소집결의,주성코퍼레이션
20260630000825,2026-06-30 15:53,코스나인,코스닥,[정정]주주총회소집결의,코스나인
20260630000725,2026-06-30 15:33,한주에이알티,코스닥,[정정]주주총회소집결의(임시주주총회),한주에이알티
20260629001352,2026-06-29 19:09,샤페론,코스닥,주주총회소집결의(임시주주총회),샤페론
20260629001343,2026-06-29 18:20,디에스케이,코스닥,[정정]주주총회소집결의,디에스케이
20260629001331,2026-06-29 18:18,알엔투테크놀로지,코스닥,[정정]주주총회소집결의(임시주주총회),알엔투테크놀로지
20260629001300,2026-06-29 17:58,블루산업개발,유가증권,[정정]주주총회소집결의,블루산업개발
20260629001289,2026-06-29 17:56,아이큐어,코스닥,주주총회소집결의(임시주주총회),아이큐어
20260629001256,2026-06-29 17:50,모바일어플라이언스,코스닥,주주총회소집결의,모바일어플라이언스
20260629001224,2026-06-29 17:46,지역난방공사,유가증권,주주총회소집결의,한국지역난방공사
20260629001203,2026-06-29 17:38,아이엘,코스닥,주주총회소집결의(임시주주총회),아이엘
20260629001206,2026-06-29 17:29,알엔투테크놀로지,코스닥,[정정]주주총회소집결의(임시주주총회),알엔투테크놀로지
20260629001138,2026-06-29 17:10,랩지노믹스,코스닥,주주총회소집결의,랩지노믹스
20260629001003,2026-06-29 16:42,케이바이오랩스,코스닥,주주총회소집결의,케이바이오랩스
20260629000834,2026-06-29 15:55,테라사이언스,코스닥,[정정]주주총회소집결의,테라사이언스
20260629000716,2026-06-29 15:25,티디에스팜,코스닥,[정정]주주총회소집결의(임시주주총회),티디에스팜
20260629000679,2026-06-29 15:04,진영,코스닥,주주총회소집결의(임시주주총회),진영
20260629000664,2026-06-29 14:49,누보,코스닥,주주총회소집결의,누보
20260629000542,2026-06-29 14:17,윙입푸드,코스닥,주주총회소집결의(임시주주총회),윙입푸드홀딩스
20260629000455,2026-06-29 13:10,애경케미칼,유가증권,주주총회소집결의,애경케미칼
20260629000003,2026-06-29 07:37,코퍼스코리아,코스닥,주주총회소집결의(임시주주총회),코퍼스코리아
20260626001041,2026-06-26 16:46,신라섬유,코스닥,주주총회소집결의(임시주주총회),신라섬유
20260626000986,2026-06-26 16:34,애드바이오텍,코스닥,주주총회소집결의(임시주주총회),애드바이오텍
20260626000889,2026-06-26 16:25,KG케미칼,유가증권,주주총회소집결의,KG케미칼
20260626000790,2026-06-26 16:06,아이로보틱스,코스닥,[정정]주주총회소집결의(임시주주총회),아이로보틱스
20260626000762,2026-06-26 15:53,전진건설로봇,유가증권,[정정]주주총회소집결의,전진건설로봇
20260626000739,2026-06-26 15:46,세원정공,유가증권,주주총회소집결의,세원정공
20260626000625,2026-06-26 15:05,셀레믹스,코스닥,[정정]주주총회소집결의(임시주주총회),셀레믹스
20260626000595,2026-06-26 14:45,모비데이즈,코스닥,주주총회소집결의,모비데이즈
20260626000527,2026-06-26 14:08,딥커머스,코스닥,주주총회소집결의(임시주주총회),딥커머스리미티드
20260626000457,2026-06-26 13:52,코아시아씨엠,코스닥,주주총회소집결의(임시주주총회),코아시아씨엠
20260626000486,2026-06-26 13:50,아틀라스링크,코스닥,주주총회소집결의(임시주주총회),아틀라스링크
20260625000841,2026-06-25 17:40,셀루메드,코스닥,[정정]주주총회소집결의(임시주주총회),셀루메드
20260625000697,2026-06-25 17:04,다보링크,코스닥,[정정]주주총회소집결의(임시주주총회),다보링크
20260625000648,2026-06-25 16:50,넥사다이내믹스,코스닥,[정정]주주총회소집결의(임시주주총회),넥사다이내믹스
20260625000689,2026-06-25 16:45,디와이에이,유가증권,주주총회소집결의,디와이에이
20260625000573,2026-06-25 16:27,모아데이타,코스닥,[정정]주주총회소집결의(임시주주총회),모아데이타
20260625000479,2026-06-25 15:34,아미코젠,코스닥,주주총회소집결의(임시주주총회),아미코젠
20260625000350,2026-06-25 14:04,롯데하이마트,유가증권,주주총회소집결의,롯데하이마트
20260624000762,2026-06-24 16:55,아크솔루션스,코스닥,[정정]주주총회소집결의(임시주주총회),아크솔루션스
20260624000703,2026-06-24 16:27,KS인더스트리,코스닥,[정정]주주총회소집결의(임시주주총회),케이에스인더스트리
20260624000609,2026-06-24 15:45,SDN,코스닥,주주총회소집결의(임시주주총회),에스디엔
20260624000382,2026-06-24 11:55,페스카로,코스닥,주주총회소집결의(임시주주총회),페스카로
20260624000365,2026-06-24 11:40,세진티에스,코스닥,주주총회소집결의,세진티에스
20260624000340,2026-06-24 10:57,멕아이씨에스,코스닥,주주총회소집결의(임시주주총회),멕아이씨에스
20260624000314,2026-06-24 10:29,디알텍,코스닥,주주총회소집결의,디알텍
20260623000767,2026-06-23 17:43,아센디오,유가증권,[정정]주주총회소집결의,아센디오
20260623000744,2026-06-23 17:35,인콘,코스닥,주주총회소집결의(임시주주총회),인콘
20260623000715,2026-06-23 17:21,진흥기업,유가증권,주주총회소집결의,진흥기업
20260623000673,2026-06-23 16:55,다보링크,코스닥,[정정]주주총회소집결의(임시주주총회),다보링크
20260623000591,2026-06-23 16:40,오리엔트바이오,유가증권,주주총회소집결의,오리엔트바이오
20260623000573,2026-06-23 16:39,이화공영,코스닥,[정정]주주총회소집결의(임시주주총회),이화공영
20260623000469,2026-06-23 15:47,대양금속,유가증권,[정정]주주총회소집결의,대양금속
20260623000419,2026-06-23 15:28,헝셩그룹,코스닥,[정정]주주총회소집결의(임시주주총회),헝셩그룹유한회사
20260623000384,2026-06-23 15:12,알엔투테크놀로지,코스닥,[정정]주주총회소집결의(임시주주총회),알엔투테크놀로지
20260623000259,2026-06-23 14:21,모아라이프플러스,코스닥,[정정]주주총회소집결의(임시주주총회),모아라이프플러스
20260623000296,2026-06-23 14:12,원텍,코스닥,[정정]주주총회소집결의(임시주주총회),원텍
20260623000297,2026-06-23 14:10,프리티,유가증권,[정정]주주총회소집결의,프리티
20260623000265,2026-06-23 13:54,츌립앤사이언스,코스닥,[정정]주주총회소집결의,츌립앤사이언스
20260623000178,2026-06-23 10:51,두올,유가증권,주주총회소집결의,두올
20260622000824,2026-06-22 17:54,서한,코스닥,주주총회소집결의(임시주주총회),서한
20260622000545,2026-06-22 16:22,아리바이오LAB,코스닥,주주총회소집결의(임시주주총회),아리바이오랩
20260622000559,2026-06-22 16:12,이스트에이드,코스닥,주주총회소집결의(임시주주총회),이스트에이드
20260622000504,2026-06-22 15:59,휴온스글로벌,코스닥,[정정]주주총회소집결의(임시주주총회),휴온스글로벌
20260622000515,2026-06-22 15:51,디모아,코스닥,[정정]주주총회소집결의,디모아
20260622000482,2026-06-22 15:47,엘엠에스,코스닥,주주총회소집결의,엘엠에스
20260622000388,2026-06-22 14:38,사조동아원,유가증권,주주총회소집결의,사조동아원
20260622000323,2026-06-22 13:45,엠앤씨솔루션,유가증권,[정정]주주총회소집결의,엠앤씨솔루션
20260622000275,2026-06-22 11:40,원텍,코스닥,주주총회소집결의,원텍
20260622000218,2026-06-22 10:24,KG모빌리티플랫폼,유가증권,주주총회소집결의,케이지모빌리티플랫폼
20260619000853,2026-06-19 16:48,모아라이프플러스,코스닥,[정정]주주총회소집결의(임시주주총회),모아라이프플러스
20260619000711,2026-06-19 15:44,모아데이타,코스닥,[정정]주주총회소집결의(임시주주총회),모아데이타
20260619000679,2026-06-19 15:33,비투엔,코스닥,[정정]주주총회소집결의,비투엔
20260619000653,2026-06-19 15:26,에치에프알,코스닥,주주총회소집결의(임시주주총회),에치에프알
20260619000615,2026-06-19 15:25,디에이치엑스컴퍼니,코스닥,[정정]주주총회소집결의(임시주주총회),디에이치엑스컴퍼니
20260619000655,2026-06-19 15:22,틸론,코넥스,주주총회소집 결의,틸론
20260619000490,2026-06-19 13:47,한솔홈데코,유가증권,주주총회소집결의,한솔홈데코
20260619000399,2026-06-19 10:49,태성,코스닥,[정정]주주총회소집결의(임시주주총회),태성
20260618000812,2026-06-18 17:30,크라우드웍스,코스닥,[정정]주주총회소집결의,크라우드웍스
20260618000753,2026-06-18 17:02,셀루메드,코스닥,[정정]주주총회소집결의(임시주주총회),셀루메드
20260618000501,2026-06-18 16:21,모아데이타,코스닥,[정정]주주총회소집결의(임시주주총회),모아데이타
20260618000607,2026-06-18 16:19,바이오인프라생명과학,코넥스,[정정]주주총회소집 결의,바이오인프라생명과학
20260618000562,2026-06-18 16:05,M83,코스닥,주주총회소집결의(임시주주총회),엠83
20260618000519,2026-06-18 15:47,비비안,유가증권,[정정]주주총회소집결의,비비안
20260618000514,2026-06-18 15:46,트리니티항공,유가증권,주주총회소집결의,트리니티항공
20260618000252,2026-06-18 14:08,플랜티넷,코스닥,주주총회소집결의(임시주주총회),플랜티넷
20260618000314,2026-06-18 13:50,아이오케이이엔엠,코스닥,[정정]주주총회소집결의,아이오케이이엔엠
20260618000161,2026-06-18 10:56,남광토건,유가증권,주주총회소집결의,남광토건
20260617000638,2026-06-17 17:17,다보링크,코스닥,[정정]주주총회소집결의(임시주주총회),다보링크
20260617000509,2026-06-17 16:38,우양피앤엘,유가증권,[정정]주주총회소집결의,우양피앤엘
20260617000491,2026-06-17 16:30,알파칩스,코스닥,주주총회소집결의(임시주주총회),알파칩스
20260617000496,2026-06-17 16:14,영화금속,유가증권,[정정]주주총회소집결의,영화금속
20260617000466,2026-06-17 16:03,조이웍스앤코,코스닥,[정정]주주총회소집결의,조이웍스앤코
20260617000406,2026-06-17 15:35,GKL,유가증권,주주총회소집결의,그랜드코리아레저
20260617000373,2026-06-17 15:02,영화금속,유가증권,주주총회소집결의,영화금속
20260617000247,2026-06-17 14:15,KS인더스트리,코스닥,[정정]주주총회소집결의(임시주주총회),케이에스인더스트리
20260616000811,2026-06-16 18:03,씨씨에스,코스닥,주주총회소집결의(임시주주총회),씨씨에스충북방송
20260616000771,2026-06-16 17:36,대호에이엘,유가증권,주주총회소집결의,대호에이엘
20260616000636,2026-06-16 16:36,서울전자통신,코스닥,[정정]주주총회소집결의(임시주주총회),서울전자통신
20260616000502,2026-06-16 15:49,한국알콜,코스닥,[정정]주주총회소집결의(임시주주총회),한국알콜산업
20260616000486,2026-06-16 15:47,오에스피,코스닥,주주총회소집결의(임시주주총회),오에스피
20260616000438,2026-06-16 15:16,씨엠티엑스,코스닥,주주총회소집결의(임시주주총회),씨엠티엑스
20260616000377,2026-06-16 15:04,바이오인프라생명과학,코넥스,주주총회소집 결의,바이오인프라생명과학
20260615000877,2026-06-15 17:36,디에스케이,코스닥,[정정]주주총회소집결의,디에스케이
20260615000870,2026-06-15 17:35,유비온,코스닥,주주총회소집결의(임시주주총회),유비온
20260615000847,2026-06-15 17:25,롤링스톤,코스닥,[정정]주주총회소집결의(임시주주총회),롤링스톤
20260615000813,2026-06-15 17:20,코아시아씨엠,코스닥,[정정]주주총회소집결의(임시주주총회),코아시아씨엠
20260615000802,2026-06-15 17:08,DH오토넥스,유가증권,[정정]주주총회소집결의,디에이치오토넥스
20260615000772,2026-06-15 17:00,츌립앤사이언스,코스닥,[정정]주주총회소집결의,츌립앤사이언스
20260615000694,2026-06-15 17:00,비덴트,코스닥,[정정]주주총회소집결의(임시주주총회),비덴트
20260615000689,2026-06-15 16:32,NPX,코스닥,[정정]주주총회소집결의(임시주주총회),엔피엑스
20260615000587,2026-06-15 16:32,현대사료,코스닥,[정정]주주총회소집결의(임시주주총회),현대사료
20260615000649,2026-06-15 16:31,한국유니온제약,코스닥,[정정]주주총회소집결의(임시주주총회),한국유니온제약
20260615000671,2026-06-15 16:29,아이오케이이엔엠,코스닥,[정정]주주총회소집결의,아이오케이이엔엠
20260615000670,2026-06-15 16:29,DH오토넥스,유가증권,주주총회소집결의,디에이치오토넥스
20260615000639,2026-06-15 16:23,NH투자증권,유가증권,주주총회소집결의,엔에이치투자증권
20260615000627,2026-06-15 16:13,MSDI,코스닥,[정정]주주총회소집결의(임시주주총회),엠에스디아이
20260615000504,2026-06-15 16:11,아이로보틱스,코스닥,[정정]주주총회소집결의(임시주주총회),아이로보틱스
20260615000601,2026-06-15 16:10,세종메디칼,코스닥,[정정]주주총회소집결의(임시주주총회),세종메디칼
20260615000598,2026-06-15 16:10,세니젠,코스닥,주주총회소집결의(임시주주총회),세니젠
20260615000567,2026-06-15 16:02,덕신이피씨,코스닥,주주총회소집결의(임시주주총회),덕신이피씨
20260615000564,2026-06-15 15:56,삼보산업,코스닥,주주총회소집결의,삼보산업
20260615000514,2026-06-15 15:46,코리아에셋투자증권,코스닥,주주총회소집결의,코리아에셋투자증권
20260615000448,2026-06-15 15:21,버킷스튜디오,코스닥,[정정]주주총회소집결의(임시주주총회),버킷스튜디오
20260615000408,2026-06-15 14:40,한주에이알티,코스닥,[정정]주주총회소집결의(임시주주총회),한주에이알티
20260615000360,2026-06-15 14:07,파이온엑스,코스닥,[정정]주주총회소집결의,파이온엑스
20260615000315,2026-06-15 13:44,인바이오젠,유가증권,[정정]주주총회소집결의,인바이오젠
20260615000248,2026-06-15 11:19,지역난방공사,유가증권,주주총회소집결의,한국지역난방공사
20260612001173,2026-06-12 18:57,엔지켐생명과학,코스닥,주주총회소집결의(임시주주총회),엔지켐생명과학
20260612000666,2026-06-12 16:34,국영지앤엠,코스닥,주주총회소집결의(임시주주총회),국영지앤엠
20260612000693,2026-06-12 15:50,오리엔트바이오,유가증권,주주총회소집결의,오리엔트바이오
20260612000679,2026-06-12 15:50,동원모빌리티,유가증권,주주총회소집결의,동원모빌리티
20260612000648,2026-06-12 15:47,아톤,코스닥,주주총회소집결의(임시주주총회),아톤
20260612000659,2026-06-12 15:39,프리티,유가증권,주주총회소집결의,프리티
20260612000612,2026-06-12 15:25,수성웹툰,코스닥,주주총회소집결의(임시주주총회),수성웹툰
20260612000598,2026-06-12 15:24,다보링크,코스닥,[정정]주주총회소집결의(임시주주총회),다보링크
20260612000608,2026-06-12 15:17,모바일어플라이언스,코스닥,[정정]주주총회소집결의,모바일어플라이언스
20260612000416,2026-06-12 11:50,드림어스컴퍼니,코스닥,[정정]주주총회소집결의,드림어스컴퍼니
20260611000903,2026-06-11 19:03,셀루메드,코스닥,[정정]주주총회소집결의(임시주주총회),셀루메드
20260611000856,2026-06-11 18:02,알엔투테크놀로지,코스닥,[정정]주주총회소집결의(임시주주총회),알엔투테크놀로지
20260611000789,2026-06-11 17:25,CG인바이츠,코스닥,주주총회소집결의(임시주주총회),씨지인바이츠
20260611000787,2026-06-11 17:25,EDGC,코스닥,[정정]주주총회소집결의(임시주주총회),이원다이애그노믹스
20260611000752,2026-06-11 17:25,광진실업,코스닥,[정정]주주총회소집결의,광진실업
20260611000662,2026-06-11 17:03,아리바이오홀딩스,코스닥,[정정]주주총회소집결의(임시주주총회),아리바이오홀딩스
20260611000610,2026-06-11 16:52,엑시온그룹,코스닥,[정정]주주총회소집결의,엑시온그룹
20260611000527,2026-06-11 16:12,모아데이타,코스닥,[정정]주주총회소집결의(임시주주총회),모아데이타
20260611000546,2026-06-11 16:11,엔투텍,코스닥,[정정]주주총회소집결의(임시주주총회),엔투텍
20260611000530,2026-06-11 16:03,앱튼,코스닥,[정정]주주총회소집결의(임시주주총회),앱튼
20260611000471,2026-06-11 15:44,오성첨단소재,코스닥,[정정]주주총회소집결의(임시주주총회),오성첨단소재
20260611000366,2026-06-11 14:26,수프로,코넥스,주주총회소집 결의,수프로
20260611000002,2026-06-11 07:36,씨씨에스,코스닥,[정정]주주총회소집결의(임시주주총회),씨씨에스충북방송
20260610001007,2026-06-10 18:09,피노,코스닥,주주총회소집결의(임시주주총회),피노
20260610000956,2026-06-10 17:28,코스텍시스템,코넥스,주주총회소집 결의,코스텍시스템
20260610000686,2026-06-10 16:41,YTN,코스닥,[정정]주주총회소집결의(임시주주총회),와이티엔
20260610000721,2026-06-10 16:40,빌리언스,코스닥,[정정]주주총회소집결의(임시주주총회),빌리언스
20260610000703,2026-06-10 16:31,전진건설로봇,유가증권,주주총회소집결의,전진건설로봇
20260610000658,2026-06-10 16:21,주연테크,유가증권,주주총회소집결의,주연테크
20260610000694,2026-06-10 16:18,아센디오,유가증권,[정정]주주총회소집결의,아센디오
20260610000648,2026-06-10 16:12,알파AI,코스닥,[정정]주주총회소집결의(임시주주총회),알파에이아이
20260610000550,2026-06-10 15:43,비투엔,코스닥,[정정]주주총회소집결의(임시주주총회),비투엔
20260610000540,2026-06-10 15:30,디에이치엑스컴퍼니,코스닥,[정정]주주총회소집결의(임시주주총회),디에이치엑스컴퍼니
20260610000466,2026-06-10 15:22,윙스풋,코스닥,주주총회소집결의(임시주주총회),윙스풋
20260610000361,2026-06-10 14:54,코디,코스닥,주주총회소집결의,코디
20260610000349,2026-06-10 14:50,HPSP,코스닥,[정정]주주총회소집결의(임시주주총회),에이치피에스피
20260610000406,2026-06-10 14:40,메이슨캐피탈,코스닥,주주총회소집결의,메이슨캐피탈
20260610000368,2026-06-10 14:16,케이이엠텍,코스닥,[정정]주주총회소집결의(임시주주총회),케이이엠텍
20260610000356,2026-06-10 14:08,신풍,유가증권,주주총회소집결의,신풍
20260610000180,2026-06-10 10:34,대진첨단소재,코스닥,[정정]주주총회소집결의(임시주주총회),대진첨단소재
20260610000146,2026-06-10 09:49,KC산업,코넥스,[정정]주주총회소집 결의,케이씨산업
20260609000767,2026-06-09 17:14,유니크,코스닥,주주총회소집결의(임시주주총회),유니크
20260609000779,2026-06-09 17:13,MDS스피어,유가증권,주주총회소집결의,MDS스피어
20260609000540,2026-06-09 16:28,피플바이오,코스닥,주주총회소집결의(임시주주총회),피플바이오
20260609000564,2026-06-09 16:02,싸이토젠,코스닥,주주총회소집결의(임시주주총회),싸이토젠
20260609000537,2026-06-09 15:57,슈프리마,코스닥,주주총회소집결의(임시주주총회),슈프리마
20260609000532,2026-06-09 15:55,슈프리마에이치큐,코스닥,주주총회소집결의(임시주주총회),슈프리마에이치큐
20260609000512,2026-06-09 15:46,참엔지니어링,유가증권,[정정]주주총회소집결의,참엔지니어링
20260608001064,2026-06-08 18:26,SV인베스트먼트,코스닥,주주총회소집결의,에스브이인베스트먼트
20260608000988,2026-06-08 17:37,아이윈,코스닥,[정정]주주총회소집결의(임시주주총회),아이윈
20260608000809,2026-06-08 16:41,우리엔터프라이즈,코스닥,주주총회소집결의(임시주주총회),우리엔터프라이즈
20260608000817,2026-06-08 16:33,광진실업,코스닥,[정정]주주총회소집결의,광진실업
20260608000769,2026-06-08 16:19,우리이앤엘하루틴,코스닥,주주총회소집결의(임시주주총회),우리이앤엘하루틴
20260608000782,2026-06-08 16:18,우리바이오,코스닥,주주총회소집결의,우리바이오
20260608000667,2026-06-08 16:05,비큐AI,코스닥,[정정]주주총회소집결의(임시주주총회),비큐에이아이
20260608000592,2026-06-08 15:19,에너토크,코스닥,주주총회소집결의(임시주주총회),에너토크
20260608000532,2026-06-08 14:34,한국유니온제약,코스닥,주주총회소집결의(임시주주총회),한국유니온제약
20260608000475,2026-06-08 14:04,성일하이텍,코스닥,주주총회소집결의(임시주주총회),성일하이텍
20260608000465,2026-06-08 13:41,베셀,코스닥,[정정]주주총회소집결의,베셀
20260608000467,2026-06-08 13:38,멤레이비티,코스닥,주주총회소집결의(임시주주총회),멤레이비티
20260605000840,2026-06-05 17:28,휴림에이텍,코스닥,주주총회소집결의(임시주주총회),휴림에이텍
20260605000756,2026-06-05 16:55,에임드바이오,코스닥,주주총회소집결의(임시주주총회),에임드바이오
20260605000743,2026-06-05 16:41,에이프로,코스닥,주주총회소집결의(임시주주총회),에이프로
20260605000719,2026-06-05 16:36,씨케이솔루션,유가증권,주주총회소집결의,씨케이솔루션
20260605000633,2026-06-05 16:17,와이즈버즈,코스닥,주주총회소집결의(임시주주총회),와이즈버즈
20260605000639,2026-06-05 16:12,매일유업,코스닥,주주총회소집결의(임시주주총회),매일유업
20260605000640,2026-06-05 16:11,퀀텀레일,코스닥,주주총회소집결의(임시주주총회),퀀텀레일
20260605000630,2026-06-05 16:10,마스턴프리미어리츠,유가증권,주주총회소집결의,마스턴프리미어제1호위탁관리부동산투자회사
20260605000593,2026-06-05 15:50,하이퍼코퍼레이션,코스닥,주주총회소집결의,하이퍼코퍼레이션
20260605000579,2026-06-05 15:45,아티스트컴퍼니,코스닥,주주총회소집결의(임시주주총회),아티스트컴퍼니
20260605000469,2026-06-05 14:43,옵트론텍,코스닥,주주총회소집결의(임시주주총회),옵트론텍
20260605000242,2026-06-05 10:46,SK디앤디,유가증권,주주총회소집결의,SK디앤디
20260605000235,2026-06-05 10:35,태성,코스닥,주주총회소집결의(임시주주총회),태성
20260604000881,2026-06-04 18:20,씨씨에스,코스닥,[정정]주주총회소집결의(임시주주총회),씨씨에스충북방송
20260604000763,2026-06-04 17:36,폴라리스AI핸디,코스닥,주주총회소집결의(임시주주총회),폴라리스에이아이핸디
20260604000738,2026-06-04 17:26,휴온스,코스닥,[정정]주주총회소집결의(임시주주총회),휴온스
20260604000677,2026-06-04 16:51,아크솔루션스,코스닥,[정정]주주총회소집결의(임시주주총회),아크솔루션스
20260604000637,2026-06-04 16:49,애드바이오텍,코스닥,[정정]주주총회소집결의(임시주주총회),애드바이오텍
20260604000638,2026-06-04 16:48,SJG세종,유가증권,[정정]주주총회소집결의,에스제이지세종
20260604000538,2026-06-04 16:19,티엔엔터테인먼트,코스닥,주주총회소집결의(임시주주총회),티엔엔터테인먼트
20260604000574,2026-06-04 16:16,CNT85,코스닥,[정정]주주총회소집결의(임시주주총회),씨앤티85
20260604000485,2026-06-04 16:07,한국알콜,코스닥,주주총회소집결의(임시주주총회),한국알콜산업
20260604000534,2026-06-04 16:04,비비안,유가증권,[정정]주주총회소집결의,비비안
20260604000511,2026-06-04 15:58,카카오게임즈,코스닥,주주총회소집결의,카카오게임즈
20260604000508,2026-06-04 15:51,풍전약품,코스닥,[정정]주주총회소집결의,풍전약품
20260604000465,2026-06-04 15:28,에이리츠,유가증권,주주총회소집결의,에이자기관리부동산투자회사
20260604000431,2026-06-04 15:07,크라우드웍스,코스닥,[정정]주주총회소집결의,크라우드웍스
20260604000363,2026-06-04 14:11,성우,코스닥,주주총회소집결의(임시주주총회),성우
20260604000342,2026-06-04 13:58,코닉오토메이션,코스닥,주주총회소집결의(임시주주총회),코닉오토메이션
20260604000331,2026-06-04 13:52,에스앤더블류,코스닥,주주총회소집결의(임시주주총회),에스앤더블류
20260604000321,2026-06-04 13:44,한중엔시에스,코스닥,[정정]주주총회소집결의(임시주주총회),한중엔시에스
20260602000653,2026-06-02 17:14,삼영에스앤씨,코스닥,주주총회소집결의(임시주주총회),삼영에스앤씨
20260602000745,2026-06-02 17:11,대원화성,유가증권,주주총회소집결의,대원화성
20260602000601,2026-06-02 16:31,나이스정보통신,코스닥,주주총회소집결의(임시주주총회),나이스정보통신
20260602000569,2026-06-02 16:27,엠아이큐브솔루션,코스닥,주주총회소집결의(임시주주총회),엠아이큐브솔루션
20260602000496,2026-06-02 16:04,SK리츠,유가증권,주주총회소집결의,에스케이위탁관리부동산투자회사
20260602000499,2026-06-02 15:55,노을,코스닥,주주총회소집결의,노을
20260602000428,2026-06-02 15:33,빅텐츠,코스닥,주주총회소집결의(임시주주총회),빅토리콘텐츠
20260602000431,2026-06-02 15:30,한국전력공사,유가증권,주주총회소집결의,한국전력공사
20260602000430,2026-06-02 15:28,에스디시스템,코스닥,[정정]주주총회소집결의(임시주주총회),에스디시스템
20260602000409,2026-06-02 15:07,파루,코스닥,주주총회소집결의,파루
20260602000392,2026-06-02 15:02,넥사다이내믹스,코스닥,주주총회소집결의(임시주주총회),넥사다이내믹스
20260602000295,2026-06-02 13:42,3S,코스닥,[정정]주주총회소집결의,삼에스코리아
20260602000264,2026-06-02 12:26,한중엔시에스,코스닥,주주총회소집결의(임시주주총회),한중엔시에스
20260602000258,2026-06-02 12:06,동양,유가증권,주주총회소집결의,동양
20260601001879,2026-06-01 17:54,모아데이타,코스닥,[정정]주주총회소집결의(임시주주총회),모아데이타
20260601001805,2026-06-01 17:43,모아라이프플러스,코스닥,[정정]주주총회소집결의(임시주주총회),모아라이프플러스
20260601001525,2026-06-01 16:51,모비릭스,코스닥,주주총회소집결의,모비릭스
20260601001537,2026-06-01 16:48,더라미,코스닥,주주총회소집결의(임시주주총회),더라미
20260601000878,2026-06-01 16:36,엑사이엔씨,코스닥,주주총회소집결의(임시주주총회),엑사이엔씨
20260601001350,2026-06-01 16:21,페이퍼코리아,유가증권,[정정]주주총회소집결의,페이퍼코리아
20260601001264,2026-06-01 16:06,인바이오,코스닥,[정정]주주총회소집결의(임시주주총회),인바이오
20260601000993,2026-06-01 15:13,MSDI,코스닥,주주총회소집결의(임시주주총회),엠에스디아이
20260601000955,2026-06-01 15:04,아이오케이이엔엠,코스닥,[정정]주주총회소집결의,아이오케이이엔엠
20260601000731,2026-06-01 14:19,에코볼트,코스닥,[정정]주주총회소집결의(임시주주총회),에코볼트
20260601000506,2026-06-01 13:23,헝셩그룹,코스닥,주주총회소집결의(임시주주총회),헝셩그룹유한회사
20260529002008,2026-05-29 17:28,이엠티,코넥스,주주총회소집 결의,이엠티
20260529001986,2026-05-29 17:27,이엠티,코넥스,주주총회소집 결의,이엠티
20260529001862,2026-05-29 17:18,롤링스톤,코스닥,[정정]주주총회소집결의(임시주주총회),롤링스톤
20260529001928,2026-05-29 17:17,이화공영,코스닥,주주총회소집결의,이화공영
20260529001856,2026-05-29 17:13,이지스레지던스리츠,유가증권,주주총회소집결의,이지스레지던스위탁관리부동산투자회사
20260529001802,2026-05-29 16:55,프로이천,코스닥,주주총회소집결의(임시주주총회),프로이천
20260529001740,2026-05-29 16:49,엠로,코스닥,주주총회소집결의(임시주주총회),엠로
20260529001625,2026-05-29 16:29,삼현,코스닥,주주총회소집결의(임시주주총회),삼현
20260529001385,2026-05-29 16:28,알엔투테크놀로지,코스닥,[정정]주주총회소집결의(임시주주총회),알엔투테크놀로지
20260529001424,2026-05-29 16:09,테라사이언스,코스닥,[정정]주주총회소집결의(임시주주총회),테라사이언스
20260529001124,2026-05-29 15:30,미래에셋글로벌리츠,유가증권,주주총회소집결의,미래에셋글로벌위탁관리부동산투자회사
20260529001084,2026-05-29 15:16,한국제지,유가증권,주주총회소집결의,한국제지
20260529000941,2026-05-29 14:40,비투엔,코스닥,[정정]주주총회소집결의,비투엔
20260529000877,2026-05-29 14:23,EMB,코넥스,주주총회소집 결의,이엠비
20260529000884,2026-05-29 14:20,이니텍,코스닥,[정정]주주총회소집결의(임시주주총회),이니텍
20260529000706,2026-05-29 13:44,광명전기,유가증권,[정정]주주총회소집결의,광명전기
20260529000704,2026-05-29 13:32,콜마바이오텍,코스닥,주주총회소집결의,콜마바이오텍
20260529000486,2026-05-29 11:33,셀레믹스,코스닥,[정정]주주총회소집결의(임시주주총회),셀레믹스
20260529000482,2026-05-29 11:33,제일테크노스,코스닥,주주총회소집결의(임시주주총회),제일테크노스
20260529000455,2026-05-29 11:32,대신정보통신,코스닥,주주총회소집결의,대신정보통신
20260529000415,2026-05-29 11:05,제너셈,코스닥,[정정]주주총회소집결의(임시주주총회),제너셈
20260528001116,2026-05-28 18:44,휴온스글로벌,코스닥,주주총회소집결의(임시주주총회),휴온스글로벌
20260528001074,2026-05-28 18:19,셀레믹스,코스닥,주주총회소집결의(임시주주총회),셀레믹스
20260528001022,2026-05-28 17:41,휴온스,코스닥,[정정]주주총회소집결의(임시주주총회),휴온스
20260528000991,2026-05-28 17:19,케스피온,코스닥,[정정]주주총회소집결의(임시주주총회),케스피온
20260528000947,2026-05-28 17:11,노브랜드,코스닥,주주총회소집결의(임시주주총회),노브랜드
20260528000712,2026-05-28 16:39,한울앤제주,코스닥,[정정]주주총회소집결의(임시주주총회),한울앤제주
20260528000603,2026-05-28 16:21,아스트,코스닥,주주총회소집결의(임시주주총회),아스트
20260528000673,2026-05-28 16:17,한울반도체,코스닥,[정정]주주총회소집결의,한울반도체
20260528000578,2026-05-28 16:11,아리바이오홀딩스,코스닥,[정정]주주총회소집결의(임시주주총회),아리바이오홀딩스
20260528000669,2026-05-28 16:04,한울소재과학,코스닥,[정정]주주총회소집결의,한울소재과학
20260528000494,2026-05-28 14:49,프롬바이오,코스닥,주주총회소집결의(임시주주총회),프롬바이오
20260528000468,2026-05-28 14:41,씨큐브,코스닥,주주총회소집결의(임시주주총회),씨큐브
20260528000423,2026-05-28 14:05,JK리버스톤리츠,유가증권,[정정]주주총회소집결의,제이케이리버스톤자기관리부동산투자회사
20260527001093,2026-05-27 18:55,대호에이엘,유가증권,[정정]주주총회소집결의,대호에이엘
20260527000883,2026-05-27 18:21,신영증권,유가증권,주주총회소집결의,신영증권
20260527000872,2026-05-27 17:57,우듬지팜,코스닥,주주총회소집결의(임시주주총회),농업회사법인 우듬지팜
20260527000858,2026-05-27 17:42,3S,코스닥,주주총회소집결의,삼에스코리아
20260527000719,2026-05-27 17:03,원일티엔아이,코스닥,주주총회소집결의(임시주주총회),원일티엔아이
20260527000699,2026-05-27 17:03,아틀라스링크,코스닥,[정정]주주총회소집결의(임시주주총회),아틀라스링크
20260527000686,2026-05-27 16:56,YTN,코스닥,[정정]주주총회소집결의(임시주주총회),와이티엔
20260527000678,2026-05-27 16:30,와이바이오로직스,코스닥,주주총회소집결의(임시주주총회),와이바이오로직스
20260527000591,2026-05-27 16:20,삼익제약,코스닥,주주총회소집결의(임시주주총회),삼익제약
20260527000576,2026-05-27 16:03,파워넷,코스닥,주주총회소집결의(임시주주총회),파워넷
20260527000498,2026-05-27 16:02,케이이엠텍,코스닥,[정정]주주총회소집결의(임시주주총회),케이이엠텍
20260527000521,2026-05-27 15:57,루트K,코스닥,[정정]주주총회소집결의(임시주주총회),루트케이
20260527000511,2026-05-27 15:38,원림,유가증권,주주총회소집결의,원림
20260527000440,2026-05-27 15:17,플래스크,코스닥,[정정]주주총회소집결의(임시주주총회),플래스크
20260527000412,2026-05-27 15:03,코스나인,코스닥,[정정]주주총회소집결의,코스나인
20260526000725,2026-05-26 17:20,이지케어텍,코스닥,주주총회소집결의,이지케어텍
20260526000734,2026-05-26 17:14,대한해운,유가증권,주주총회소집결의,대한해운
20260526000669,2026-05-26 17:01,진원생명과학,유가증권,[정정]주주총회소집결의,진원생명과학
20260526000459,2026-05-26 16:37,비큐AI,코스닥,[정정]주주총회소집결의(임시주주총회),비큐에이아이
20260526000447,2026-05-26 15:46,시그네틱스,코스닥,주주총회소집결의(임시주주총회),시그네틱스
20260526000417,2026-05-26 15:32,핑거,코스닥,[정정]주주총회소집결의(임시주주총회),㈜핑거
20260526000391,2026-05-26 15:10,지구홀딩스,코스닥,[정정]주주총회소집결의,지구홀딩스
20260522000864,2026-05-22 17:39,피제이메탈,코스닥,[정정]주주총회소집결의(임시주주총회),피제이메탈
20260522000807,2026-05-22 17:18,SYTS,유가증권,주주총회소집결의,에스와이티에스
20260522000815,2026-05-22 17:00,디에이치엑스컴퍼니,코스닥,주주총회소집결의(임시주주총회),디에이치엑스컴퍼니
20260522000777,2026-05-22 16:58,테라뷰,코스닥,주주총회소집결의(임시주주총회),테라뷰홀딩스
20260522000747,2026-05-22 16:54,피제이메탈,코스닥,주주총회소집결의(임시주주총회),피제이메탈
20260522000771,2026-05-22 16:53,SFA넥셀,코스닥,주주총회소집결의(임시주주총회),에스에프에이넥셀
20260522000454,2026-05-22 15:30,로젠,코스닥,[정정]주주총회소집결의(임시주주총회),로젠
20260522000520,2026-05-22 15:21,한국캐피탈,코스닥,주주총회소집결의(임시주주총회),한국캐피탈
20260522000437,2026-05-22 14:45,신한알파리츠,유가증권,주주총회소집결의,신한알파위탁관리부동산투자회사
20260522000421,2026-05-22 14:42,세화피앤씨,코스닥,주주총회소집결의(임시주주총회),세화피앤씨
20260522000363,2026-05-22 13:59,조아제약,코스닥,주주총회소집결의,조아제약
20260522000339,2026-05-22 13:38,두올,유가증권,주주총회소집결의,두올
20260522000316,2026-05-22 13:32,디모아,코스닥,[정정]주주총회소집결의,디모아
20260522000309,2026-05-22 13:02,금호전기,유가증권,주주총회소집결의,금호전기
20260521000972,2026-05-21 17:53,크라우드웍스,코스닥,[정정]주주총회소집결의(임시주주총회),크라우드웍스
20260521000921,2026-05-21 17:51,이씨에스,코스닥,[정정]주주총회소집결의,이씨에스텔레콤
20260521000951,2026-05-21 17:35,신세계푸드,유가증권,[정정]주주총회소집결의,신세계푸드
20260521000945,2026-05-21 17:33,우양피앤엘,유가증권,주주총회소집결의,우양피앤엘
20260521000912,2026-05-21 17:27,기신정기,유가증권,주주총회소집결의,기신정기
20260521000880,2026-05-21 17:21,SJG세종,유가증권,주주총회소집결의,에스제이지세종
20260521000850,2026-05-21 17:19,엑시온그룹,코스닥,[정정]주주총회소집결의(임시주주총회),엑시온그룹
20260521000809,2026-05-21 17:18,서울전자통신,코스닥,주주총회소집결의(임시주주총회),서울전자통신
20260521000776,2026-05-21 16:51,씨씨에스,코스닥,[정정]주주총회소집결의(임시주주총회),씨씨에스충북방송
20260521000638,2026-05-21 16:36,디와이에이,유가증권,주주총회소집결의,디와이에이
20260521000697,2026-05-21 16:35,츌립앤사이언스,코스닥,주주총회소집결의(임시주주총회),츌립앤사이언스
20260521000661,2026-05-21 16:31,HB솔루션,코스닥,주주총회소집결의(임시주주총회),에이치비솔루션
20260521000654,2026-05-21 16:31,한전산업,유가증권,주주총회소집결의,한전산업개발
20260521000587,2026-05-21 16:10,체리부로,코스닥,주주총회소집결의(임시주주총회),체리부로
20260521000441,2026-05-21 15:04,금강철강,코스닥,주주총회소집결의(임시주주총회),금강철강
20260521000431,2026-05-21 14:59,비큐AI,코스닥,주주총회소집결의(임시주주총회),비큐에이아이
20260521000364,2026-05-21 14:20,애드바이오텍,코스닥,[정정]주주총회소집결의(임시주주총회),애드바이오텍
20260521000351,2026-05-21 14:17,버킷스튜디오,코스닥,[정정]주주총회소집결의(임시주주총회),버킷스튜디오
20260521000343,2026-05-21 14:17,KS인더스트리,코스닥,주주총회소집결의(임시주주총회),케이에스인더스트리
20260521000302,2026-05-21 13:35,인바이오젠,유가증권,[정정]주주총회소집결의,인바이오젠
20260521000296,2026-05-21 13:29,비덴트,코스닥,[정정]주주총회소집결의(임시주주총회),비덴트
20260521000271,2026-05-21 13:14,KC산업,코넥스,주주총회소집 결의,케이씨산업
20260521000165,2026-05-21 11:01,이씨에스,코스닥,주주총회소집결의,이씨에스텔레콤
20260521000083,2026-05-21 09:25,아리바이오홀딩스,코스닥,[정정]주주총회소집결의,아리바이오홀딩스
20260520000752,2026-05-20 17:43,웨이버스,코스닥,주주총회소집결의(임시주주총회),웨이버스
20260520000719,2026-05-20 17:43,나인앤컴퍼니,코스닥,[정정]주주총회소집결의(임시주주총회),나인앤컴퍼니
20260520000707,2026-05-20 17:25,와이랩,코스닥,주주총회소집결의(임시주주총회),와이랩
20260520000630,2026-05-20 16:49,테라사이언스,코스닥,[정정]주주총회소집결의,테라사이언스
20260520000514,2026-05-20 16:15,루트K,코스닥,[정정]주주총회소집결의(임시주주총회),루트케이
20260520000475,2026-05-20 16:06,미스터블루,코스닥,주주총회소집결의(임시주주총회),미스터블루
20260520000451,2026-05-20 16:02,레인보우로보틱스,코스닥,주주총회소집결의(임시주주총회),레인보우로보틱스
20260520000433,2026-05-20 15:54,대호에이엘,유가증권,[정정]주주총회소집결의,대호에이엘
20260520000396,2026-05-20 15:46,기아,유가증권,주주총회소집결의,기아
20260520000229,2026-05-20 13:43,대진첨단소재,코스닥,[정정]주주총회소집결의(임시주주총회),대진첨단소재
20260520000209,2026-05-20 12:50,디앤디플랫폼리츠,유가증권,주주총회소집결의,디앤디플랫폼위탁관리부동산투자회사
20260519000524,2026-05-19 17:13,코아시아씨엠,코스닥,주주총회소집결의(임시주주총회),코아시아씨엠
20260519000580,2026-05-19 17:08,아리바이오홀딩스,코스닥,주주총회소집결의(임시주주총회),아리바이오홀딩스
20260519000412,2026-05-19 15:51,라온피플,코스닥,주주총회소집결의(임시주주총회),라온피플
20260519000273,2026-05-19 14:11,지엘팜텍,코스닥,주주총회소집결의(임시주주총회),지엘팜텍
20260519000200,2026-05-19 11:27,웨이브일렉트로,코스닥,[정정]주주총회소집결의(임시주주총회),웨이브일렉트로닉스
20260519000196,2026-05-19 11:03,드림어스컴퍼니,코스닥,주주총회소집결의,드림어스컴퍼니
20260518000987,2026-05-18 18:25,휴온스,코스닥,주주총회소집결의(임시주주총회),휴온스
20260518000914,2026-05-18 17:50,에스아이리소스,코스닥,[정정]주주총회소집결의(임시주주총회),에스아이리소스
20260518000823,2026-05-18 17:16,모아라이프플러스,코스닥,주주총회소집결의(임시주주총회),모아라이프플러스
20260518000722,2026-05-18 16:29,아센디오,유가증권,주주총회소집결의,아센디오
20260518000588,2026-05-18 15:58,나노실리칸첨단소재,코스닥,주주총회소집결의(임시주주총회),나노실리칸첨단소재
20260518000417,2026-05-18 13:14,한컴,코스닥,주주총회소집결의(임시주주총회),한컴
20260515003429,2026-05-15 18:22,동성제약,유가증권,[정정]주주총회소집결의,동성제약
20260515003280,2026-05-15 17:36,광명전기,유가증권,[정정]주주총회소집결의,광명전기
20260515003155,2026-05-15 17:15,알엔투테크놀로지,코스닥,[정정]주주총회소집결의(임시주주총회),알엔투테크놀로지
20260515002554,2026-05-15 16:27,덕산테코피아,코스닥,주주총회소집결의(임시주주총회),덕산테코피아
20260515002389,2026-05-15 16:26,GMI벤처,코스닥,[정정]주주총회소집결의(임시주주총회),지엠아이벤처
20260515002424,2026-05-15 16:25,휴니드테크놀러지스,유가증권,주주총회소집결의,휴니드테크놀러지스
20260515001968,2026-05-15 16:08,아고스,코스닥,주주총회소집결의,아고스
20260515001450,2026-05-15 15:35,컴투스엔,코스닥,[정정]주주총회소집결의(임시주주총회),컴투스엔
20260515001347,2026-05-15 15:26,러셀,코스닥,주주총회소집결의(임시주주총회),러셀
20260515000853,2026-05-15 13:48,크레버스,코스닥,[정정]주주총회소집결의(임시주주총회),크레버스
20260515000777,2026-05-15 13:35,이노벡스,코넥스,주주총회소집 결의,이노벡스
20260515000632,2026-05-15 12:06,다보링크,코스닥,주주총회소집결의,다보링크
20260514001631,2026-05-14 18:33,블루산업개발,유가증권,주주총회소집결의,블루산업개발
20260514001561,2026-05-14 18:01,컴투스엔,코스닥,[정정]주주총회소집결의,컴투스엔
20260514001477,2026-05-14 17:35,MSDI,코스닥,[정정]주주총회소집결의(임시주주총회),엠에스디아이
20260514001450,2026-05-14 17:35,핸즈코퍼레이션,유가증권,주주총회소집결의,핸즈코퍼레이션
20260514001442,2026-05-14 17:29,EDGC,코스닥,주주총회소집결의(임시주주총회),이원다이애그노믹스
20260514001349,2026-05-14 17:27,제주반도체,코스닥,[정정]주주총회소집결의(임시주주총회),제주반도체
20260514001412,2026-05-14 17:21,위지윅스튜디오,코스닥,[정정]주주총회소집결의(임시주주총회),위지윅스튜디오
20260514001341,2026-05-14 17:10,코람코더원리츠,유가증권,주주총회소집결의,코람코더원위탁관리부동산투자회사
20260514001283,2026-05-14 16:54,핑거,코스닥,주주총회소집결의(임시주주총회),㈜핑거
20260514001266,2026-05-14 16:39,애드바이오텍,코스닥,[정정]주주총회소집결의(임시주주총회),애드바이오텍
20260514001106,2026-05-14 16:39,플래스크,코스닥,[정정]주주총회소집결의(임시주주총회),플래스크
20260514001211,2026-05-14 16:34,아이컴포넌트,코스닥,주주총회소집결의(임시주주총회),아이컴포넌트
20260514000898,2026-05-14 15:55,블랙야크아이앤씨,코스닥,주주총회소집결의(임시주주총회),블랙야크아이앤씨
20260514000852,2026-05-14 15:42,비투엔,코스닥,[정정]주주총회소집결의,비투엔
20260514000880,2026-05-14 15:41,빛과전자,코스닥,[정정]주주총회소집결의,빛과전자
20260514000757,2026-05-14 15:28,엔시트론,코스닥,주주총회소집결의,엔시트론
20260514000763,2026-05-14 15:18,LSK아이로봇,코스닥,[정정]주주총회소집결의(임시주주총회),엘에스케이아이로봇
20260514000677,2026-05-14 15:02,아이오케이이엔엠,코스닥,[정정]주주총회소집결의,아이오케이이엔엠
20260514000544,2026-05-14 14:12,월덱스,코스닥,주주총회소집결의(임시주주총회),월덱스
20260514000473,2026-05-14 13:42,한화,유가증권,주주총회소집결의,한화
20260514000337,2026-05-14 11:37,나무AX,코스닥,주주총회소집결의(임시주주총회),나무에이엑스
20260513001195,2026-05-13 18:15,이지스밸류플러스리츠,유가증권,주주총회소집결의,이지스밸류플러스위탁관리부동산투자회사
20260513001205,2026-05-13 18:02,MSDI,코스닥,[정정]주주총회소집결의(임시주주총회),엠에스디아이
20260513001197,2026-05-13 18:00,지오엘리먼트,코스닥,[정정]주주총회소집결의,지오엘리먼트
20260513001154,2026-05-13 17:42,아이윈,코스닥,[정정]주주총회소집결의(임시주주총회),아이윈
20260513001068,2026-05-13 17:21,아시아나항공,유가증권,주주총회소집결의,아시아나항공
20260513001012,2026-05-13 17:17,세코닉스,코스닥,주주총회소집결의(임시주주총회),세코닉스
20260513000943,2026-05-13 16:57,파라텍,코스닥,주주총회소집결의(임시주주총회),파라텍
20260513000865,2026-05-13 16:50,오성첨단소재,코스닥,주주총회소집결의(임시주주총회),오성첨단소재
20260513000908,2026-05-13 16:49,한전기술,유가증권,[정정]주주총회소집결의,한국전력기술
20260513000884,2026-05-13 16:41,페이퍼코리아,유가증권,주주총회소집결의,페이퍼코리아
20260513000741,2026-05-13 16:23,예선테크,코스닥,[정정]주주총회소집결의(임시주주총회),예선테크
20260513000784,2026-05-13 16:06,조이웍스앤코,코스닥,[정정]주주총회소집결의,조이웍스앤코
20260513000772,2026-05-13 16:04,제이스로보틱스,코스닥,[정정]주주총회소집결의(임시주주총회),제이스로보틱스
20260513000698,2026-05-13 16:03,티에프이,코스닥,주주총회소집결의,티에프이
20260513000669,2026-05-13 15:47,파이온엑스,코스닥,주주총회소집결의(임시주주총회),파이온엑스
20260513000652,2026-05-13 15:45,HPSP,코스닥,주주총회소집결의(임시주주총회),에이치피에스피
20260513000656,2026-05-13 15:41,GKL,유가증권,주주총회소집결의,그랜드코리아레저
20260513000511,2026-05-13 14:51,레이,코스닥,[정정]주주총회소집결의(임시주주총회),레이
20260513000519,2026-05-13 14:29,이노에이엑스,코스닥,[정정]주주총회소집결의,이노에이엑스
20260513000446,2026-05-13 13:56,모바일어플라이언스,코스닥,주주총회소집결의,모바일어플라이언스
20260513000422,2026-05-13 13:43,에스제이그룹,코스닥,[정정]주주총회소집결의(임시주주총회),에스제이그룹
20260513000433,2026-05-13 13:35,알파AI,코스닥,주주총회소집결의(임시주주총회),알파에이아이
20260513000292,2026-05-13 10:46,지오엘리먼트,코스닥,주주총회소집결의,지오엘리먼트
20260513000256,2026-05-13 10:27,DH오토웨어,코스닥,[정정]주주총회소집결의(임시주주총회),디에이치오토웨어
20260512001030,2026-05-12 18:17,한전기술,유가증권,[정정]주주총회소집결의,한국전력기술
20260512001001,2026-05-12 18:08,코미코,코스닥,주주총회소집결의,코미코
20260512000960,2026-05-12 17:54,서울반도체,코스닥,주주총회소집결의(임시주주총회),서울반도체
20260512000912,2026-05-12 17:32,대호에이엘,유가증권,[정정]주주총회소집결의,대호에이엘
20260512000859,2026-05-12 17:08,제주반도체,코스닥,주주총회소집결의(임시주주총회),제주반도체
20260512000822,2026-05-12 16:55,CNT85,코스닥,주주총회소집결의(임시주주총회),씨앤티85
20260512000717,2026-05-12 16:43,나인앤컴퍼니,코스닥,[정정]주주총회소집결의(임시주주총회),나인앤컴퍼니
20260512000724,2026-05-12 16:40,이스타코,유가증권,주주총회소집결의,이스타코
20260512000679,2026-05-12 16:22,GMI벤처,코스닥,[정정]주주총회소집결의(임시주주총회),지엠아이벤처
20260512000667,2026-05-12 16:18,SK시그넷,코넥스,주주총회소집 결의,SK시그넷
20260512000674,2026-05-12 16:16,노랑풍선,코스닥,주주총회소집결의,노랑풍선
20260512000618,2026-05-12 15:58,모아텍,코스닥,주주총회소집결의,모아텍
20260512000567,2026-05-12 15:43,아이로보틱스,코스닥,[정정]주주총회소집결의(임시주주총회),아이로보틱스
20260512000302,2026-05-12 11:25,모아데이타,코스닥,주주총회소집결의(임시주주총회),모아데이타
20260512000287,2026-05-12 11:09,포커스에이아이,코스닥,주주총회소집결의(임시주주총회),포커스에이아이
20260512000269,2026-05-12 10:58,엠앤씨솔루션,유가증권,주주총회소집결의,엠앤씨솔루션
20260511000878,2026-05-11 17:40,아이윈,코스닥,주주총회소집결의,아이윈
20260511000817,2026-05-11 17:23,경남제약,코스닥,[정정]주주총회소집결의(임시주주총회),경남제약
20260511000826,2026-05-11 17:16,프리티,유가증권,[정정]주주총회소집결의,프리티
20260511000825,2026-05-11 17:13,LSK아이로봇,코스닥,[정정]주주총회소집결의(임시주주총회),엘에스케이아이로봇
20260511000720,2026-05-11 16:45,한국첨단소재,코스닥,주주총회소집결의(임시주주총회),한국첨단소재
20260511000599,2026-05-11 16:24,비츠로시스,코스닥,[정정]주주총회소집결의(임시주주총회),비츠로시스
20260511000575,2026-05-11 16:04,모다이노칩,코스닥,[정정]주주총회소집결의,모다이노칩
20260511000549,2026-05-11 16:02,로젠,코스닥,[정정]주주총회소집결의(임시주주총회),로젠
20260511000524,2026-05-11 15:52,더코디,코스닥,[정정]주주총회소집결의(임시주주총회),더코디
20260511000488,2026-05-11 15:45,하이젠알앤엠,코스닥,주주총회소집결의(임시주주총회),하이젠알앤엠
20260511000504,2026-05-11 15:36,미래아이앤지,유가증권,[정정]주주총회소집결의,미래아이앤지
20260511000395,2026-05-11 14:48,미래산업,유가증권,주주총회소집결의,미래산업
20260511000353,2026-05-11 14:25,이지트로닉스,코스닥,주주총회소집결의(임시주주총회),이지트로닉스
20260511000347,2026-05-11 14:04,티에스아이,코스닥,주주총회소집결의(임시주주총회),티에스아이
20260511000342,2026-05-11 14:04,KR모터스,유가증권,주주총회소집결의,KR모터스
20260508001148,2026-05-08 17:19,빌리언스,코스닥,주주총회소집결의(임시주주총회),빌리언스
20260508001051,2026-05-08 16:59,제이스코홀딩스,코스닥,주주총회소집결의(임시주주총회),제이스코홀딩스
20260508000946,2026-05-08 16:39,한세엠케이,유가증권,[정정]주주총회소집결의,한세엠케이
20260508000684,2026-05-08 15:44,베셀,코스닥,주주총회소집결의,베셀
20260508000662,2026-05-08 15:40,비비안,유가증권,주주총회소집결의,비비안
20260508000655,2026-05-08 15:38,참엔지니어링,유가증권,주주총회소집결의,참엔지니어링
20260508000448,2026-05-08 14:41,블리츠웨이엔터테인먼트,코스닥,주주총회소집결의(임시주주총회),블리츠웨이엔터테인먼트
20260508000308,2026-05-08 13:27,제이케이시냅스,코스닥,[정정]주주총회소집결의(임시주주총회),제이케이시냅스
20260508000150,2026-05-08 10:19,토비스,코스닥,[정정]주주총회소집결의(임시주주총회),토비스
20260507000968,2026-05-07 17:51,서호전기,코스닥,주주총회소집결의(임시주주총회),서호전기
20260507000942,2026-05-07 17:50,로젠,코스닥,[정정]주주총회소집결의(임시주주총회),로젠
20260507000973,2026-05-07 17:38,선진뷰티사이언스,코스닥,주주총회소집결의(임시주주총회),선진뷰티사이언스
20260507000889,2026-05-07 17:08,테라사이언스,코스닥,[정정]주주총회소집결의(임시주주총회),테라사이언스
20260507000821,2026-05-07 17:02,모다이노칩,코스닥,[정정]주주총회소집결의(임시주주총회),모다이노칩
20260507000744,2026-05-07 16:54,광진실업,코스닥,주주총회소집결의(임시주주총회),광진실업
20260507000807,2026-05-07 16:52,TS인베스트먼트,코스닥,[정정]주주총회소집결의(임시주주총회),티에스인베스트먼트
20260507000721,2026-05-07 16:51,휴젤,코스닥,주주총회소집결의(임시주주총회),휴젤
20260507000809,2026-05-07 16:46,대양금속,유가증권,주주총회소집결의,대양금속
20260507000749,2026-05-07 16:32,씨씨에스,코스닥,[정정]주주총회소집결의(임시주주총회),씨씨에스충북방송
20260507000627,2026-05-07 15:55,예선테크,코스닥,주주총회소집결의(임시주주총회),예선테크
20260507000587,2026-05-07 15:47,지역난방공사,유가증권,주주총회소집결의,한국지역난방공사
20260507000382,2026-05-07 14:21,KT나스미디어,코스닥,[정정]주주총회소집결의(임시주주총회),케이티나스미디어
20260507000418,2026-05-07 14:17,동국홀딩스,유가증권,주주총회소집결의,동국홀딩스
20260507000363,2026-05-07 13:52,제너셈,코스닥,주주총회소집결의(임시주주총회),제너셈
20260507000351,2026-05-07 13:50,인바이오,코스닥,주주총회소집결의(임시주주총회),인바이오
20260506001045,2026-05-06 18:13,크레버스,코스닥,주주총회소집결의(임시주주총회),크레버스
20260506000889,2026-05-06 17:39,디에스케이,코스닥,[정정]주주총회소집결의,디에스케이
20260506000992,2026-05-06 17:35,한국가스공사,유가증권,주주총회소집결의,한국가스공사
20260506000899,2026-05-06 17:18,아크솔루션스,코스닥,주주총회소집결의(임시주주총회),아크솔루션스
20260506000830,2026-05-06 16:59,엣지파운드리,코스닥,주주총회소집결의(임시주주총회),엣지파운드리
20260506000859,2026-05-06 16:58,한국전력공사,유가증권,주주총회소집결의,한국전력공사
20260506000840,2026-05-06 16:51,다이나믹디자인,유가증권,주주총회소집결의,다이나믹디자인
20260506000727,2026-05-06 16:35,빛과전자,코스닥,[정정]주주총회소집결의,빛과전자
20260506000738,2026-05-06 16:21,로지스몬,코넥스,[정정]주주총회소집 결의,로지스몬
20260506000539,2026-05-06 15:32,하이로닉,코스닥,주주총회소집결의(임시주주총회),하이로닉
20260506000481,2026-05-06 14:50,오스테오닉,코스닥,주주총회소집결의(임시주주총회),오스테오닉
20260506000459,2026-05-06 14:45,케이엠제약,코스닥,주주총회소집결의(임시주주총회),케이엠제약
20260506000446,2026-05-06 14:44,신한글로벌액티브리츠,유가증권,주주총회소집결의,신한글로벌액티브위탁관리부동산투자회사
20260506000419,2026-05-06 14:40,하이드로리튬,코스닥,[정정]주주총회소집결의(임시주주총회),하이드로리튬
20260506000457,2026-05-06 14:37,씨티알모빌리티,유가증권,주주총회소집결의,씨티알모빌리티
20260506000413,2026-05-06 14:37,풍전약품,코스닥,[정정]주주총회소집결의,풍전약품
20260506000403,2026-05-06 14:37,알에프텍,코스닥,[정정]주주총회소집결의(임시주주총회),알에프텍
20260506000407,2026-05-06 14:21,에코볼트,코스닥,주주총회소집결의(임시주주총회),에코볼트
20260506000377,2026-05-06 14:11,에코볼트,코스닥,[정정]주주총회소집결의(임시주주총회),에코볼트
20260504000773,2026-05-04 17:27,엑시온그룹,코스닥,[정정]주주총회소집결의(임시주주총회),엑시온그룹
20260504000498,2026-05-04 15:04,인산가,코스닥,[정정]주주총회소집결의(임시주주총회),인산가
20260504000330,2026-05-04 11:13,이엠앤아이,코스닥,[정정]주주총회소집결의(임시주주총회),이엠앤아이
20260504000336,2026-05-04 11:09,대호에이엘,유가증권,[정정]주주총회소집결의,대호에이엘
20260504000325,2026-05-04 11:05,광명전기,유가증권,[정정]주주총회소집결의,광명전기
20260430001652,2026-04-30 17:38,지구홀딩스,코스닥,주주총회소집결의(임시주주총회),지구홀딩스
20260430001325,2026-04-30 17:36,아이로보틱스,코스닥,[정정]주주총회소집결의(임시주주총회),아이로보틱스
20260430001664,2026-04-30 17:35,NPX,코스닥,[정정]주주총회소집결의(임시주주총회),엔피엑스
20260430001559,2026-04-30 17:32,코스나인,코스닥,[정정]주주총회소집결의,코스나인
20260430001462,2026-04-30 17:31,덕양에너젠,코스닥,주주총회소집결의(임시주주총회),덕양에너젠
20260430001544,2026-04-30 17:09,에스아이리소스,코스닥,[정정]주주총회소집결의(임시주주총회),에스아이리소스
20260430001318,2026-04-30 17:05,케스피온,코스닥,주주총회소집결의,케스피온
20260430001420,2026-04-30 17:02,한울반도체,코스닥,주주총회소집결의,한울반도체
20260430001432,2026-04-30 16:51,한울앤제주,코스닥,주주총회소집결의(임시주주총회),한울앤제주
20260430001424,2026-04-30 16:48,한세엠케이,유가증권,주주총회소집결의,한세엠케이
20260430001309,2026-04-30 16:41,나우로보틱스,코스닥,[정정]주주총회소집결의(임시주주총회),나우로보틱스
20260430001190,2026-04-30 16:26,한울소재과학,코스닥,주주총회소집결의,한울소재과학
20260430001201,2026-04-30 16:22,소노스퀘어,코스닥,[정정]주주총회소집결의(임시주주총회),소노스퀘어
20260430001188,2026-04-30 16:22,앱튼,코스닥,[정정]주주총회소집결의(임시주주총회),앱튼
20260430001147,2026-04-30 16:15,다산네트웍스,코스닥,주주총회소집결의(임시주주총회),다산네트웍스
20260430001106,2026-04-30 16:13,효성오앤비,코스닥,주주총회소집결의(임시주주총회),효성오앤비
20260430001020,2026-04-30 16:01,이니텍,코스닥,주주총회소집결의(임시주주총회),이니텍
20260430001081,2026-04-30 15:53,JK리버스톤리츠,유가증권,주주총회소집결의,제이케이리버스톤자기관리부동산투자회사
20260430001013,2026-04-30 15:52,JTC,코스닥,주주총회소집결의,제이티씨
20260430000737,2026-04-30 15:52,비츠로시스,코스닥,[정정]주주총회소집결의(임시주주총회),비츠로시스
20260430000963,2026-04-30 15:39,엔투텍,코스닥,[정정]주주총회소집결의(임시주주총회),엔투텍
20260430000752,2026-04-30 15:08,엑시큐어하이트론,유가증권,[정정]주주총회소집결의,엑시큐어하이트론
20260430000798,2026-04-30 15:04,한전기술,유가증권,[정정]주주총회소집결의,한국전력기술
20260430000757,2026-04-30 14:57,쏘카,유가증권,주주총회소집결의,쏘카
20260430000712,2026-04-30 14:47,케이이엠텍,코스닥,주주총회소집결의(임시주주총회),케이이엠텍
20260430000552,2026-04-30 14:23,셀리드,코스닥,[정정]주주총회소집결의(임시주주총회),셀리드
20260430000514,2026-04-30 13:53,티디에스팜,코스닥,주주총회소집결의(임시주주총회),티디에스팜
20260430000357,2026-04-30 11:30,한주에이알티,코스닥,주주총회소집결의(임시주주총회),한주에이알티
20260430000272,2026-04-30 10:54,이노에이엑스,코스닥,주주총회소집결의(임시주주총회),이노에이엑스
20260429001235,2026-04-29 18:37,KBG,코스닥,주주총회소집결의(임시주주총회),케이비지
20260429001053,2026-04-29 17:32,엑시온그룹,코스닥,[정정]주주총회소집결의(임시주주총회),엑시온그룹
20260429001012,2026-04-29 17:16,우진아이엔에스,유가증권,[정정]주주총회소집결의,우진아이엔에스
20260429000941,2026-04-29 17:13,롤링스톤,코스닥,[정정]주주총회소집결의(임시주주총회),롤링스톤
20260429000661,2026-04-29 15:56,플래스크,코스닥,[정정]주주총회소집결의(임시주주총회),플래스크
20260429000687,2026-04-29 15:52,나노신소재,코스닥,주주총회소집결의(임시주주총회),나노신소재
20260429000524,2026-04-29 15:30,대진첨단소재,코스닥,주주총회소집결의(임시주주총회),대진첨단소재
20260429000586,2026-04-29 15:24,우진아이엔에스,유가증권,주주총회소집결의,우진아이엔에스
20260428001321,2026-04-28 18:57,진원생명과학,유가증권,[정정]주주총회소집결의,진원생명과학
20260428000762,2026-04-28 17:22,메디콕스,코스닥,주주총회소집결의(임시주주총회),메디콕스
20260428000635,2026-04-28 16:44,아틀라스링크,코스닥,주주총회소집결의(임시주주총회),아틀라스링크
20260428000451,2026-04-28 15:13,멕아이씨에스,코스닥,[정정]주주총회소집결의(임시주주총회),멕아이씨에스
20260428000416,2026-04-28 15:03,대신밸류리츠,유가증권,주주총회소집결의,대신밸류리츠위탁관리부동산투자회사
20260428000419,2026-04-28 14:59,GST,코스닥,[정정]주주총회소집결의,글로벌스탠다드테크놀로지
20260428000396,2026-04-28 14:43,에스티오,코스닥,[정정]주주총회소집결의(임시주주총회),㈜에스티오
20260428000229,2026-04-28 11:24,딥노이드,코스닥,주주총회소집결의(임시주주총회),딥노이드
20260427001106,2026-04-27 18:19,동일기연,코스닥,주주총회소집결의(임시주주총회),동일기연
20260427000833,2026-04-27 17:22,아리바이오홀딩스,코스닥,[정정]주주총회소집결의(임시주주총회),아리바이오홀딩스
20260427000779,2026-04-27 17:03,피플바이오,코스닥,[정정]주주총회소집결의(임시주주총회),피플바이오
20260427000679,2026-04-27 16:54,코칩,코스닥,[정정]주주총회소집결의(임시주주총회),코칩
20260427000626,2026-04-27 15:51,엔젠바이오,코스닥,주주총회소집결의(임시주주총회),엔젠바이오
20260427000552,2026-04-27 15:20,LSK아이로봇,코스닥,[정정]주주총회소집결의(임시주주총회),엘에스케이아이로봇
20260427000446,2026-04-27 14:42,제이케이시냅스,코스닥,주주총회소집결의(임시주주총회),제이케이시냅스
20260427000263,2026-04-27 11:11,삼천당제약,코스닥,주주총회소집결의(임시주주총회),삼천당제약
20260424000896,2026-04-24 17:24,빅텐츠,코스닥,[정정]주주총회소집결의(임시주주총회),빅토리콘텐츠
20260424000898,2026-04-24 17:17,청보,코스닥,[정정]주주총회소집결의,청보
20260424000837,2026-04-24 17:13,이렘,코스닥,주주총회소집결의(임시주주총회),이렘
20260424000836,2026-04-24 16:59,씨씨에스,코스닥,[정정]주주총회소집결의(임시주주총회),씨씨에스충북방송
20260424000742,2026-04-24 16:33,청보,코스닥,주주총회소집결의,청보
20260424000722,2026-04-24 16:23,효성중공업,유가증권,주주총회소집결의,효성중공업
20260424000635,2026-04-24 16:08,DKME,유가증권,[정정]주주총회소집결의,디케이엠이
20260424000580,2026-04-24 16:02,코스나인,코스닥,[정정]주주총회소집결의,코스나인
20260424000560,2026-04-24 15:44,동양생명,유가증권,주주총회소집결의,동양생명보험
20260424000454,2026-04-24 15:14,셀루메드,코스닥,[정정]주주총회소집결의(임시주주총회),셀루메드
20260424000365,2026-04-24 14:24,율촌,코스닥,주주총회소집결의(임시주주총회),율촌
20260424000169,2026-04-24 10:45,감성코퍼레이션,코스닥,주주총회소집결의(임시주주총회),감성코퍼레이션
20260423000955,2026-04-23 18:03,뉴프렉스,코스닥,[정정]주주총회소집결의(임시주주총회),뉴프렉스
20260423000927,2026-04-23 17:59,인크레더블버즈,코스닥,[정정]주주총회소집결의,인크레더블버즈
20260423000851,2026-04-23 17:20,그래피,코스닥,주주총회소집결의(임시주주총회),그래피
20260423000755,2026-04-23 16:50,슈피겐코리아,코스닥,주주총회소집결의(임시주주총회),슈피겐코리아
20260423000611,2026-04-23 16:07,DH오토웨어,코스닥,주주총회소집결의(임시주주총회),디에이치오토웨어
20260423000513,2026-04-23 15:47,아우토크립트,코스닥,주주총회소집결의(임시주주총회),아우토크립트
20260423000425,2026-04-23 14:51,KNN,코스닥,주주총회소집결의(임시주주총회),케이엔엔
20260423000396,2026-04-23 14:34,뉴프렉스,코스닥,[정정]주주총회소집결의(임시주주총회),뉴프렉스
20260422000875,2026-04-22 19:27,오아,코스닥,주주총회소집결의(임시주주총회),오아
20260422000704,2026-04-22 17:25,DKME,유가증권,[정정]주주총회소집결의,디케이엠이
20260422000628,2026-04-22 16:54,메타바이오메드,코스닥,[정정]주주총회소집결의,메타바이오메드
20260422000566,2026-04-22 16:31,티웨이홀딩스,유가증권,주주총회소집결의,티웨이홀딩스
20260422000348,2026-04-22 15:22,하이드로리튬,코스닥,주주총회소집결의(임시주주총회),하이드로리튬
20260422000222,2026-04-22 13:16,세종메디칼,코스닥,[정정]주주총회소집결의(임시주주총회),세종메디칼
20260422000191,2026-04-22 11:13,부산산업,유가증권,주주총회소집결의,부산산업
20260422000160,2026-04-22 11:11,케이사인,코스닥,[정정]주주총회소집결의,케이사인
20260421000803,2026-04-21 18:29,달바글로벌,유가증권,주주총회소집결의,달바글로벌
20260421000754,2026-04-21 17:52,한국전력공사,유가증권,[정정]주주총회소집결의,한국전력공사
20260421000691,2026-04-21 17:24,이오플로우,코스닥,[정정]주주총회소집결의(임시주주총회),이오플로우
20260421000477,2026-04-21 16:21,디젠스,코스닥,주주총회소집결의,디젠스
20260421000483,2026-04-21 16:05,대호에이엘,유가증권,[정정]주주총회소집결의,대호에이엘
20260421000452,2026-04-21 16:04,오텍,코스닥,[정정]주주총회소집결의(임시주주총회),오텍
20260421000428,2026-04-21 15:45,다이나믹솔루션,코스닥,[정정]주주총회소집결의(임시주주총회),다이나믹솔루션
20260421000388,2026-04-21 15:08,한국수출포장공업,유가증권,주주총회소집결의,한국수출포장공업
20260421000340,2026-04-21 14:45,EG,코스닥,주주총회소집결의(임시주주총회),이지
20260421000320,2026-04-21 14:35,티비씨,코스닥,주주총회소집결의(임시주주총회),티비씨
20260421000256,2026-04-21 13:39,한화리츠,유가증권,주주총회소집결의,한화위탁관리부동산투자회사
20260421000190,2026-04-21 11:15,이삭엔지니어링,코스닥,[정정]주주총회소집결의(임시주주총회),이삭엔지니어링
20260421000151,2026-04-21 10:32,앱코,코스닥,주주총회소집결의(임시주주총회),앱코
20260420000875,2026-04-20 18:46,MSDI,코스닥,주주총회소집결의(임시주주총회),엠에스디아이
20260420000812,2026-04-20 17:54,버킷스튜디오,코스닥,주주총회소집결의(임시주주총회),버킷스튜디오
20260420000713,2026-04-20 17:09,비덴트,코스닥,주주총회소집결의(임시주주총회),비덴트
20260420000665,2026-04-20 17:02,인바이오젠,유가증권,주주총회소집결의,인바이오젠
20260420000463,2026-04-20 16:04,애드바이오텍,코스닥,주주총회소집결의(임시주주총회),애드바이오텍
20260420000287,2026-04-20 14:13,아모그린텍,코스닥,주주총회소집결의(임시주주총회),아모그린텍
20260420000243,2026-04-20 13:39,엔시스,코스닥,[정정]주주총회소집결의(임시주주총회),엔시스
20260417000866,2026-04-17 17:30,덕산하이메탈,코스닥,주주총회소집결의(임시주주총회),덕산하이메탈
20260417000823,2026-04-17 17:21,알엔투테크놀로지,코스닥,주주총회소집결의(임시주주총회),알엔투테크놀로지
20260417000626,2026-04-17 16:30,크라우드웍스,코스닥,주주총회소집결의(임시주주총회),크라우드웍스
20260417000530,2026-04-17 15:52,지슨,코스닥,주주총회소집결의(임시주주총회),지슨
20260417000486,2026-04-17 15:46,현대사료,코스닥,[정정]주주총회소집결의(임시주주총회),현대사료
20260417000434,2026-04-17 15:07,메타바이오메드,코스닥,[정정]주주총회소집결의,메타바이오메드
20260417000362,2026-04-17 14:22,이삭엔지니어링,코스닥,주주총회소집결의(임시주주총회),이삭엔지니어링
20260417000347,2026-04-17 14:11,아모텍,코스닥,주주총회소집결의(임시주주총회),아모텍
20260417000234,2026-04-17 11:17,웨이브일렉트로,코스닥,주주총회소집결의(임시주주총회),웨이브일렉트로닉스
20260415000881,2026-04-15 18:09,셀루메드,코스닥,[정정]주주총회소집결의(임시주주총회),셀루메드
20260415000845,2026-04-15 17:37,신세계푸드,유가증권,[정정]주주총회소집결의,신세계푸드
20260415000786,2026-04-15 17:21,아리바이오LAB,코스닥,[정정]주주총회소집결의,아리바이오랩
20260415000695,2026-04-15 17:07,코칩,코스닥,주주총회소집결의(임시주주총회),코칩
20260415000739,2026-04-15 17:06,솔트룩스,코스닥,주주총회소집결의(임시주주총회),솔트룩스
20260415000554,2026-04-15 16:00,KB스타리츠,유가증권,주주총회소집결의,케이비스타위탁관리부동산투자회사
20260415000552,2026-04-15 15:59,나노엔텍,코스닥,주주총회소집결의(임시주주총회),나노엔텍
20260415000527,2026-04-15 15:57,제이스로보틱스,코스닥,주주총회소집결의(임시주주총회),제이스로보틱스
20260415000513,2026-04-15 15:56,케이티알파,코스닥,주주총회소집결의,케이티알파
20260415000447,2026-04-15 15:44,비츠로시스,코스닥,[정정]주주총회소집결의(임시주주총회),비츠로시스
20260415000308,2026-04-15 13:12,하이즈항공,코스닥,주주총회소집결의,하이즈항공
20260414000948,2026-04-14 18:04,파이온엑스,코스닥,주주총회소집결의,파이온엑스
20260414000708,2026-04-14 16:33,큐라티스,코스닥,주주총회소집결의(임시주주총회),큐라티스
20260414000558,2026-04-14 16:08,에스제이그룹,코스닥,주주총회소집결의(임시주주총회),에스제이그룹
20260414000624,2026-04-14 16:06,KTcs,유가증권,주주총회소집결의,케이티씨에스
20260414000616,2026-04-14 15:59,DKME,유가증권,[정정]주주총회소집결의,디케이엠이
20260414000593,2026-04-14 15:50,코리아나,코스닥,주주총회소집결의,코리아나화장품
20260414000555,2026-04-14 15:37,펨트론,코스닥,주주총회소집결의(임시주주총회),펨트론
20260413001010,2026-04-13 18:39,성원에너텍,코스닥,[정정]주주총회소집결의(임시주주총회),성원에너텍
20260413001018,2026-04-13 18:28,에코볼트,코스닥,주주총회소집결의(임시주주총회),에코볼트
20260413000997,2026-04-13 18:25,알에프텍,코스닥,주주총회소집결의(임시주주총회),알에프텍
20260413000786,2026-04-13 17:51,코스나인,코스닥,[정정]주주총회소집결의,코스나인
20260413000773,2026-04-13 17:31,진원생명과학,유가증권,[정정]주주총회소집결의,진원생명과학
20260413000762,2026-04-13 17:31,경남제약,코스닥,주주총회소집결의,경남제약
20260413000635,2026-04-13 16:47,KT나스미디어,코스닥,주주총회소집결의(임시주주총회),케이티나스미디어
20260413000653,2026-04-13 16:39,KTis,유가증권,주주총회소집결의,케이티아이에스
20260413000646,2026-04-13 16:34,미래아이앤지,유가증권,주주총회소집결의,미래아이앤지
20260413000595,2026-04-13 16:24,와이바이오로직스,코스닥,주주총회소집결의,와이바이오로직스
20260413000524,2026-04-13 15:57,한전기술,유가증권,주주총회소집결의,한국전력기술
20260413000482,2026-04-13 15:33,한전기술,유가증권,[정정]주주총회소집결의,한국전력기술
20260413000401,2026-04-13 15:09,플래스크,코스닥,[정정]주주총회소집결의(임시주주총회),플래스크
20260413000309,2026-04-13 13:55,디모아,코스닥,주주총회소집결의,디모아
20260413000247,2026-04-13 13:25,레이,코스닥,주주총회소집결의(임시주주총회),레이
20260410001104,2026-04-10 17:56,피플바이오,코스닥,주주총회소집결의(임시주주총회),피플바이오
20260410001004,2026-04-10 17:25,와이즈넛,코스닥,주주총회소집결의,와이즈넛
20260410000987,2026-04-10 17:24,한국첨단소재,코스닥,[정정]주주총회소집결의,한국첨단소재
20260410000935,2026-04-10 16:58,루트K,코스닥,주주총회소집결의(임시주주총회),루트케이
20260410000776,2026-04-10 16:08,썸에이지,코스닥,주주총회소집결의,썸에이지
20260410000622,2026-04-10 15:47,한국전력공사,유가증권,주주총회소집결의,한국전력공사
20260410000594,2026-04-10 15:25,비투엔,코스닥,주주총회소집결의,비투엔
20260410000471,2026-04-10 14:48,아이에이,코스닥,주주총회소집결의(임시주주총회),아이에이
20260410000454,2026-04-10 14:38,우림피티에스,코스닥,주주총회소집결의,우림피티에스
20260410000426,2026-04-10 14:28,KT밀리의서재,코스닥,주주총회소집결의(임시주주총회),케이티밀리의서재
20260410000339,2026-04-10 12:37,아즈텍WB,코스닥,[정정]주주총회소집결의(임시주주총회),아즈텍더블유비이
20260410000305,2026-04-10 11:29,케이티스카이라이프,유가증권,주주총회소집결의,케이티스카이라이프
20260409001068,2026-04-09 17:13,금양그린파워,코스닥,주주총회소집결의(임시주주총회),금양그린파워
20260409001009,2026-04-09 16:55,프리티,유가증권,주주총회소집결의,프리티
20260409000916,2026-04-09 16:26,인산가,코스닥,주주총회소집결의(임시주주총회),인산가
20260409000699,2026-04-09 15:23,더코디,코스닥,[정정]주주총회소집결의(임시주주총회),더코디
20260409000643,2026-04-09 15:08,유진테크놀로지,코스닥,주주총회소집결의,유진테크놀로지
20260409000609,2026-04-09 14:16,삐아,코스닥,[정정]주주총회소집결의(임시주주총회),삐아
20260409000502,2026-04-09 11:25,인디에프,유가증권,주주총회소집결의,인디에프
20260409000505,2026-04-09 11:20,로지스몬,코넥스,주주총회소집 결의,로지스몬
20260408001351,2026-04-08 18:23,컴투스엔,코스닥,주주총회소집결의(임시주주총회),컴투스엔
20260408001346,2026-04-08 18:23,위지윅스튜디오,코스닥,주주총회소집결의(임시주주총회),위지윅스튜디오
20260408001221,2026-04-08 17:37,오가닉티코스메틱,코스닥,주주총회소집결의,오가닉티코스메틱스홀딩스컴퍼니리미티드
20260408001078,2026-04-08 17:07,이엠앤아이,코스닥,[정정]주주총회소집결의(임시주주총회),이엠앤아이
20260408001060,2026-04-08 16:43,헝셩그룹,코스닥,주주총회소집결의,헝셩그룹유한회사
20260408001016,2026-04-08 16:38,에스아이리소스,코스닥,주주총회소집결의(임시주주총회),에스아이리소스
20260408000961,2026-04-08 16:16,GMI벤처,코스닥,주주총회소집결의(임시주주총회),지엠아이벤처
20260408000860,2026-04-08 15:15,아이오케이이엔엠,코스닥,주주총회소집결의,아이오케이이엔엠
20260408000852,2026-04-08 15:11,아즈텍WB,코스닥,주주총회소집결의(임시주주총회),아즈텍더블유비이
20260407001130,2026-04-07 18:18,파라택시스코리아,코스닥,주주총회소집결의(임시주주총회),파라택시스 코리아
20260407001091,2026-04-07 18:18,케이피엠테크,코스닥,주주총회소집결의(임시주주총회),케이피엠테크
20260407001104,2026-04-07 18:16,파라택시스이더리움,코스닥,주주총회소집결의(임시주주총회),파라택시스이더리움
20260407001100,2026-04-07 18:10,텔콘RF제약,코스닥,주주총회소집결의(임시주주총회),텔콘알에프제약
20260407000750,2026-04-07 16:23,나우로보틱스,코스닥,주주총회소집결의(임시주주총회),나우로보틱스
20260407000675,2026-04-07 16:07,조이웍스앤코,코스닥,주주총회소집결의,조이웍스앤코
20260407000654,2026-04-07 15:59,유틸렉스,코스닥,[정정]주주총회소집결의(철회),유틸렉스
20260407000436,2026-04-07 14:33,오텍,코스닥,주주총회소집결의(임시주주총회),오텍
20260407000435,2026-04-07 14:33,엑시큐어하이트론,유가증권,주주총회소집결의,엑시큐어하이트론
20260407000332,2026-04-07 14:21,한국비티비,코스닥,주주총회소집결의(임시주주총회),한국비티비
20260406001023,2026-04-06 17:44,GST,코스닥,주주총회소집결의(임시주주총회),글로벌스탠다드테크놀로지
20260406001042,2026-04-06 17:41,한탑,코스닥,주주총회소집결의,한탑
20260406000836,2026-04-06 16:43,흥국화재,유가증권,[정정]주주총회소집결의,흥국화재해상보험
20260406000718,2026-04-06 16:08,메타바이오메드,코스닥,주주총회소집결의,메타바이오메드
20260406000625,2026-04-06 15:54,셀리드,코스닥,주주총회소집결의(임시주주총회),셀리드
20260406000612,2026-04-06 15:38,롤링스톤,코스닥,주주총회소집결의(임시주주총회),롤링스톤
20260406000536,2026-04-06 15:05,이엠앤아이,코스닥,[정정]주주총회소집결의(임시주주총회),이엠앤아이
20260406000431,2026-04-06 14:12,크리스탈신소재,코스닥,주주총회소집결의,차이나크리스탈신소재홀딩스
20260406000393,2026-04-06 13:44,지역난방공사,유가증권,주주총회소집결의,한국지역난방공사
20260403001425,2026-04-03 17:42,푸른로보틱스,코스닥,[정정]주주총회소집결의(임시주주총회),푸른로보틱스
20260403001190,2026-04-03 16:30,앱튼,코스닥,주주총회소집결의(임시주주총회),앱튼
20260403001120,2026-04-03 16:25,엔투텍,코스닥,주주총회소집결의,엔투텍
20260403000984,2026-04-03 15:33,에코마케팅,코스닥,주주총회소집결의(임시주주총회),에코마케팅
20260403000698,2026-04-03 12:54,나인앤컴퍼니,코스닥,주주총회소집결의(임시주주총회),나인앤컴퍼니
20260402001207,2026-04-02 19:19,유니켐,유가증권,주주총회소집결의,유니켐
20260402001132,2026-04-02 17:54,에스아이리소스,코스닥,[정정]주주총회소집결의(임시주주총회),에스아이리소스
20260402000931,2026-04-02 16:54,뉴프렉스,코스닥,주주총회소집결의,뉴프렉스
20260402000641,2026-04-02 14:56,토박스코리아,코스닥,주주총회소집결의(임시주주총회),토박스코리아
20260402000531,2026-04-02 14:37,영흥,유가증권,주주총회소집결의,영흥
20260401001588,2026-04-01 17:51,LSK아이로봇,코스닥,[정정]주주총회소집결의,엘에스케이아이로봇
20260401001041,2026-04-01 16:27,풍전약품,코스닥,주주총회소집결의,풍전약품
20260401001000,2026-04-01 16:12,에코심플렉스,코스닥,[정정]주주총회소집결의(임시주주총회),에코심플렉스
20260401001033,2026-04-01 16:05,LSK아이로봇,코스닥,주주총회소집결의(임시주주총회),엘에스케이아이로봇
20260401000870,2026-04-01 15:35,딥커머스,코스닥,주주총회소집결의,딥커머스리미티드
20260401000839,2026-04-01 15:35,서플러스글로벌,코스닥,주주총회소집결의,서플러스글로벌
20260401000818,2026-04-01 15:34,멕아이씨에스,코스닥,주주총회소집결의(임시주주총회),멕아이씨에스
20260401000634,2026-04-01 14:42,케이사인,코스닥,주주총회소집결의,케이사인
20260401000710,2026-04-01 14:36,엔시스,코스닥,주주총회소집결의(임시주주총회),엔시스
20260401000619,2026-04-01 13:57,이오플로우,코스닥,주주총회소집결의,이오플로우
20260401000441,2026-04-01 11:55,아이패밀리에스씨,코스닥,주주총회소집결의(임시주주총회),아이패밀리에스씨
