corp_code,corp_name,rcept_no,report_nm,rcept_dt,market
01226410,씨앤씨인터내셔널,20251002000614,주주총회소집공고,20251002,kosdaq
01089378,디와이디,20251002000530,주주총회소집공고,20251002,kosdaq
00168331,온타이드,20251002000495,주주총회소집공고,20251002,kospi
01170962,GRT,20251002000452,주주총회소집공고,20251002,kosdaq
01051065,엔비티,20251002000442,주주총회소집공고,20251002,kosdaq
00121543,무학,20251002000365,주주총회소집공고,20251002,kospi
00164609,에이치디현대미포,20251002000326,주주총회소집공고,20251002,etc
00125965,케이에이치미래물산,20251002000307,주주총회소집공고,20251002,etc
01390344,HD현대중공업,20251002000263,[기재정정]주주총회소집공고,20251002,kospi
00412348,LB세미콘,20251002000238,주주총회소집공고,20251002,kosdaq
01139035,티에스아이,20251002000175,[기재정정]주주총회소집공고,20251002,kosdaq
01060735,로지스몬,20251002000145,주주총회소집공고,20251002,konex
01390344,HD현대중공업,20251002000085,주주총회소집공고,20251002,kospi
00913689,세경하이테크,20251002000054,주주총회소집공고,20251002,kosdaq
01139035,티에스아이,20251002000028,주주총회소집공고,20251002,kosdaq
00877059,삼성바이오로직스,20251002000007,주주총회소집공고,20251002,kospi
00469799,이엔플러스,20251001000734,주주총회소집공고,20251001,kospi
00152880,코오롱글로벌,20251001000449,주주총회소집공고,20251001,kospi
00925374,윤성에프앤씨,20251001000271,주주총회소집공고,20251001,kosdaq
01137295,프리시젼바이오,20251001000230,주주총회소집공고,20251001,kosdaq
00606664,케이엔더블유,20251001000225,주주총회소집공고,20251001,kosdaq
01547933,미쥬,20251001000196,[기재정정]주주총회소집공고,20251001,konex
01547933,미쥬,20251001000089,주주총회소집공고,20251001,konex
00151128,모토닉,20251001000024,주주총회소집공고,20251001,kospi
00109806,삼일씨엔에스,20250930000728,주주총회소집공고,20250930,kospi
01405585,윙스풋,20250930000260,주주총회소집공고,20250930,kosdaq
00618410,KS인더스트리,20250930000252,[기재정정]주주총회소집공고,20250930,kosdaq
01688896,삼성FN리츠,20250930000214,주주총회소집공고,20250930,kospi
00608440,티앤엘,20250930000153,주주총회소집공고,20250930,kosdaq
00618410,KS인더스트리,20250929000500,주주총회소집공고,20250929,kosdaq
01429840,아이티아이즈,20250929000408,[기재정정]주주총회소집공고,20250929,kosdaq
01429840,아이티아이즈,20250929000301,주주총회소집공고,20250929,kosdaq
00103662,광명전기,20250929000298,주주총회소집공고,20250929,kospi
01014718,제노코,20250926000662,주주총회소집공고,20250926,kosdaq
01136001,나노실리칸첨단소재,20250926000539,주주총회소집공고,20250926,kosdaq
00453929,메디포스트,20250926000512,주주총회소집공고,20250926,kosdaq
01169434,오가닉티코스메틱,20250926000507,주주총회소집공고,20250926,kosdaq
00402989,유한코스메틱,20250926000017,주주총회소집공고,20250926,etc
01258428,프레스티지바이오로직스,20250925000622,[기재정정]주주총회소집공고,20250925,kosdaq
00317487,티에스넥스젠,20250925000243,[기재정정]주주총회소집공고,20250925,kosdaq
01585155,오픈놀,20250925000024,주주총회소집공고,20250925,kosdaq
00137915,엠엑스로보틱스,20250924000358,주주총회소집공고,20250924,kosdaq
00274933,신세계푸드,20250924000339,주주총회소집공고,20250924,etc
00317487,티에스넥스젠,20250924000108,[기재정정]주주총회소집공고,20250924,kosdaq
01506617,쓰리빌리언,20250924000100,주주총회소집공고,20250924,kosdaq
00126937,삼양홀딩스,20250923000262,주주총회소집공고,20250923,kospi
00416414,넥스턴앤롤코리아,20250923000225,주주총회소집공고,20250923,kosdaq
00361008,한화엔진,20250923000143,주주총회소집공고,20250923,kospi
00910202,대동고려삼,20250922000109,[기재정정]주주총회소집공고,20250922,konex
01516368,산돌,20250919000301,주주총회소집공고,20250919,kosdaq
01594791,나우로보틱스,20250918000094,[기재정정]주주총회소집공고,20250918,kosdaq
00141404,블루산업개발,20250917000390,[기재정정]주주총회소집공고,20250917,kospi
00145437,아센디오,20250917000286,[기재정정]주주총회소집공고,20250917,kospi
00150536,진양제약,20250917000274,주주총회소집공고,20250917,kosdaq
00317487,티에스넥스젠,20250917000200,[기재정정]주주총회소집공고,20250917,kosdaq
01085442,오건에코텍,20250916000293,[기재정정]주주총회소집공고,20250916,konex
00125725,디모아,20250916000280,[기재정정]주주총회소집공고,20250916,kosdaq
00125725,디모아,20250916000244,주주총회소집공고,20250916,kosdaq
00838962,알서포트,20250916000148,주주총회소집공고,20250916,kosdaq
00153393,태광산업,20250916000124,주주총회소집공고,20250916,kospi
00168331,온타이드,20250916000090,주주총회소집공고,20250916,kospi
00776820,영원무역,20250916000045,주주총회소집공고,20250916,kospi
00134316,세원정공,20250915000356,주주총회소집공고,20250915,kospi
01085442,오건에코텍,20250915000353,주주총회소집공고,20250915,konex
01022902,애드바이오텍,20250915000339,주주총회소집공고,20250915,kosdaq
00317487,티에스넥스젠,20250915000314,주주총회소집공고,20250915,kosdaq
01535150,SK리츠,20250915000294,주주총회소집공고,20250915,kospi
00134723,페이퍼코리아,20250915000274,주주총회소집공고,20250915,kospi
00177870,대창솔루션,20250915000216,[기재정정]주주총회소집공고,20250915,kosdaq
01415892,제이알글로벌리츠,20250915000198,주주총회소집공고,20250915,kospi
00249441,씨씨에스,20250915000181,[기재정정]주주총회소집공고,20250915,kosdaq
00167208,흥아해운,20250915000153,주주총회소집공고,20250915,kospi
00877174,엠브레인,20250915000151,주주총회소집공고,20250915,kosdaq
01078178,RFHIC,20250915000117,주주총회소집공고,20250915,kosdaq
01258428,프레스티지바이오로직스,20250915000106,[기재정정]주주총회소집공고,20250915,kosdaq
01284876,인스피언,20250915000060,주주총회소집공고,20250915,kosdaq
01157235,아스타,20250915000054,주주총회소집공고,20250915,kosdaq
01518506,타조이엔터테인먼트,20250915000053,주주총회소집공고,20250915,konex
00616962,린드먼아시아,20250915000007,주주총회소집공고,20250915,kosdaq
00983271,NHN,20250912000478,주주총회소집공고,20250912,kospi
01070149,올리패스,20250912000472,주주총회소집공고,20250912,kosdaq
01335453,조이웍스앤코,20250912000363,주주총회소집공고,20250912,kosdaq
00916826,드림씨아이에스,20250912000304,주주총회소집공고,20250912,kosdaq
01288827,HPSP,20250912000241,[기재정정]주주총회소집공고,20250912,kosdaq
01288827,HPSP,20250912000232,[기재정정]주주총회소집공고,20250912,kosdaq
01436628,이지스레지던스리츠,20250912000196,주주총회소집공고,20250912,kospi
00138747,아세아텍,20250912000165,주주총회소집공고,20250912,kosdaq
01335143,로킷헬스케어,20250912000161,주주총회소집공고,20250912,kosdaq
01370863,그린리소스,20250912000144,[기재정정]주주총회소집공고,20250912,kosdaq
00367385,효성오앤비,20250912000138,주주총회소집공고,20250912,kosdaq
01370863,그린리소스,20250912000125,[기재정정]주주총회소집공고,20250912,kosdaq
00910202,대동고려삼,20250912000095,주주총회소집공고,20250912,konex
01258428,프레스티지바이오로직스,20250911000468,주주총회소집공고,20250911,kosdaq
01510489,프레스티지바이오파마,20250911000453,주주총회소집공고,20250911,kospi
00441243,형지엘리트,20250911000444,주주총회소집공고,20250911,kospi
00363510,제이케이시냅스,20250911000412,주주총회소집공고,20250911,kosdaq
00219361,해성산업,20250911000407,주주총회소집공고,20250911,kosdaq
01370863,그린리소스,20250911000364,[기재정정]주주총회소집공고,20250911,kosdaq
00138701,아세아,20250911000338,주주총회소집공고,20250911,kospi
00138729,아세아제지,20250911000327,주주총회소집공고,20250911,kospi
00990165,아세아시멘트,20250911000323,주주총회소집공고,20250911,kospi
00136341,신성통상,20250911000283,주주총회소집공고,20250911,etc
00120872,만호제강,20250911000181,주주총회소집공고,20250911,kospi
01594791,나우로보틱스,20250911000177,주주총회소집공고,20250911,kosdaq
00800145,서진오토모티브,20250911000102,주주총회소집공고,20250911,kosdaq
00962922,팬젠,20250911000091,주주총회소집공고,20250911,kosdaq
00194947,한전산업,20250911000084,주주총회소집공고,20250911,kospi
01370863,그린리소스,20250911000083,주주총회소집공고,20250911,kosdaq
00200275,YTN,20250910000625,주주총회소집공고,20250910,kosdaq
01318933,지니틱스,20250910000590,주주총회소집공고,20250910,kosdaq
00231691,판타지오,20250910000568,주주총회소집공고,20250910,kosdaq
01032404,콜마비앤에이치,20250910000452,주주총회소집공고,20250910,kosdaq
01381984,SKAI,20250910000339,주주총회소집공고,20250910,kosdaq
01201970,셀레스트라,20250910000285,주주총회소집공고,20250910,kosdaq
00519252,THE E&M,20250910000167,주주총회소집공고,20250910,kosdaq
00141404,블루산업개발,20250909000356,주주총회소집공고,20250909,kospi
01480780,NH올원리츠,20250909000339,주주총회소집공고,20250909,kospi
01436558,신한서부티엔디리츠,20250909000297,[기재정정]주주총회소집공고,20250909,kospi
01210066,리파인,20250909000228,주주총회소집공고,20250909,kosdaq
00453284,교촌에프앤비,20250909000208,주주총회소집공고,20250909,kospi
00939942,포시에스,20250909000166,주주총회소집공고,20250909,kosdaq
00493510,뉴프렉스,20250909000110,주주총회소집공고,20250909,kosdaq
00198697,일진디스플,20250908000265,주주총회소집공고,20250908,kospi
00161125,한온시스템,20250908000248,주주총회소집공고,20250908,kospi
00268002,세종텔레콤,20250908000202,주주총회소집공고,20250908,kosdaq
00549891,케어젠,20250908000157,주주총회소집공고,20250908,kosdaq
01117246,EMB,20250905000293,주주총회소집공고,20250905,konex
00317487,티에스넥스젠,20250905000283,[기재정정]주주총회소집공고,20250905,kosdaq
00516246,알에프세미,20250905000162,주주총회소집공고,20250905,etc
01682740,아이비케이에스제21호기업인수목적,20250905000141,주주총회소집공고,20250905,etc
01563667,더즌,20250905000088,주주총회소집공고,20250905,kosdaq
00524786,비엠티,20250905000076,주주총회소집공고,20250905,kosdaq
00145437,아센디오,20250904000402,주주총회소집공고,20250904,kospi
01363818,롯데리츠,20250904000334,주주총회소집공고,20250904,kospi
01026157,쏘카,20250904000331,주주총회소집공고,20250904,kospi
00164672,한일현대시멘트,20250904000323,주주총회소집공고,20250904,etc
00188973,화일약품,20250904000313,주주총회소집공고,20250904,kosdaq
00677334,아하,20250904000135,주주총회소집공고,20250904,konex
00139685,양지사,20250904000080,주주총회소집공고,20250904,kosdaq
01416642,다보링크,20250904000062,주주총회소집공고,20250904,kosdaq
00544452,이리츠코크렙,20250903000372,주주총회소집공고,20250903,kospi
01288827,HPSP,20250903000259,주주총회소집공고,20250903,kosdaq
01049167,롤링스톤,20250903000214,[기재정정]주주총회소집공고,20250903,kosdaq
01436558,신한서부티엔디리츠,20250903000203,주주총회소집공고,20250903,kospi
01689938,신영해피투모로우제9호기업인수목적,20250903000028,주주총회소집공고,20250903,etc
00161383,한미반도체,20250902000283,주주총회소집공고,20250902,kospi
00530413,더코디,20250901000497,[기재정정]주주총회소집공고,20250901,kosdaq
01049167,롤링스톤,20250901000453,주주총회소집공고,20250901,kosdaq
01549472,대진첨단소재,20250901000439,주주총회소집공고,20250901,kosdaq
00488244,원일티엔아이,20250901000327,주주총회소집공고,20250901,kosdaq
00344287,에이치디현대인프라코어,20250901000322,[기재정정]주주총회소집공고,20250901,etc
00671376,트리니티항공,20250829002157,주주총회소집공고,20250829,kospi
01383229,저스템,20250829002024,주주총회소집공고,20250829,kosdaq
01406751,메를로랩,20250829001541,주주총회소집공고,20250829,etc
00344287,에이치디현대인프라코어,20250829001165,주주총회소집공고,20250829,etc
01205842,HD건설기계,20250829001146,주주총회소집공고,20250829,kospi
01020269,탈로스,20250829000170,주주총회소집공고,20250829,konex
01677429,엔에이치기업인수목적27호,20250828001243,주주총회소집공고,20250828,etc
00215976,무궁화인포메이션테크놀로지,20250828001105,[기재정정]주주총회소집공고,20250828,etc
00116426,이렘,20250828001021,[기재정정]주주총회소집공고,20250828,kosdaq
01689336,비엔케이제1호기업인수목적,20250828000400,주주총회소집공고,20250828,etc
01030503,우진엔텍,20250828000151,주주총회소집공고,20250828,kosdaq
00583026,멤레이비티,20250827000606,주주총회소집공고,20250827,kosdaq
00393469,메티스,20250827000256,[기재정정]주주총회소집공고,20250827,etc
00125938,삼보판지,20250827000092,주주총회소집공고,20250827,kosdaq
00308896,셀피글로벌,20250826000508,주주총회소집공고,20250826,kosdaq
01226234,와이바이오로직스,20250826000439,주주총회소집공고,20250826,kosdaq
00177870,대창솔루션,20250826000431,[기재정정]주주총회소집공고,20250826,kosdaq
00351579,비트플래닛,20250826000396,주주총회소집공고,20250826,kosdaq
00177870,대창솔루션,20250825000441,주주총회소집공고,20250825,kosdaq
00793155,폴라리스AI핸디,20250825000423,주주총회소집공고,20250825,kosdaq
00161693,한샘,20250825000187,주주총회소집공고,20250825,kospi
00402989,유한코스메틱,20250825000184,주주총회소집공고,20250825,etc
01675227,삼성기업인수목적7호,20250825000066,주주총회소집공고,20250825,etc
00220686,에스피지,20250825000025,주주총회소집공고,20250825,kosdaq
00781202,파이온엑스,20250825000003,[기재정정]주주총회소집공고,20250825,kosdaq
01022902,애드바이오텍,20250822000354,[기재정정]주주총회소집공고,20250822,kosdaq
00245694,남화산업,20250822000216,주주총회소집공고,20250822,kosdaq
01674468,엔에이치기업인수목적25호,20250822000102,주주총회소집공고,20250822,etc
00308896,셀피글로벌,20250822000002,[기재정정]주주총회소집공고,20250822,kosdaq
00393469,메티스,20250821000671,주주총회소집공고,20250821,etc
01675421,아이비케이에스제20호기업인수목적,20250821000583,주주총회소집공고,20250821,etc
00112378,KR모터스,20250821000412,주주총회소집공고,20250821,kospi
01724338,하나28호기업인수목적,20250821000365,주주총회소집공고,20250821,etc
00120906,에스아이리소스,20250821000174,주주총회소집공고,20250821,kosdaq
00580667,S&K폴리텍,20250820000244,주주총회소집공고,20250820,kosdaq
00248974,하나제약,20250820000189,주주총회소집공고,20250820,kospi
00162063,한신공영,20250820000173,주주총회소집공고,20250820,kospi
00811372,노바렉스,20250820000159,주주총회소집공고,20250820,kosdaq
01063556,질경이,20250820000088,주주총회소집공고,20250820,konex
01099667,에스디생명공학,20250819000278,[기재정정]주주총회소집공고,20250819,kosdaq
00406037,CSA 코스믹,20250818000244,[기재정정]주주총회소집공고,20250818,kosdaq
01136348,나무AX,20250818000035,주주총회소집공고,20250818,kosdaq
01860010,오션스바이오,20250814003574,주주총회소집공고,20250814,konex
00116426,이렘,20250814003150,[기재정정]주주총회소집공고,20250814,kosdaq
01022902,애드바이오텍,20250814002524,주주총회소집공고,20250814,kosdaq
01353848,이노벡스,20250814002432,주주총회소집공고,20250814,etc
00148610,한화투자증권,20250814002425,주주총회소집공고,20250814,kospi
00101220,KG케미칼,20250814002243,[기재정정]주주총회소집공고,20250814,kospi
01440153,넥사다이내믹스,20250814001423,주주총회소집공고,20250814,kosdaq
00107224,남선알미늄,20250814001352,주주총회소집공고,20250814,kospi
00693299,더존비앤에프,20250814000311,주주총회소집공고,20250814,etc
00565215,아이티센코어,20250814000165,주주총회소집공고,20250814,konex
01051472,젠큐릭스,20250813001612,주주총회소집공고,20250813,kosdaq
00101220,KG케미칼,20250813001578,주주총회소집공고,20250813,kospi
01406618,비올메디컬,20250813001446,주주총회소집공고,20250813,etc
01714997,신한글로벌액티브리츠,20250813001242,주주총회소집공고,20250813,kospi
00136101,메이슨캐피탈,20250813000790,주주총회소집공고,20250813,kosdaq
00160010,한국큐빅,20250813000625,주주총회소집공고,20250813,kosdaq
01035289,제이케이리버스톤자기관리부동산투자회사,20250812000833,[기재정정]주주총회소집공고,20250812,etc
01051092,피씨엘,20250812000813,주주총회소집공고,20250812,kosdaq
01099667,에스디생명공학,20250812000701,주주총회소집공고,20250812,kosdaq
00520887,비상교육,20250812000665,주주총회소집공고,20250812,kospi
01437186,ESR켄달스퀘어리츠,20250812000663,주주총회소집공고,20250812,kospi
00455875,와토스코리아,20250812000289,주주총회소집공고,20250812,kosdaq
00317487,티에스넥스젠,20250812000288,주주총회소집공고,20250812,kosdaq
01601222,씨피시스템,20250812000244,주주총회소집공고,20250812,kosdaq
01035289,제이케이리버스톤자기관리부동산투자회사,20250811000578,[기재정정]주주총회소집공고,20250812,etc
00356839,메디콕스,20250811000532,주주총회소집공고,20250811,kosdaq
01677678,교보13호기업인수목적,20250811000527,주주총회소집공고,20250811,etc
01671197,에스케이증권제8호기업인수목적,20250811000429,주주총회소집공고,20250811,etc
00136341,신성통상,20250811000288,주주총회소집공고,20250811,etc
00929228,엔에스컴퍼니,20250811000095,주주총회소집공고,20250811,konex
01670675,유안타제10호기업인수목적,20250811000009,주주총회소집공고,20250811,etc
00166333,화신테크,20250808000370,[기재정정]주주총회소집공고,20250808,etc
01141599,아리바이오LAB,20250808000321,주주총회소집공고,20250808,kosdaq
01437292,미래에셋맵스리츠,20250808000222,주주총회소집공고,20250808,kospi
00301422,스모트로닉,20250808000194,주주총회소집공고,20250808,kosdaq
00977377,에이비온,20250807000328,주주총회소집공고,20250807,kosdaq
00372129,전진건설로봇,20250807000327,주주총회소집공고,20250807,kospi
00118345,디아이동일,20250807000239,주주총회소집공고,20250807,kospi
00113535,대한해운,20250806000273,주주총회소집공고,20250806,kospi
00653194,앱토크롬,20250806000261,주주총회소집공고,20250806,kosdaq
01391033,NH프라임리츠,20250806000215,주주총회소집공고,20250806,kospi
01430475,코람코라이프인프라리츠,20250806000167,주주총회소집공고,20250806,kospi
00319272,성우,20250806000159,주주총회소집공고,20250806,kosdaq
00148470,제일일렉트릭,20250806000072,주주총회소집공고,20250806,kosdaq
01326792,비투엔,20250805000278,주주총회소집공고,20250805,kosdaq
00249441,씨씨에스,20250805000212,주주총회소집공고,20250805,kosdaq
01180118,코람코더원리츠,20250805000164,주주총회소집공고,20250805,kospi
00118521,진원생명과학,20250805000104,[기재정정]주주총회소집공고,20250805,kospi
00406037,CSA 코스믹,20250805000097,[기재정정]주주총회소집공고,20250805,kosdaq
00525864,피앤씨테크,20250805000019,주주총회소집공고,20250805,kosdaq
01514698,엑스플러스,20250804000230,주주총회소집공고,20250804,kosdaq
01885222,대신밸류리츠,20250804000129,주주총회소집공고,20250804,kospi
00406037,CSA 코스믹,20250801001088,주주총회소집공고,20250801,kosdaq
00308896,셀피글로벌,20250801000928,[기재정정]주주총회소집공고,20250801,kosdaq
00175623,ES큐브,20250801000856,주주총회소집공고,20250801,kosdaq
01105621,엔투텍,20250801000722,주주총회소집공고,20250801,kosdaq
01023318,센코,20250731000544,주주총회소집공고,20250731,kosdaq
00308896,셀피글로벌,20250731000503,[기재정정]주주총회소집공고,20250731,kosdaq
01035289,제이케이리버스톤자기관리부동산투자회사,20250731000446,[기재정정]주주총회소집공고,20250731,etc
00120182,NH투자증권,20250731000424,주주총회소집공고,20250731,kospi
00321204,지에이이노더스,20250731000175,주주총회소집공고,20250731,konex
01071041,CJ 바이오사이언스,20250730000312,주주총회소집공고,20250730,kosdaq
00164478,현대건설,20250730000252,주주총회소집공고,20250730,kospi
00199988,SY동아,20250730000092,주주총회소집공고,20250730,kosdaq
01246034,다이나믹솔루션,20250729000132,[기재정정]주주총회소집공고,20250729,kosdaq
01246034,다이나믹솔루션,20250729000063,주주총회소집공고,20250729,kosdaq
01185566,휴엠앤씨,20250729000047,주주총회소집공고,20250729,kosdaq
00276834,KX하이텍,20250728000351,주주총회소집공고,20250728,kosdaq
00118521,진원생명과학,20250728000238,주주총회소집공고,20250728,kospi
00863038,캐리,20250728000236,[기재정정]주주총회소집공고,20250728,kosdaq
00610861,코스텍시스템,20250728000129,주주총회소집공고,20250728,konex
00230425,나노엔텍,20250725000376,주주총회소집공고,20250725,kosdaq
00587925,모아라이프플러스,20250724000471,주주총회소집공고,20250724,kosdaq
00781202,파이온엑스,20250724000411,[기재정정]주주총회소집공고,20250724,kosdaq
00367710,동인기연,20250724000390,주주총회소집공고,20250724,kospi
00308896,셀피글로벌,20250724000386,[기재정정]주주총회소집공고,20250724,kosdaq
00799070,딥커머스,20250724000356,주주총회소집공고,20250724,kosdaq
00106623,현대위아,20250724000126,주주총회소집공고,20250724,kospi
00661157,인트로메딕,20250724000125,주주총회소집공고,20250724,etc
00103626,한솔피엔에스,20250723000394,[기재정정]주주총회소집공고,20250723,etc
00103626,한솔피엔에스,20250723000390,[기재정정]주주총회소집공고,20250723,etc
00164788,현대모비스,20250723000332,주주총회소집공고,20250723,kospi
01227039,파라택시스코리아,20250723000324,주주총회소집공고,20250723,kosdaq
00116426,이렘,20250723000249,[기재정정]주주총회소집공고,20250723,kosdaq
00103626,한솔피엔에스,20250723000035,주주총회소집공고,20250723,etc
00191588,삼원강재,20250723000031,주주총회소집공고,20250723,kospi
01318933,지니틱스,20250723000002,[기재정정]주주총회소집공고,20250723,kosdaq
01318933,지니틱스,20250722000241,[기재정정]주주총회소집공고,20250722,kosdaq
01063884,솔디펜스,20250722000195,주주총회소집공고,20250722,kosdaq
00863038,캐리,20250722000191,[기재정정]주주총회소집공고,20250722,kosdaq
01049422,썸에이지,20250721000211,주주총회소집공고,20250721,kosdaq
01022902,애드바이오텍,20250721000163,[기재정정]주주총회소집공고,20250721,kosdaq
00920379,티엘비,20250721000118,주주총회소집공고,20250721,kosdaq
00113058,한화생명,20250721000027,주주총회소집공고,20250721,kospi
00185505,제일바이오,20250717000390,주주총회소집공고,20250717,etc
00313649,현대바이오,20250717000336,주주총회소집공고,20250717,kosdaq
01506990,옵티코어,20250717000331,주주총회소집공고,20250717,kosdaq
01035289,제이케이리버스톤자기관리부동산투자회사,20250717000309,주주총회소집공고,20250717,etc
00215976,무궁화인포메이션테크놀로지,20250717000205,주주총회소집공고,20250717,etc
00378220,버킷스튜디오,20250717000196,주주총회소집공고,20250717,kosdaq
01658831,오름테라퓨틱,20250717000089,주주총회소집공고,20250717,kosdaq
00232089,바이온,20250716000279,[기재정정]주주총회소집공고,20250716,etc
00532855,한국유니온제약,20250716000274,[기재정정]주주총회소집공고,20250716,kosdaq
00693554,티케이케미칼,20250716000269,주주총회소집공고,20250716,kosdaq
01409022,페니트리움바이오,20250716000217,주주총회소집공고,20250716,kosdaq
01281541,에피바이오텍,20250716000202,주주총회소집공고,20250716,konex
00220109,알파AI,20250715000373,주주총회소집공고,20250716,kosdaq
01075126,사토시홀딩스,20250715000234,주주총회소집공고,20250715,kosdaq
01011438,에이치엘사이언스,20250715000210,주주총회소집공고,20250715,kosdaq
00153621,참엔지니어링,20250715000206,주주총회소집공고,20250715,kospi
00157399,한솔테크닉스,20250715000182,주주총회소집공고,20250715,kospi
00308896,셀피글로벌,20250714000052,[기재정정]주주총회소집공고,20250714,kosdaq
00308896,셀피글로벌,20250711000494,[기재정정]주주총회소집공고,20250714,kosdaq
00232089,바이온,20250711000486,주주총회소집공고,20250711,etc
00299464,초록뱀미디어,20250711000483,주주총회소집공고,20250711,kosdaq
00469799,이엔플러스,20250711000449,주주총회소집공고,20250711,kospi
00308896,셀피글로벌,20250711000320,주주총회소집공고,20250711,kosdaq
00381756,티씨머티리얼즈,20250711000206,주주총회소집공고,20250711,kosdaq
01190568,에이피알,20250711000101,주주총회소집공고,20250711,kospi
01049167,롤링스톤,20250710000623,주주총회소집공고,20250710,kosdaq
00442905,디에스엠,20250710000519,주주총회소집공고,20250710,kosdaq
00781202,파이온엑스,20250710000456,[기재정정]주주총회소집공고,20250710,kosdaq
01228515,앱튼,20250710000454,주주총회소집공고,20250710,kosdaq
01335453,조이웍스앤코,20250710000414,주주총회소집공고,20250710,kosdaq
01290132,인터로이드,20250709000447,주주총회소집공고,20250709,konex
00308896,셀피글로벌,20250709000422,[기재정정]주주총회소집공고,20250709,kosdaq
01152586,유일로보틱스,20250709000343,주주총회소집공고,20250709,kosdaq
00117629,KBI동양철관,20250709000228,주주총회소집공고,20250709,kospi
00252269,아이에이,20250709000214,주주총회소집공고,20250709,kosdaq
01405585,윙스풋,20250708000411,주주총회소집공고,20250708,kosdaq
01448544,셀로맥스사이언스,20250708000400,주주총회소집공고,20250708,kosdaq
01318933,지니틱스,20250708000379,[기재정정]주주총회소집공고,20250708,kosdaq
00828789,대성산업,20250708000375,주주총회소집공고,20250708,kospi
01616482,신한제10호기업인수목적,20250708000174,주주총회소집공고,20250708,etc
01851650,KB제30호스팩,20250708000074,주주총회소집공고,20250708,kosdaq
00145437,아센디오,20250707000355,주주총회소집공고,20250707,kospi
00104810,소노스퀘어,20250707000328,주주총회소집공고,20250707,kosdaq
01022902,애드바이오텍,20250707000298,주주총회소집공고,20250707,kosdaq
00128546,삼천당제약,20250707000225,주주총회소집공고,20250707,kosdaq
01669226,한화리츠,20250707000160,주주총회소집공고,20250707,kospi
00264945,나이스정보통신,20250707000129,주주총회소집공고,20250707,kosdaq
01674468,엔에이치기업인수목적25호,20250707000008,주주총회소집공고,20250707,etc
00563518,비나텍,20250704000449,주주총회소집공고,20250704,kosdaq
00163716,한창,20250704000429,주주총회소집공고,20250704,kospi
01095704,케이엠제약,20250704000289,주주총회소집공고,20250704,kosdaq
01231786,엑스페릭스,20250704000244,주주총회소집공고,20250704,kosdaq
00164618,현대사료,20250703000453,주주총회소집공고,20250703,kosdaq
00583026,멤레이비티,20250703000452,[기재정정]주주총회소집공고,20250703,kosdaq
01675421,아이비케이에스제20호기업인수목적,20250703000397,주주총회소집공고,20250703,etc
01061327,클래시스,20250703000376,주주총회소집공고,20250703,kosdaq
01688896,삼성FN리츠,20250703000259,주주총회소집공고,20250703,kospi
00530413,더코디,20250703000199,[기재정정]주주총회소집공고,20250703,kosdaq
00532855,한국유니온제약,20250703000175,주주총회소집공고,20250703,kosdaq
01110474,풍전약품,20250703000162,주주총회소집공고,20250703,kosdaq
00959229,세종메디칼,20250702000579,주주총회소집공고,20250702,kosdaq
00107987,남해화학,20250702000498,주주총회소집공고,20250702,kospi
00911229,라온로보틱스,20250702000211,주주총회소집공고,20250702,kosdaq
00106119,금양,20250702000189,주주총회소집공고,20250702,kospi
01042085,엑셈,20250702000045,주주총회소집공고,20250702,kosdaq
01675227,삼성기업인수목적7호,20250702000025,주주총회소집공고,20250702,etc
00306870,손오공,20250701000393,주주총회소집공고,20250701,kosdaq
00863038,캐리,20250701000357,[기재정정]주주총회소집공고,20250701,kosdaq
00173032,동화기업,20250701000312,주주총회소집공고,20250701,kosdaq
00445054,하나마이크론,20250701000298,[기재정정]주주총회소집공고,20250701,kosdaq
01692321,미래에셋비전기업인수목적2호,20250701000056,주주총회소집공고,20250701,etc
01409095,비트맥스,20250627000519,주주총회소집공고,20250627,kosdaq
00863038,캐리,20250626000634,[기재정정]주주총회소집공고,20250626,kosdaq
00308896,셀피글로벌,20250626000485,주주총회소집공고,20250626,kosdaq
00103635,광림,20250626000435,주주총회소집공고,20250626,etc
00548519,큐러블,20250626000050,[기재정정]주주총회소집공고,20250626,etc
00166333,화신테크,20250626000020,주주총회소집공고,20250626,etc
00166333,화신테크,20250626000019,[기재정정]주주총회소집공고,20250626,etc
00618410,KS인더스트리,20250625000507,주주총회소집공고,20250625,kosdaq
00445054,하나마이크론,20250625000393,주주총회소집공고,20250625,kosdaq
00781202,파이온엑스,20250625000356,주주총회소집공고,20250625,kosdaq
01872219,유안타제17호스팩,20250625000348,주주총회소집공고,20250625,kosdaq
00557508,GKL,20250625000347,[기재정정]주주총회소집공고,20250625,kospi
01798980,유안타제15호스팩,20250625000336,주주총회소집공고,20250625,kosdaq
00116426,이렘,20250625000312,[기재정정]주주총회소집공고,20250625,kosdaq
00863038,캐리,20250623000282,[기재정정]주주총회소집공고,20250623,kosdaq
00234227,유진로봇,20250623000237,주주총회소집공고,20250623,kosdaq
00557508,GKL,20250623000217,주주총회소집공고,20250623,kospi
00162461,한화솔루션,20250623000208,주주총회소집공고,20250623,kospi
00626464,지엔씨에너지,20250620000387,주주총회소집공고,20250620,kosdaq
01293485,제닉스로보틱스,20250620000150,주주총회소집공고,20250620,kosdaq
00157104,대동전자,20250619000260,[기재정정]주주총회소집공고,20250619,etc
00365590,HLB생명과학,20250619000248,주주총회소집공고,20250619,kosdaq
00359395,헬릭스미스,20250619000192,주주총회소집공고,20250619,kosdaq
01663639,유안타제9호기업인수목적,20250619000105,주주총회소집공고,20250619,etc
00187725,코콤,20250619000087,주주총회소집공고,20250619,kosdaq
00862880,새빗켐,20250618000186,주주총회소집공고,20250618,kosdaq
01671197,에스케이증권제8호기업인수목적,20250618000086,주주총회소집공고,20250618,etc
01318933,지니틱스,20250617000420,[기재정정]주주총회소집공고,20250617,kosdaq
01656374,신영해피투모로우제8호기업인수목적,20250617000103,주주총회소집공고,20250617,etc
01670675,유안타제10호기업인수목적,20250617000058,주주총회소집공고,20250617,etc
00876865,네오오토,20250616000304,주주총회소집공고,20250616,kosdaq
00148531,제이스코홀딩스,20250616000293,주주총회소집공고,20250616,kosdaq
00367482,빛과전자,20250616000210,주주총회소집공고,20250616,kosdaq
01136977,마녀공장,20250616000151,주주총회소집공고,20250616,kosdaq
00610861,코스텍시스템,20250616000096,주주총회소집공고,20250616,konex
00136101,메이슨캐피탈,20250616000073,[기재정정]주주총회소집공고,20250616,kosdaq
00816933,진영,20250616000061,주주총회소집공고,20250616,kosdaq
01014718,제노코,20250616000057,주주총회소집공고,20250616,kosdaq
00304915,코리아에셋투자증권,20250613000471,[기재정정]주주총회소집공고,20250613,kosdaq
00262266,삼현,20250613000369,주주총회소집공고,20250613,kosdaq
01210066,리파인,20250613000294,주주총회소집공고,20250613,kosdaq
01867749,유비씨,20250613000293,주주총회소집공고,20250613,konex
00109514,티웨이홀딩스,20250613000289,[기재정정]주주총회소집공고,20250613,kospi
00118008,동원모빌리티,20250613000272,[기재정정]주주총회소집공고,20250613,kospi
00117267,동양생명보험,20250613000263,[기재정정]주주총회소집공고,20250613,etc
00964595,엔바이오니아,20250613000218,주주총회소집공고,20250613,kosdaq
00304915,코리아에셋투자증권,20250613000189,주주총회소집공고,20250613,kosdaq
00830447,수프로,20250613000127,주주총회소집공고,20250613,konex
01576102,미래에셋글로벌리츠,20250613000097,주주총회소집공고,20250613,kospi
00913689,세경하이테크,20250613000008,주주총회소집공고,20250613,kosdaq
00173449,빌리언스,20250612000472,주주총회소집공고,20250612,kosdaq
00599151,SV인베스트먼트,20250612000419,주주총회소집공고,20250612,kosdaq
00157104,대동전자,20250612000369,주주총회소집공고,20250612,etc
01089378,디와이디,20250612000362,주주총회소집공고,20250612,kosdaq
00249441,씨씨에스,20250612000352,[기재정정]주주총회소집공고,20250612,kosdaq
00309831,알에프텍,20250612000345,주주총회소집공고,20250612,kosdaq
00410739,푸른소나무,20250612000341,주주총회소집공고,20250612,etc
00146427,한주에이알티,20250612000330,주주총회소집공고,20250612,kosdaq
00426068,엑시온그룹,20250612000327,주주총회소집공고,20250612,kosdaq
00568461,HC보광산업,20250612000297,주주총회소집공고,20250612,kosdaq
00288495,HC홈센타,20250612000291,주주총회소집공고,20250612,kosdaq
01468061,레뷰코퍼레이션,20250612000285,주주총회소집공고,20250612,kosdaq
00134723,페이퍼코리아,20250612000283,주주총회소집공고,20250612,kospi
01124680,보라티알,20250612000255,[기재정정]주주총회소집공고,20250612,kosdaq
01215618,와이엠텍,20250612000222,주주총회소집공고,20250612,kosdaq
00378363,3S,20250612000208,[기재정정]주주총회소집공고,20250612,kosdaq
00145668,이화공영,20250612000174,[기재정정]주주총회소집공고,20250612,kosdaq
00141626,오리엔트바이오,20250612000169,주주총회소집공고,20250612,kospi
00145668,이화공영,20250612000164,주주총회소집공고,20250612,kosdaq
01124680,보라티알,20250612000158,[기재정정]주주총회소집공고,20250612,kosdaq
00194947,한전산업,20250612000052,주주총회소집공고,20250612,kospi
01311310,지아이텍,20250612000033,주주총회소집공고,20250612,kosdaq
00166333,화신테크,20250612000013,[기재정정]주주총회소집공고,20250612,etc
01702424,미래에셋비전기업인수목적3호,20250612000004,[기재정정]주주총회소집공고,20250612,etc
00249441,씨씨에스,20250611000559,[기재정정]주주총회소집공고,20250611,kosdaq
00241209,모아텍,20250611000497,주주총회소집공고,20250611,kosdaq
00133335,성창기업지주,20250611000435,주주총회소집공고,20250611,kospi
00116426,이렘,20250611000421,주주총회소집공고,20250611,kosdaq
01108442,에치에프알,20250611000398,주주총회소집공고,20250611,kosdaq
00117267,동양생명보험,20250611000345,주주총회소집공고,20250611,etc
00136101,메이슨캐피탈,20250611000330,주주총회소집공고,20250611,kosdaq
00118008,동원모빌리티,20250611000296,주주총회소집공고,20250611,kospi
00945776,지슨,20250611000250,[기재정정]주주총회소집공고,20250611,etc
01693922,지슨,20250611000236,주주총회소집공고,20250611,kosdaq
00106395,금호전기,20250611000231,주주총회소집공고,20250611,kospi
00945776,지슨,20250611000226,주주총회소집공고,20250611,etc
01397903,엔젠바이오,20250611000216,주주총회소집공고,20250611,kosdaq
00548519,큐러블,20250611000153,[기재정정]주주총회소집공고,20250611,etc
00372873,KTis,20250611000138,주주총회소집공고,20250611,kospi
00378363,3S,20250610000439,주주총회소집공고,20250610,kosdaq
00915508,알엔투테크놀로지,20250610000426,주주총회소집공고,20250610,kosdaq
01318933,지니틱스,20250610000332,주주총회소집공고,20250610,kosdaq
00800084,씨엑스아이,20250610000239,주주총회소집공고,20250610,kosdaq
01124680,보라티알,20250610000128,주주총회소집공고,20250610,kosdaq
01185566,휴엠앤씨,20250609000197,주주총회소집공고,20250609,kosdaq
00145738,이화전기공업,20250609000193,주주총회소집공고,20250609,etc
00173102,모나리자,20250609000183,주주총회소집공고,20250609,kospi
00614478,휴메딕스,20250609000182,주주총회소집공고,20250609,kosdaq
00367844,자이에스앤디,20250609000069,주주총회소집공고,20250609,kospi
00239639,삼표시멘트,20250609000067,주주총회소집공고,20250609,kosdaq
01702424,미래에셋비전기업인수목적3호,20250609000032,주주총회소집공고,20250609,etc
00105138,파라텍,20250605000402,주주총회소집공고,20250605,kosdaq
00136721,신영증권,20250605000392,주주총회소집공고,20250605,kospi
00373571,스타코링크,20250605000359,주주총회소집공고,20250605,etc
00490090,이지케어텍,20250605000290,주주총회소집공고,20250605,kosdaq
00124726,빙그레,20250605000279,주주총회소집공고,20250605,kospi
00110875,대신정보통신,20250605000068,주주총회소집공고,20250605,kosdaq
00400060,이씨에스,20250605000045,주주총회소집공고,20250605,kosdaq
00356839,메디콕스,20250604000298,주주총회소집공고,20250605,kosdaq
01276594,신한알파리츠,20250604000283,[기재정정]주주총회소집공고,20250604,kospi
01535150,SK리츠,20250604000236,주주총회소집공고,20250604,kospi
01276594,신한알파리츠,20250604000153,주주총회소집공고,20250604,kospi
00297448,플래스크,20250602001189,주주총회소집공고,20250602,kosdaq
01442966,마스턴프리미어리츠,20250602001033,[기재정정]주주총회소집공고,20250602,kospi
00106614,기신정기,20250602000962,주주총회소집공고,20250602,kospi
01680131,아이오바이오,20250602000915,주주총회소집공고,20250602,konex
00548519,큐러블,20250602000746,주주총회소집공고,20250602,etc
01442966,마스턴프리미어리츠,20250602000724,주주총회소집공고,20250602,kospi
00114154,디와이덕양,20250602000717,주주총회소집공고,20250602,kospi
00530413,더코디,20250602000636,[기재정정]주주총회소집공고,20250602,kosdaq
00390408,인크레더블버즈,20250602000343,주주총회소집공고,20250602,kosdaq
00938688,SBI핀테크솔루션즈,20250530001756,주주총회소집공고,20250530,etc
00353610,이니텍,20250530000026,[기재정정]주주총회소집공고,20250530,kosdaq
00353610,이니텍,20250529000728,주주총회소집공고,20250529,kosdaq
00103662,광명전기,20250529000723,주주총회소집공고,20250529,kospi
00863038,캐리,20250529000717,[기재정정]주주총회소집공고,20250529,kosdaq
00545114,랩지노믹스,20250529000444,주주총회소집공고,20250529,kosdaq
01605282,닷밀,20250529000352,주주총회소집공고,20250529,kosdaq
00197759,미래산업,20250529000160,[기재정정]주주총회소집공고,20250529,kospi
00136776,차AI헬스케어,20250528000658,주주총회소집공고,20250528,kospi
00435969,인피니트헬스케어,20250528000654,주주총회소집공고,20250528,kosdaq
00863038,캐리,20250528000649,주주총회소집공고,20250528,kosdaq
01475609,디앤디플랫폼리츠,20250527000517,주주총회소집공고,20250527,kospi
00372129,전진건설로봇,20250527000230,주주총회소집공고,20250527,kospi
00370200,아이로보틱스,20250527000139,[기재정정]주주총회소집공고,20250527,kosdaq
00340917,동원F&B,20250527000027,주주총회소집공고,20250527,etc
00118026,동원산업,20250527000022,주주총회소집공고,20250527,kospi
00666329,코나솔,20250526000451,주주총회소집공고,20250526,konex
00530413,더코디,20250526000351,[기재정정]주주총회소집공고,20250526,kosdaq
00180865,디에이치엑스컴퍼니,20250523000614,주주총회소집공고,20250523,kosdaq
00139454,애경산업,20250523000441,주주총회소집공고,20250523,kospi
01513699,포바이포,20250523000424,주주총회소집공고,20250523,kosdaq
01419205,피앤에스로보틱스,20250523000126,주주총회소집공고,20250523,kosdaq
00127158,씨아이테크,20250522000232,주주총회소집공고,20250522,kospi
01290248,스코넥,20250521000445,주주총회소집공고,20250521,kosdaq
00583026,멤레이비티,20250521000282,[기재정정]주주총회소집공고,20250521,kosdaq
01579570,시큐레터,20250521000226,주주총회소집공고,20250521,kosdaq
01592049,엔젤로보틱스,20250521000064,주주총회소집공고,20250521,kosdaq
00608839,에이루트,20250520000334,주주총회소집공고,20250520,kosdaq
00671376,트리니티항공,20250520000317,[기재정정]주주총회소집공고,20250520,kospi
00259253,피케이밸브앤엔지니어링,20250520000300,[기재정정]주주총회소집공고,20250520,etc
00109514,티웨이홀딩스,20250520000224,[기재정정]주주총회소집공고,20250520,kospi
00151605,청보,20250519000242,주주총회소집공고,20250519,kosdaq
00370200,아이로보틱스,20250519000045,[기재정정]주주총회소집공고,20250519,kosdaq
00370200,아이로보틱스,20250516000452,주주총회소집공고,20250516,kosdaq
00259253,피케이밸브앤엔지니어링,20250516000331,주주총회소집공고,20250516,etc
01344831,딥노이드,20250516000112,주주총회소집공고,20250516,kosdaq
01394377,이지스밸류플러스리츠,20250515002392,주주총회소집공고,20250515,kospi
00543204,아이오케이이엔엠,20250515002391,주주총회소집공고,20250515,kosdaq
00416414,넥스턴앤롤코리아,20250515001628,주주총회소집공고,20250515,kosdaq
00215976,무궁화인포메이션테크놀로지,20250515001369,주주총회소집공고,20250515,etc
00131939,선도전기,20250515001003,주주총회소집공고,20250515,kospi
00166333,화신테크,20250515000279,주주총회소집공고,20250515,etc
00605124,알파칩스,20250515000059,주주총회소집공고,20250515,kosdaq
01170962,GRT,20250514000817,주주총회소집공고,20250514,kosdaq
00876643,캐프,20250514000740,주주총회소집공고,20250514,kosdaq
01041828,JTC,20250514000711,주주총회소집공고,20250514,kosdaq
00141477,영흥,20250514000289,주주총회소집공고,20250514,kospi
01135084,에스와이스틸텍,20250514000240,주주총회소집공고,20250514,kosdaq
00153375,태광,20250514000044,주주총회소집공고,20250514,kosdaq
01036367,아크솔루션스,20250513000801,[기재정정]주주총회소집공고,20250513,etc
00159193,한국전력공사,20250513000748,주주총회소집공고,20250513,kospi
00197759,미래산업,20250513000500,주주총회소집공고,20250513,kospi
00923826,일월지엠엘,20250513000416,주주총회소집공고,20250513,kosdaq
00173591,세원물산,20250512000664,주주총회소집공고,20250512,kosdaq
01616482,신한제10호기업인수목적,20250512000618,주주총회소집공고,20250512,etc
01036367,아크솔루션스,20250512000613,주주총회소집공고,20250512,etc
00353878,다스코,20250512000470,주주총회소집공고,20250512,kospi
00548519,큐러블,20250512000307,[기재정정]주주총회소집공고,20250512,etc
00977641,하이로닉,20250509000696,주주총회소집공고,20250509,kosdaq
01085026,유진테크놀로지,20250509000216,주주총회소집공고,20250509,kosdaq
00249441,씨씨에스,20250508000674,[기재정정]주주총회소집공고,20250508,kosdaq
00109514,티웨이홀딩스,20250508000460,주주총회소집공고,20250508,kospi
00671376,트리니티항공,20250508000360,주주총회소집공고,20250508,kospi
01393721,포커스에이아이,20250508000166,주주총회소집공고,20250508,kosdaq
01624162,삼성기업인수목적6호,20250507000714,주주총회소집공고,20250508,etc
01180118,코람코더원리츠,20250507000650,주주총회소집공고,20250507,kospi
00583026,멤레이비티,20250507000580,주주총회소집공고,20250507,kosdaq
01714997,신한글로벌액티브리츠,20250507000435,주주총회소집공고,20250507,kospi
01136348,나무AX,20250507000090,주주총회소집공고,20250507,kosdaq
01810796,케이비제28호기업인수목적,20250507000032,주주총회소집공고,20250507,etc
01207761,프로브잇,20250502000424,주주총회소집공고,20250502,etc
01136977,마녀공장,20250502000102,주주총회소집공고,20250502,kosdaq
01097906,케이에이치건설,20250430001282,주주총회소집공고,20250430,etc
01267684,쿠쿠홈시스,20250430001274,주주총회소집공고,20250430,kospi
00391197,하이퍼코퍼레이션,20250430001097,주주총회소집공고,20250430,kosdaq
00230814,휴림에이텍,20250430001033,주주총회소집공고,20250430,kosdaq
00125965,케이에이치미래물산,20250430000931,주주총회소집공고,20250430,etc
01366824,제이엠멀티,20250430000928,[기재정정]주주총회소집공고,20250430,konex
00154426,아이에이치큐,20250430000927,주주총회소집공고,20250430,etc
00193009,케이에이치필룩스,20250430000644,주주총회소집공고,20250430,etc
01027794,브이원텍,20250430000080,주주총회소집공고,20250430,kosdaq
00762377,씨앗,20250429000790,주주총회소집공고,20250429,konex
00137207,유니켐,20250429000451,주주총회소집공고,20250429,kospi
01563922,엠오티,20250429000082,주주총회소집공고,20250429,kosdaq
01309795,아틀라스링크,20250429000069,주주총회소집공고,20250429,kosdaq
00548519,큐러블,20250428000639,주주총회소집공고,20250428,etc
00132354,쿠쿠홀딩스,20250428000518,주주총회소집공고,20250428,kospi
00755739,파인테크닉스,20250428000443,주주총회소집공고,20250428,kosdaq
01110474,풍전약품,20250425000699,주주총회소집공고,20250425,kosdaq
00106881,인디에프,20250425000680,주주총회소집공고,20250425,kospi
01416642,다보링크,20250425000037,[기재정정]주주총회소집공고,20250425,kosdaq
01170962,GRT,20250424000523,주주총회소집공고,20250424,kosdaq
01416642,다보링크,20250424000480,주주총회소집공고,20250424,kosdaq
00249441,씨씨에스,20250424000467,주주총회소집공고,20250424,kosdaq
00357607,케이피티유,20250424000410,주주총회소집공고,20250424,kosdaq
00661157,인트로메딕,20250424000361,주주총회소집공고,20250424,etc
01480708,HEM파마,20250423000462,주주총회소집공고,20250423,kosdaq
00364254,알티캐스트,20250423000274,주주총회소집공고,20250423,kosdaq
01867758,한화비전,20250422000366,주주총회소집공고,20250422,kospi
01663639,유안타제9호기업인수목적,20250422000190,주주총회소집공고,20250422,etc
00910202,대동고려삼,20250422000125,주주총회소집공고,20250422,konex
00530413,더코디,20250421000392,[기재정정]주주총회소집공고,20250421,kosdaq
01160512,헝셩그룹,20250421000268,[기재정정]주주총회소집공고,20250421,kosdaq
00862880,새빗켐,20250421000225,주주총회소집공고,20250421,kosdaq
00131018,서울제약,20250418000544,[기재정정]주주총회소집공고,20250418,kosdaq
01169434,오가닉티코스메틱,20250417000278,[기재정정]주주총회소집공고,20250417,kosdaq
00946030,로보티즈,20250417000277,주주총회소집공고,20250417,kosdaq
00120030,GS건설,20250416000329,주주총회소집공고,20250416,kospi
00799070,딥커머스,20250416000236,[기재정정]주주총회소집공고,20250416,kosdaq
00302582,캐스텍코리아,20250415000480,[기재정정]주주총회소집공고,20250415,kosdaq
00230036,드래곤플라이,20250415000451,[기재정정]주주총회소집공고,20250415,kosdaq
00663289,위월드,20250415000396,주주총회소집공고,20250415,konex
01236286,컬러레이,20250415000368,주주총회소집공고,20250415,kosdaq
00100601,강원에너지,20250415000354,주주총회소집공고,20250415,kosdaq
00317487,티에스넥스젠,20250415000314,주주총회소집공고,20250415,kosdaq
00781202,파이온엑스,20250415000267,주주총회소집공고,20250415,kosdaq
00149026,CS홀딩스,20250415000206,주주총회소집공고,20250415,kospi
00796994,조선선재,20250415000203,주주총회소집공고,20250415,kospi
00302582,캐스텍코리아,20250414002574,[기재정정]주주총회소집공고,20250414,kosdaq
01622720,KB스타리츠,20250411002372,[기재정정]주주총회소집공고,20250411,kospi
00197476,코엔텍,20250411001750,주주총회소집공고,20250411,etc
00530413,더코디,20250410003114,주주총회소집공고,20250410,kosdaq
01786514,삼성기업인수목적9호,20250410002702,[기재정정]주주총회소집공고,20250410,etc
00106623,현대위아,20250410000677,주주총회소집공고,20250410,kospi
01328639,윙입푸드,20250408003419,주주총회소집공고,20250409,kosdaq
01182444,셀리버리,20250408002673,[기재정정]주주총회소집공고,20250408,etc
01622720,KB스타리츠,20250408001950,주주총회소집공고,20250408,kospi
01688896,삼성FN리츠,20250407001905,주주총회소집공고,20250407,kospi
01182444,셀리버리,20250407001424,[기재정정]주주총회소집공고,20250407,etc
01107665,크리스탈신소재,20250404003114,주주총회소집공고,20250404,kosdaq
00557933,진도,20250404002192,[기재정정]주주총회소집공고,20250404,kospi
01182444,셀리버리,20250403003645,[기재정정]주주총회소집공고,20250403,etc
01416235,고스트스튜디오,20250403003493,주주총회소집공고,20250403,kosdaq
01160512,헝셩그룹,20250403003288,주주총회소집공고,20250403,kosdaq
01169434,오가닉티코스메틱,20250403002954,주주총회소집공고,20250403,kosdaq
00557933,진도,20250403000504,주주총회소집공고,20250403,kospi
00799070,딥커머스,20250402002621,주주총회소집공고,20250402,kosdaq
01182444,셀리버리,20250402001332,[기재정정]주주총회소집공고,20250402,etc
01182444,셀리버리,20250401004159,주주총회소집공고,20250401,etc
01139266,로스웰,20250401002693,주주총회소집공고,20250401,kosdaq
