theme,2026H1reg,2025H1reg,2026post,2025post
AI(인공지능),55,19,31,18
로봇,52,14,28,10
데이터센터,16,3,16,2
클라우드·SW·빅데이터,77,37,45,28
반도체,17,9,8,2
원전·원자력,2,1,1,3
방산,16,3,6,3
우주항공,19,6,6,7
드론·UAM,4,6,3,7
디지털자산·블록체인·STO(스테이블코인),18,4,4,14
전자지급·결제(PG·선불),7,2,1,0
바이오·헬스케어,71,65,31,20
반려동물(펫),3,4,6,0
2차전지·배터리,17,21,7,6
신재생·에너지·전력,66,36,19,15
희토류·핵심광물·소재,12,7,2,4
모빌리티·전기차·자율주행,16,13,13,9
양자,2,1,0,0
조선·해양,10,9,2,4
부동산·임대·건설,70,48,23,22
엔터·콘텐츠·게임,37,20,21,15
화장품·뷰티,35,28,18,8
식품·농업·외식,44,42,22,14
투자·금융,16,10,7,18
탄소·환경,26,18,19,12
교육,26,12,10,10
